payment_id,customer_id,month,amount,status
PAY000001,CUST0001,2025-01-01,99,paid
PAY000002,CUST0001,2025-02-01,99,paid
PAY000003,CUST0001,2025-03-01,99,paid
PAY000004,CUST0001,2025-04-01,99,paid
PAY000005,CUST0001,2025-05-01,99,paid
PAY000006,CUST0001,2025-06-01,99,paid
PAY000007,CUST0001,2025-07-01,99,paid
PAY000008,CUST0001,2025-08-01,99,paid
PAY000009,CUST0001,2025-09-01,99,paid
PAY000010,CUST0001,2025-10-01,99,paid
PAY000011,CUST0001,2025-11-01,99,paid
PAY000012,CUST0001,2025-12-01,99,paid
PAY000013,CUST0002,2024-10-01,29,paid
PAY000014,CUST0002,2024-11-01,29,paid
PAY000015,CUST0002,2024-12-01,29,paid
PAY000016,CUST0002,2025-01-01,29,paid
PAY000017,CUST0002,2025-02-01,29,paid
PAY000018,CUST0002,2025-03-01,29,paid
PAY000019,CUST0002,2025-04-01,29,paid
PAY000020,CUST0002,2025-05-01,29,paid
PAY000021,CUST0002,2025-06-01,29,paid
PAY000022,CUST0002,2025-07-01,29,paid
PAY000023,CUST0002,2025-08-01,29,paid
PAY000024,CUST0002,2025-09-01,29,paid
PAY000025,CUST0002,2025-10-01,29,paid
PAY000026,CUST0002,2025-11-01,29,paid
PAY000027,CUST0003,2025-01-01,29,paid
PAY000028,CUST0003,2025-02-01,29,paid
PAY000029,CUST0003,2025-03-01,29,paid
PAY000030,CUST0003,2025-04-01,29,paid
PAY000031,CUST0003,2025-05-01,29,paid
PAY000032,CUST0003,2025-06-01,29,paid
PAY000033,CUST0003,2025-07-01,99,paid
PAY000034,CUST0003,2025-08-01,99,paid
PAY000035,CUST0003,2025-09-01,99,paid
PAY000036,CUST0003,2025-10-01,99,paid
PAY000037,CUST0003,2025-11-01,99,paid
PAY000038,CUST0003,2025-12-01,99,paid
PAY000039,CUST0004,2024-06-01,99,paid
PAY000040,CUST0004,2024-07-01,99,paid
PAY000041,CUST0004,2024-08-01,99,paid
PAY000042,CUST0005,2025-08-01,99,paid
PAY000043,CUST0005,2025-09-01,99,paid
PAY000044,CUST0005,2025-10-01,99,paid
PAY000045,CUST0005,2025-11-01,99,paid
PAY000046,CUST0005,2025-12-01,99,paid
PAY000047,CUST0006,2024-04-01,99,paid
PAY000048,CUST0006,2024-05-01,99,paid
PAY000049,CUST0006,2024-06-01,99,paid
PAY000050,CUST0006,2024-07-01,99,paid
PAY000051,CUST0006,2024-08-01,99,paid
PAY000052,CUST0006,2024-09-01,99,paid
PAY000053,CUST0006,2024-10-01,99,paid
PAY000054,CUST0006,2024-11-01,99,paid
PAY000055,CUST0006,2024-12-01,99,paid
PAY000056,CUST0006,2025-01-01,99,paid
PAY000057,CUST0006,2025-02-01,99,paid
PAY000058,CUST0006,2025-03-01,99,paid
PAY000059,CUST0006,2025-04-01,99,paid
PAY000060,CUST0006,2025-05-01,99,paid
PAY000061,CUST0006,2025-06-01,99,paid
PAY000062,CUST0006,2025-07-01,99,paid
PAY000063,CUST0006,2025-08-01,99,paid
PAY000064,CUST0006,2025-09-01,99,paid
PAY000065,CUST0006,2025-10-01,99,paid
PAY000066,CUST0006,2025-11-01,99,paid
PAY000067,CUST0006,2025-12-01,99,paid
PAY000068,CUST0007,2025-05-01,29,paid
PAY000069,CUST0007,2025-06-01,29,paid
PAY000070,CUST0007,2025-07-01,29,paid
PAY000071,CUST0007,2025-08-01,29,paid
PAY000072,CUST0008,2024-07-01,29,paid
PAY000073,CUST0008,2024-08-01,29,paid
PAY000074,CUST0008,2024-09-01,29,paid
PAY000075,CUST0008,2024-10-01,29,paid
PAY000076,CUST0008,2024-11-01,29,paid
PAY000077,CUST0008,2024-12-01,29,paid
PAY000078,CUST0008,2025-01-01,99,paid
PAY000079,CUST0008,2025-02-01,99,paid
PAY000080,CUST0008,2025-03-01,99,paid
PAY000081,CUST0008,2025-04-01,99,paid
PAY000082,CUST0008,2025-05-01,99,paid
PAY000083,CUST0008,2025-06-01,99,paid
PAY000084,CUST0008,2025-07-01,99,paid
PAY000085,CUST0008,2025-08-01,99,paid
PAY000086,CUST0008,2025-09-01,99,paid
PAY000087,CUST0008,2025-10-01,99,paid
PAY000088,CUST0008,2025-11-01,99,paid
PAY000089,CUST0008,2025-12-01,99,paid
PAY000090,CUST0009,2024-08-01,99,paid
PAY000091,CUST0009,2024-09-01,99,paid
PAY000092,CUST0009,2024-10-01,99,paid
PAY000093,CUST0009,2024-11-01,99,paid
PAY000094,CUST0010,2025-03-01,99,paid
PAY000095,CUST0010,2025-04-01,99,paid
PAY000096,CUST0010,2025-05-01,99,failed
PAY000097,CUST0010,2025-06-01,99,failed
PAY000098,CUST0010,2025-07-01,99,paid
PAY000099,CUST0010,2025-08-01,99,paid
PAY000100,CUST0010,2025-09-01,99,paid
PAY000101,CUST0010,2025-10-01,99,paid
PAY000102,CUST0010,2025-11-01,99,paid
PAY000103,CUST0010,2025-12-01,99,paid
PAY000104,CUST0011,2025-07-01,29,paid
PAY000105,CUST0011,2025-08-01,29,paid
PAY000106,CUST0011,2025-09-01,29,paid
PAY000107,CUST0011,2025-10-01,29,paid
PAY000108,CUST0011,2025-11-01,29,paid
PAY000109,CUST0011,2025-12-01,29,paid
PAY000110,CUST0012,2024-08-01,299,paid
PAY000111,CUST0012,2024-09-01,299,paid
PAY000112,CUST0012,2024-10-01,299,failed
PAY000113,CUST0012,2024-11-01,299,failed
PAY000114,CUST0012,2024-12-01,299,paid
PAY000115,CUST0012,2025-01-01,299,paid
PAY000116,CUST0012,2025-02-01,299,paid
PAY000117,CUST0012,2025-03-01,299,paid
PAY000118,CUST0012,2025-04-01,299,paid
PAY000119,CUST0012,2025-05-01,299,paid
PAY000120,CUST0012,2025-06-01,299,paid
PAY000121,CUST0012,2025-07-01,299,paid
PAY000122,CUST0012,2025-08-01,299,paid
PAY000123,CUST0012,2025-09-01,299,paid
PAY000124,CUST0012,2025-10-01,299,paid
PAY000125,CUST0012,2025-11-01,299,paid
PAY000126,CUST0012,2025-12-01,299,paid
PAY000127,CUST0013,2024-11-01,299,paid
PAY000128,CUST0013,2024-12-01,299,paid
PAY000129,CUST0013,2025-01-01,299,paid
PAY000130,CUST0013,2025-02-01,299,paid
PAY000131,CUST0013,2025-03-01,299,paid
PAY000132,CUST0013,2025-04-01,299,paid
PAY000133,CUST0013,2025-05-01,299,paid
PAY000134,CUST0013,2025-06-01,299,paid
PAY000135,CUST0013,2025-07-01,299,paid
PAY000136,CUST0013,2025-08-01,299,paid
PAY000137,CUST0013,2025-09-01,299,failed
PAY000138,CUST0013,2025-10-01,299,paid
PAY000139,CUST0013,2025-11-01,299,paid
PAY000140,CUST0013,2025-12-01,299,paid
PAY000141,CUST0014,2024-10-01,99,paid
PAY000142,CUST0014,2024-11-01,99,paid
PAY000143,CUST0014,2024-12-01,99,paid
PAY000144,CUST0014,2025-01-01,99,paid
PAY000145,CUST0014,2025-02-01,99,paid
PAY000146,CUST0014,2025-03-01,99,paid
PAY000147,CUST0014,2025-04-01,99,paid
PAY000148,CUST0014,2025-05-01,99,paid
PAY000149,CUST0014,2025-06-01,99,paid
PAY000150,CUST0014,2025-07-01,99,paid
PAY000151,CUST0014,2025-08-01,99,paid
PAY000152,CUST0014,2025-09-01,99,paid
PAY000153,CUST0014,2025-10-01,99,paid
PAY000154,CUST0014,2025-11-01,99,paid
PAY000155,CUST0014,2025-12-01,99,paid
PAY000156,CUST0015,2025-01-01,99,paid
PAY000157,CUST0015,2025-02-01,99,paid
PAY000158,CUST0015,2025-03-01,99,paid
PAY000159,CUST0015,2025-04-01,99,paid
PAY000160,CUST0015,2025-05-01,99,paid
PAY000161,CUST0015,2025-06-01,99,paid
PAY000162,CUST0015,2025-07-01,299,paid
PAY000163,CUST0015,2025-08-01,299,paid
PAY000164,CUST0015,2025-09-01,299,paid
PAY000165,CUST0015,2025-10-01,299,paid
PAY000166,CUST0015,2025-11-01,299,paid
PAY000167,CUST0015,2025-12-01,299,paid
PAY000168,CUST0016,2024-11-01,299,paid
PAY000169,CUST0016,2024-12-01,299,paid
PAY000170,CUST0016,2025-01-01,299,paid
PAY000171,CUST0016,2025-02-01,299,paid
PAY000172,CUST0016,2025-03-01,299,paid
PAY000173,CUST0016,2025-04-01,299,paid
PAY000174,CUST0016,2025-05-01,299,paid
PAY000175,CUST0016,2025-06-01,299,paid
PAY000176,CUST0016,2025-07-01,299,paid
PAY000177,CUST0016,2025-08-01,299,paid
PAY000178,CUST0016,2025-09-01,299,paid
PAY000179,CUST0016,2025-10-01,299,paid
PAY000180,CUST0016,2025-11-01,299,paid
PAY000181,CUST0016,2025-12-01,299,paid
PAY000182,CUST0017,2024-09-01,29,paid
PAY000183,CUST0017,2024-10-01,29,paid
PAY000184,CUST0017,2024-11-01,29,paid
PAY000185,CUST0017,2024-12-01,29,paid
PAY000186,CUST0017,2025-01-01,29,paid
PAY000187,CUST0017,2025-02-01,29,paid
PAY000188,CUST0017,2025-03-01,29,paid
PAY000189,CUST0017,2025-04-01,29,paid
PAY000190,CUST0017,2025-05-01,29,paid
PAY000191,CUST0017,2025-06-01,29,paid
PAY000192,CUST0017,2025-07-01,29,paid
PAY000193,CUST0017,2025-08-01,29,paid
PAY000194,CUST0017,2025-09-01,29,paid
PAY000195,CUST0017,2025-10-01,29,paid
PAY000196,CUST0017,2025-11-01,29,paid
PAY000197,CUST0018,2025-05-01,29,paid
PAY000198,CUST0018,2025-06-01,29,paid
PAY000199,CUST0018,2025-07-01,29,paid
PAY000200,CUST0018,2025-08-01,29,paid
PAY000201,CUST0018,2025-09-01,29,paid
PAY000202,CUST0019,2024-10-01,99,paid
PAY000203,CUST0019,2024-11-01,99,paid
PAY000204,CUST0019,2024-12-01,99,paid
PAY000205,CUST0019,2025-01-01,99,paid
PAY000206,CUST0019,2025-02-01,99,paid
PAY000207,CUST0019,2025-03-01,99,paid
PAY000208,CUST0019,2025-04-01,99,paid
PAY000209,CUST0019,2025-05-01,99,paid
PAY000210,CUST0019,2025-06-01,99,paid
PAY000211,CUST0019,2025-07-01,99,paid
PAY000212,CUST0019,2025-08-01,99,paid
PAY000213,CUST0019,2025-09-01,99,paid
PAY000214,CUST0019,2025-10-01,99,paid
PAY000215,CUST0019,2025-11-01,99,paid
PAY000216,CUST0019,2025-12-01,99,paid
PAY000217,CUST0020,2024-06-01,29,paid
PAY000218,CUST0020,2024-07-01,29,paid
PAY000219,CUST0020,2024-08-01,29,paid
PAY000220,CUST0020,2024-09-01,29,paid
PAY000221,CUST0020,2024-10-01,29,paid
PAY000222,CUST0021,2025-02-01,99,paid
PAY000223,CUST0021,2025-03-01,99,paid
PAY000224,CUST0022,2024-07-01,299,paid
PAY000225,CUST0022,2024-08-01,299,paid
PAY000226,CUST0022,2024-09-01,299,paid
PAY000227,CUST0022,2024-10-01,299,paid
PAY000228,CUST0022,2024-11-01,299,paid
PAY000229,CUST0022,2024-12-01,299,paid
PAY000230,CUST0022,2025-01-01,299,paid
PAY000231,CUST0022,2025-02-01,299,paid
PAY000232,CUST0022,2025-03-01,299,paid
PAY000233,CUST0022,2025-04-01,299,paid
PAY000234,CUST0022,2025-05-01,299,paid
PAY000235,CUST0022,2025-06-01,299,paid
PAY000236,CUST0022,2025-07-01,299,paid
PAY000237,CUST0022,2025-08-01,299,paid
PAY000238,CUST0022,2025-09-01,299,paid
PAY000239,CUST0022,2025-10-01,299,paid
PAY000240,CUST0022,2025-11-01,299,paid
PAY000241,CUST0022,2025-12-01,299,paid
PAY000242,CUST0023,2025-04-01,99,paid
PAY000243,CUST0023,2025-05-01,99,paid
PAY000244,CUST0023,2025-06-01,99,failed
PAY000245,CUST0023,2025-07-01,99,paid
PAY000246,CUST0023,2025-08-01,99,paid
PAY000247,CUST0023,2025-09-01,99,paid
PAY000248,CUST0023,2025-10-01,99,paid
PAY000249,CUST0023,2025-11-01,99,paid
PAY000250,CUST0023,2025-12-01,99,paid
PAY000251,CUST0024,2024-09-01,29,paid
PAY000252,CUST0024,2024-10-01,29,paid
PAY000253,CUST0024,2024-11-01,29,paid
PAY000254,CUST0024,2024-12-01,29,paid
PAY000255,CUST0024,2025-01-01,29,paid
PAY000256,CUST0025,2025-03-01,299,paid
PAY000257,CUST0025,2025-04-01,299,paid
PAY000258,CUST0025,2025-05-01,299,paid
PAY000259,CUST0025,2025-06-01,299,paid
PAY000260,CUST0025,2025-07-01,299,paid
PAY000261,CUST0025,2025-08-01,299,paid
PAY000262,CUST0025,2025-09-01,299,paid
PAY000263,CUST0025,2025-10-01,299,paid
PAY000264,CUST0025,2025-11-01,299,paid
PAY000265,CUST0025,2025-12-01,299,paid
PAY000266,CUST0026,2024-05-01,99,paid
PAY000267,CUST0026,2024-06-01,99,paid
PAY000268,CUST0027,2024-11-01,29,paid
PAY000269,CUST0027,2024-12-01,29,paid
PAY000270,CUST0027,2025-01-01,29,paid
PAY000271,CUST0027,2025-02-01,29,paid
PAY000272,CUST0027,2025-03-01,29,paid
PAY000273,CUST0027,2025-04-01,29,paid
PAY000274,CUST0027,2025-05-01,29,paid
PAY000275,CUST0027,2025-06-01,29,paid
PAY000276,CUST0027,2025-07-01,29,paid
PAY000277,CUST0027,2025-08-01,29,paid
PAY000278,CUST0027,2025-09-01,29,paid
PAY000279,CUST0027,2025-10-01,29,paid
PAY000280,CUST0027,2025-11-01,29,paid
PAY000281,CUST0027,2025-12-01,29,paid
PAY000282,CUST0028,2025-05-01,29,paid
PAY000283,CUST0028,2025-06-01,29,paid
PAY000284,CUST0029,2024-07-01,299,paid
PAY000285,CUST0029,2024-08-01,299,paid
PAY000286,CUST0029,2024-09-01,299,paid
PAY000287,CUST0029,2024-10-01,299,paid
PAY000288,CUST0029,2024-11-01,299,paid
PAY000289,CUST0029,2024-12-01,299,paid
PAY000290,CUST0029,2025-01-01,299,paid
PAY000291,CUST0029,2025-02-01,299,paid
PAY000292,CUST0029,2025-03-01,299,paid
PAY000293,CUST0029,2025-04-01,299,paid
PAY000294,CUST0029,2025-05-01,299,paid
PAY000295,CUST0029,2025-06-01,299,paid
PAY000296,CUST0029,2025-07-01,299,paid
PAY000297,CUST0029,2025-08-01,299,paid
PAY000298,CUST0029,2025-09-01,299,paid
PAY000299,CUST0029,2025-10-01,299,paid
PAY000300,CUST0029,2025-11-01,299,paid
PAY000301,CUST0029,2025-12-01,299,paid
PAY000302,CUST0030,2025-06-01,29,paid
PAY000303,CUST0030,2025-07-01,29,paid
PAY000304,CUST0030,2025-08-01,29,paid
PAY000305,CUST0030,2025-09-01,29,paid
PAY000306,CUST0030,2025-10-01,29,paid
PAY000307,CUST0031,2024-08-01,99,paid
PAY000308,CUST0031,2024-09-01,99,paid
PAY000309,CUST0031,2024-10-01,99,paid
PAY000310,CUST0031,2024-11-01,99,paid
PAY000311,CUST0031,2024-12-01,99,paid
PAY000312,CUST0031,2025-01-01,99,paid
PAY000313,CUST0031,2025-02-01,299,paid
PAY000314,CUST0031,2025-03-01,299,paid
PAY000315,CUST0031,2025-04-01,299,paid
PAY000316,CUST0031,2025-05-01,299,paid
PAY000317,CUST0031,2025-06-01,299,paid
PAY000318,CUST0031,2025-07-01,299,paid
PAY000319,CUST0031,2025-08-01,299,paid
PAY000320,CUST0031,2025-09-01,299,paid
PAY000321,CUST0031,2025-10-01,299,paid
PAY000322,CUST0031,2025-11-01,299,paid
PAY000323,CUST0031,2025-12-01,299,paid
PAY000324,CUST0032,2024-11-01,299,paid
PAY000325,CUST0032,2024-12-01,299,paid
PAY000326,CUST0032,2025-01-01,299,paid
PAY000327,CUST0032,2025-02-01,299,paid
PAY000328,CUST0032,2025-03-01,299,paid
PAY000329,CUST0032,2025-04-01,299,paid
PAY000330,CUST0032,2025-05-01,299,paid
PAY000331,CUST0032,2025-06-01,299,paid
PAY000332,CUST0032,2025-07-01,299,paid
PAY000333,CUST0032,2025-08-01,299,paid
PAY000334,CUST0032,2025-09-01,299,paid
PAY000335,CUST0032,2025-10-01,299,paid
PAY000336,CUST0032,2025-11-01,299,paid
PAY000337,CUST0032,2025-12-01,299,paid
PAY000338,CUST0033,2025-07-01,299,paid
PAY000339,CUST0033,2025-08-01,299,paid
PAY000340,CUST0033,2025-09-01,299,paid
PAY000341,CUST0033,2025-10-01,299,paid
PAY000342,CUST0033,2025-11-01,299,paid
PAY000343,CUST0033,2025-12-01,299,paid
PAY000344,CUST0034,2024-09-01,299,paid
PAY000345,CUST0034,2024-10-01,299,paid
PAY000346,CUST0034,2024-11-01,299,paid
PAY000347,CUST0034,2024-12-01,299,paid
PAY000348,CUST0034,2025-01-01,299,paid
PAY000349,CUST0034,2025-02-01,299,paid
PAY000350,CUST0034,2025-03-01,299,paid
PAY000351,CUST0034,2025-04-01,299,paid
PAY000352,CUST0034,2025-05-01,299,paid
PAY000353,CUST0034,2025-06-01,299,paid
PAY000354,CUST0034,2025-07-01,299,paid
PAY000355,CUST0034,2025-08-01,299,paid
PAY000356,CUST0034,2025-09-01,299,paid
PAY000357,CUST0034,2025-10-01,299,paid
PAY000358,CUST0034,2025-11-01,299,paid
PAY000359,CUST0034,2025-12-01,299,paid
PAY000360,CUST0035,2025-07-01,99,paid
PAY000361,CUST0035,2025-08-01,99,paid
PAY000362,CUST0035,2025-09-01,99,paid
PAY000363,CUST0035,2025-10-01,99,paid
PAY000364,CUST0035,2025-11-01,99,paid
PAY000365,CUST0035,2025-12-01,99,paid
PAY000366,CUST0036,2024-07-01,299,paid
PAY000367,CUST0036,2024-08-01,299,paid
PAY000368,CUST0036,2024-09-01,299,paid
PAY000369,CUST0036,2024-10-01,299,paid
PAY000370,CUST0036,2024-11-01,299,paid
PAY000371,CUST0036,2024-12-01,299,paid
PAY000372,CUST0036,2025-01-01,299,paid
PAY000373,CUST0036,2025-02-01,299,paid
PAY000374,CUST0036,2025-03-01,299,paid
PAY000375,CUST0036,2025-04-01,299,paid
PAY000376,CUST0036,2025-05-01,299,paid
PAY000377,CUST0036,2025-06-01,299,paid
PAY000378,CUST0036,2025-07-01,299,paid
PAY000379,CUST0036,2025-08-01,299,paid
PAY000380,CUST0036,2025-09-01,299,paid
PAY000381,CUST0036,2025-10-01,299,failed
PAY000382,CUST0036,2025-11-01,299,paid
PAY000383,CUST0036,2025-12-01,299,paid
PAY000384,CUST0037,2024-08-01,99,paid
PAY000385,CUST0037,2024-09-01,99,paid
PAY000386,CUST0037,2024-10-01,99,paid
PAY000387,CUST0037,2024-11-01,99,paid
PAY000388,CUST0037,2024-12-01,99,paid
PAY000389,CUST0037,2025-01-01,99,paid
PAY000390,CUST0037,2025-02-01,99,paid
PAY000391,CUST0037,2025-03-01,99,paid
PAY000392,CUST0037,2025-04-01,99,paid
PAY000393,CUST0037,2025-05-01,99,paid
PAY000394,CUST0038,2024-06-01,299,paid
PAY000395,CUST0038,2024-07-01,299,paid
PAY000396,CUST0038,2024-08-01,299,paid
PAY000397,CUST0038,2024-09-01,299,paid
PAY000398,CUST0038,2024-10-01,299,paid
PAY000399,CUST0038,2024-11-01,299,paid
PAY000400,CUST0038,2024-12-01,299,paid
PAY000401,CUST0038,2025-01-01,299,paid
PAY000402,CUST0038,2025-02-01,299,paid
PAY000403,CUST0038,2025-03-01,299,paid
PAY000404,CUST0038,2025-04-01,299,paid
PAY000405,CUST0038,2025-05-01,299,paid
PAY000406,CUST0038,2025-06-01,299,paid
PAY000407,CUST0038,2025-07-01,299,paid
PAY000408,CUST0038,2025-08-01,299,paid
PAY000409,CUST0038,2025-09-01,299,paid
PAY000410,CUST0038,2025-10-01,299,paid
PAY000411,CUST0038,2025-11-01,299,paid
PAY000412,CUST0038,2025-12-01,299,paid
PAY000413,CUST0039,2025-03-01,29,paid
PAY000414,CUST0039,2025-04-01,29,paid
PAY000415,CUST0039,2025-05-01,29,paid
PAY000416,CUST0039,2025-06-01,29,paid
PAY000417,CUST0039,2025-07-01,29,paid
PAY000418,CUST0039,2025-08-01,29,paid
PAY000419,CUST0039,2025-09-01,99,paid
PAY000420,CUST0039,2025-10-01,99,paid
PAY000421,CUST0039,2025-11-01,99,paid
PAY000422,CUST0039,2025-12-01,99,paid
PAY000423,CUST0040,2025-02-01,99,paid
PAY000424,CUST0040,2025-03-01,99,paid
PAY000425,CUST0040,2025-04-01,99,paid
PAY000426,CUST0040,2025-05-01,99,paid
PAY000427,CUST0040,2025-06-01,99,paid
PAY000428,CUST0040,2025-07-01,99,paid
PAY000429,CUST0040,2025-08-01,99,paid
PAY000430,CUST0040,2025-09-01,99,paid
PAY000431,CUST0040,2025-10-01,99,paid
PAY000432,CUST0041,2025-07-01,29,paid
PAY000433,CUST0041,2025-08-01,29,paid
PAY000434,CUST0041,2025-09-01,29,paid
PAY000435,CUST0041,2025-10-01,29,paid
PAY000436,CUST0042,2024-06-01,29,failed
PAY000437,CUST0042,2024-07-01,29,paid
PAY000438,CUST0042,2024-08-01,29,paid
PAY000439,CUST0042,2024-09-01,29,paid
PAY000440,CUST0042,2024-10-01,29,paid
PAY000441,CUST0042,2024-11-01,29,paid
PAY000442,CUST0042,2024-12-01,29,paid
PAY000443,CUST0042,2025-01-01,29,paid
PAY000444,CUST0042,2025-02-01,29,paid
PAY000445,CUST0042,2025-03-01,29,paid
PAY000446,CUST0042,2025-04-01,29,paid
PAY000447,CUST0042,2025-05-01,29,paid
PAY000448,CUST0043,2024-11-01,99,paid
PAY000449,CUST0043,2024-12-01,99,paid
PAY000450,CUST0043,2025-01-01,99,paid
PAY000451,CUST0043,2025-02-01,99,paid
PAY000452,CUST0043,2025-03-01,99,paid
PAY000453,CUST0043,2025-04-01,99,paid
PAY000454,CUST0043,2025-05-01,99,paid
PAY000455,CUST0043,2025-06-01,99,paid
PAY000456,CUST0043,2025-07-01,99,paid
PAY000457,CUST0043,2025-08-01,99,paid
PAY000458,CUST0043,2025-09-01,99,paid
PAY000459,CUST0043,2025-10-01,99,paid
PAY000460,CUST0043,2025-11-01,99,failed
PAY000461,CUST0043,2025-12-01,99,paid
PAY000462,CUST0044,2024-10-01,99,paid
PAY000463,CUST0044,2024-11-01,99,paid
PAY000464,CUST0044,2024-12-01,99,paid
PAY000465,CUST0044,2025-01-01,99,paid
PAY000466,CUST0044,2025-02-01,99,paid
PAY000467,CUST0044,2025-03-01,99,paid
PAY000468,CUST0044,2025-04-01,99,paid
PAY000469,CUST0044,2025-05-01,99,paid
PAY000470,CUST0044,2025-06-01,99,paid
PAY000471,CUST0044,2025-07-01,99,paid
PAY000472,CUST0044,2025-08-01,99,paid
PAY000473,CUST0045,2024-11-01,99,paid
PAY000474,CUST0045,2024-12-01,99,paid
PAY000475,CUST0045,2025-01-01,99,paid
PAY000476,CUST0045,2025-02-01,99,paid
PAY000477,CUST0045,2025-03-01,99,paid
PAY000478,CUST0045,2025-04-01,99,paid
PAY000479,CUST0045,2025-05-01,99,paid
PAY000480,CUST0045,2025-06-01,99,paid
PAY000481,CUST0045,2025-07-01,99,paid
PAY000482,CUST0045,2025-08-01,99,paid
PAY000483,CUST0045,2025-09-01,99,paid
PAY000484,CUST0045,2025-10-01,99,paid
PAY000485,CUST0046,2025-02-01,299,paid
PAY000486,CUST0046,2025-03-01,299,paid
PAY000487,CUST0046,2025-04-01,299,paid
PAY000488,CUST0046,2025-05-01,299,paid
PAY000489,CUST0046,2025-06-01,299,paid
PAY000490,CUST0046,2025-07-01,299,paid
PAY000491,CUST0046,2025-08-01,299,paid
PAY000492,CUST0046,2025-09-01,299,paid
PAY000493,CUST0046,2025-10-01,299,paid
PAY000494,CUST0046,2025-11-01,299,paid
PAY000495,CUST0046,2025-12-01,299,paid
PAY000496,CUST0047,2024-10-01,99,paid
PAY000497,CUST0047,2024-11-01,99,paid
PAY000498,CUST0047,2024-12-01,99,paid
PAY000499,CUST0047,2025-01-01,99,paid
PAY000500,CUST0047,2025-02-01,99,paid
PAY000501,CUST0047,2025-03-01,99,paid
PAY000502,CUST0047,2025-04-01,99,paid
PAY000503,CUST0047,2025-05-01,99,paid
PAY000504,CUST0047,2025-06-01,99,paid
PAY000505,CUST0047,2025-07-01,99,paid
PAY000506,CUST0048,2024-03-01,99,paid
PAY000507,CUST0048,2024-04-01,99,paid
PAY000508,CUST0048,2024-05-01,99,paid
PAY000509,CUST0048,2024-06-01,99,paid
PAY000510,CUST0048,2024-07-01,99,paid
PAY000511,CUST0048,2024-08-01,99,paid
PAY000512,CUST0048,2024-09-01,99,paid
PAY000513,CUST0048,2024-10-01,99,paid
PAY000514,CUST0048,2024-11-01,99,paid
PAY000515,CUST0048,2024-12-01,99,paid
PAY000516,CUST0049,2025-04-01,99,paid
PAY000517,CUST0049,2025-05-01,99,paid
PAY000518,CUST0049,2025-06-01,99,paid
PAY000519,CUST0049,2025-07-01,99,paid
PAY000520,CUST0049,2025-08-01,99,paid
PAY000521,CUST0049,2025-09-01,99,paid
PAY000522,CUST0049,2025-10-01,99,paid
PAY000523,CUST0049,2025-11-01,99,paid
PAY000524,CUST0049,2025-12-01,99,paid
PAY000525,CUST0050,2024-10-01,29,paid
PAY000526,CUST0050,2024-11-01,29,paid
PAY000527,CUST0050,2024-12-01,29,failed
PAY000528,CUST0050,2025-01-01,29,paid
PAY000529,CUST0050,2025-02-01,29,paid
PAY000530,CUST0050,2025-03-01,29,paid
PAY000531,CUST0050,2025-04-01,29,paid
PAY000532,CUST0050,2025-05-01,29,paid
PAY000533,CUST0050,2025-06-01,29,paid
PAY000534,CUST0050,2025-07-01,29,paid
PAY000535,CUST0050,2025-08-01,29,paid
PAY000536,CUST0050,2025-09-01,29,paid
PAY000537,CUST0050,2025-10-01,29,paid
PAY000538,CUST0050,2025-11-01,29,paid
PAY000539,CUST0051,2025-01-01,29,paid
PAY000540,CUST0051,2025-02-01,29,paid
PAY000541,CUST0051,2025-03-01,29,paid
PAY000542,CUST0051,2025-04-01,29,paid
PAY000543,CUST0051,2025-05-01,29,paid
PAY000544,CUST0051,2025-06-01,29,paid
PAY000545,CUST0051,2025-07-01,29,paid
PAY000546,CUST0051,2025-08-01,29,paid
PAY000547,CUST0051,2025-09-01,29,paid
PAY000548,CUST0051,2025-10-01,29,paid
PAY000549,CUST0051,2025-11-01,29,paid
PAY000550,CUST0051,2025-12-01,29,paid
PAY000551,CUST0052,2024-06-01,299,paid
PAY000552,CUST0052,2024-07-01,299,paid
PAY000553,CUST0052,2024-08-01,299,paid
PAY000554,CUST0052,2024-09-01,299,failed
PAY000555,CUST0052,2024-10-01,299,paid
PAY000556,CUST0052,2024-11-01,299,paid
PAY000557,CUST0052,2024-12-01,299,paid
PAY000558,CUST0052,2025-01-01,299,paid
PAY000559,CUST0052,2025-02-01,299,paid
PAY000560,CUST0052,2025-03-01,299,paid
PAY000561,CUST0052,2025-04-01,299,paid
PAY000562,CUST0052,2025-05-01,299,paid
PAY000563,CUST0052,2025-06-01,299,paid
PAY000564,CUST0052,2025-07-01,299,paid
PAY000565,CUST0052,2025-08-01,299,paid
PAY000566,CUST0052,2025-09-01,299,paid
PAY000567,CUST0052,2025-10-01,299,paid
PAY000568,CUST0052,2025-11-01,299,paid
PAY000569,CUST0052,2025-12-01,299,paid
PAY000570,CUST0053,2024-11-01,29,paid
PAY000571,CUST0053,2024-12-01,29,paid
PAY000572,CUST0053,2025-01-01,29,paid
PAY000573,CUST0053,2025-02-01,29,paid
PAY000574,CUST0053,2025-03-01,29,paid
PAY000575,CUST0053,2025-04-01,29,paid
PAY000576,CUST0053,2025-05-01,29,paid
PAY000577,CUST0053,2025-06-01,29,paid
PAY000578,CUST0053,2025-07-01,29,paid
PAY000579,CUST0053,2025-08-01,29,paid
PAY000580,CUST0053,2025-09-01,29,paid
PAY000581,CUST0053,2025-10-01,29,paid
PAY000582,CUST0054,2025-01-01,299,paid
PAY000583,CUST0054,2025-02-01,299,paid
PAY000584,CUST0054,2025-03-01,299,paid
PAY000585,CUST0054,2025-04-01,299,paid
PAY000586,CUST0054,2025-05-01,299,paid
PAY000587,CUST0054,2025-06-01,299,paid
PAY000588,CUST0054,2025-07-01,299,paid
PAY000589,CUST0054,2025-08-01,299,paid
PAY000590,CUST0054,2025-09-01,299,paid
PAY000591,CUST0054,2025-10-01,299,paid
PAY000592,CUST0054,2025-11-01,299,paid
PAY000593,CUST0054,2025-12-01,299,paid
PAY000594,CUST0055,2024-10-01,29,paid
PAY000595,CUST0055,2024-11-01,29,paid
PAY000596,CUST0055,2024-12-01,29,paid
PAY000597,CUST0055,2025-01-01,29,paid
PAY000598,CUST0055,2025-02-01,29,paid
PAY000599,CUST0055,2025-03-01,29,paid
PAY000600,CUST0055,2025-04-01,29,paid
PAY000601,CUST0055,2025-05-01,29,paid
PAY000602,CUST0055,2025-06-01,29,paid
PAY000603,CUST0055,2025-07-01,29,paid
PAY000604,CUST0055,2025-08-01,29,paid
PAY000605,CUST0055,2025-09-01,29,paid
PAY000606,CUST0055,2025-10-01,29,paid
PAY000607,CUST0055,2025-11-01,29,paid
PAY000608,CUST0055,2025-12-01,29,paid
PAY000609,CUST0056,2025-01-01,99,paid
PAY000610,CUST0056,2025-02-01,99,paid
PAY000611,CUST0056,2025-03-01,99,paid
PAY000612,CUST0057,2024-11-01,299,paid
PAY000613,CUST0057,2024-12-01,299,paid
PAY000614,CUST0057,2025-01-01,299,paid
PAY000615,CUST0057,2025-02-01,299,paid
PAY000616,CUST0057,2025-03-01,299,paid
PAY000617,CUST0057,2025-04-01,299,paid
PAY000618,CUST0057,2025-05-01,299,paid
PAY000619,CUST0057,2025-06-01,299,paid
PAY000620,CUST0057,2025-07-01,299,paid
PAY000621,CUST0057,2025-08-01,299,paid
PAY000622,CUST0057,2025-09-01,299,paid
PAY000623,CUST0057,2025-10-01,299,paid
PAY000624,CUST0057,2025-11-01,299,paid
PAY000625,CUST0057,2025-12-01,299,paid
PAY000626,CUST0058,2025-01-01,29,paid
PAY000627,CUST0058,2025-02-01,29,paid
PAY000628,CUST0058,2025-03-01,29,paid
PAY000629,CUST0058,2025-04-01,29,paid
PAY000630,CUST0058,2025-05-01,29,paid
PAY000631,CUST0058,2025-06-01,29,paid
PAY000632,CUST0059,2024-03-01,299,paid
PAY000633,CUST0059,2024-04-01,299,paid
PAY000634,CUST0059,2024-05-01,299,paid
PAY000635,CUST0059,2024-06-01,299,paid
PAY000636,CUST0059,2024-07-01,299,paid
PAY000637,CUST0059,2024-08-01,299,paid
PAY000638,CUST0059,2024-09-01,299,paid
PAY000639,CUST0059,2024-10-01,299,paid
PAY000640,CUST0059,2024-11-01,299,paid
PAY000641,CUST0059,2024-12-01,299,paid
PAY000642,CUST0059,2025-01-01,299,paid
PAY000643,CUST0059,2025-02-01,299,paid
PAY000644,CUST0059,2025-03-01,299,paid
PAY000645,CUST0059,2025-04-01,299,paid
PAY000646,CUST0059,2025-05-01,299,paid
PAY000647,CUST0059,2025-06-01,299,paid
PAY000648,CUST0059,2025-07-01,299,paid
PAY000649,CUST0059,2025-08-01,299,paid
PAY000650,CUST0059,2025-09-01,299,paid
PAY000651,CUST0059,2025-10-01,299,paid
PAY000652,CUST0059,2025-11-01,299,paid
PAY000653,CUST0059,2025-12-01,299,paid
PAY000654,CUST0060,2024-07-01,99,paid
PAY000655,CUST0060,2024-08-01,99,paid
PAY000656,CUST0060,2024-09-01,99,paid
PAY000657,CUST0060,2024-10-01,99,paid
PAY000658,CUST0061,2024-10-01,99,paid
PAY000659,CUST0061,2024-11-01,99,paid
PAY000660,CUST0061,2024-12-01,99,paid
PAY000661,CUST0061,2025-01-01,99,paid
PAY000662,CUST0061,2025-02-01,99,paid
PAY000663,CUST0061,2025-03-01,99,paid
PAY000664,CUST0061,2025-04-01,99,paid
PAY000665,CUST0061,2025-05-01,99,paid
PAY000666,CUST0061,2025-06-01,99,paid
PAY000667,CUST0061,2025-07-01,99,paid
PAY000668,CUST0061,2025-08-01,99,paid
PAY000669,CUST0061,2025-09-01,99,paid
PAY000670,CUST0061,2025-10-01,99,paid
PAY000671,CUST0061,2025-11-01,99,paid
PAY000672,CUST0061,2025-12-01,99,failed
PAY000673,CUST0062,2024-03-01,99,paid
PAY000674,CUST0062,2024-04-01,99,paid
PAY000675,CUST0062,2024-05-01,99,paid
PAY000676,CUST0062,2024-06-01,99,paid
PAY000677,CUST0062,2024-07-01,99,paid
PAY000678,CUST0062,2024-08-01,99,paid
PAY000679,CUST0062,2024-09-01,99,paid
PAY000680,CUST0062,2024-10-01,99,paid
PAY000681,CUST0062,2024-11-01,99,paid
PAY000682,CUST0062,2024-12-01,99,paid
PAY000683,CUST0062,2025-01-01,99,paid
PAY000684,CUST0062,2025-02-01,99,paid
PAY000685,CUST0062,2025-03-01,99,paid
PAY000686,CUST0062,2025-04-01,99,paid
PAY000687,CUST0062,2025-05-01,99,paid
PAY000688,CUST0062,2025-06-01,99,paid
PAY000689,CUST0062,2025-07-01,99,paid
PAY000690,CUST0062,2025-08-01,99,paid
PAY000691,CUST0062,2025-09-01,99,paid
PAY000692,CUST0062,2025-10-01,99,paid
PAY000693,CUST0062,2025-11-01,99,paid
PAY000694,CUST0062,2025-12-01,99,paid
PAY000695,CUST0063,2024-12-01,29,paid
PAY000696,CUST0063,2025-01-01,29,paid
PAY000697,CUST0063,2025-02-01,29,paid
PAY000698,CUST0063,2025-03-01,29,paid
PAY000699,CUST0063,2025-04-01,29,paid
PAY000700,CUST0063,2025-05-01,29,paid
PAY000701,CUST0063,2025-06-01,29,paid
PAY000702,CUST0063,2025-07-01,29,paid
PAY000703,CUST0063,2025-08-01,29,paid
PAY000704,CUST0063,2025-09-01,29,paid
PAY000705,CUST0063,2025-10-01,29,paid
PAY000706,CUST0063,2025-11-01,29,paid
PAY000707,CUST0063,2025-12-01,29,paid
PAY000708,CUST0064,2024-10-01,29,paid
PAY000709,CUST0064,2024-11-01,29,paid
PAY000710,CUST0064,2024-12-01,29,paid
PAY000711,CUST0065,2024-12-01,99,paid
PAY000712,CUST0065,2025-01-01,99,paid
PAY000713,CUST0065,2025-02-01,99,paid
PAY000714,CUST0065,2025-03-01,99,paid
PAY000715,CUST0065,2025-04-01,99,paid
PAY000716,CUST0065,2025-05-01,99,paid
PAY000717,CUST0065,2025-06-01,299,paid
PAY000718,CUST0066,2024-07-01,299,paid
PAY000719,CUST0066,2024-08-01,299,paid
PAY000720,CUST0066,2024-09-01,299,paid
PAY000721,CUST0066,2024-10-01,299,paid
PAY000722,CUST0066,2024-11-01,299,paid
PAY000723,CUST0066,2024-12-01,299,paid
PAY000724,CUST0066,2025-01-01,299,paid
PAY000725,CUST0066,2025-02-01,299,paid
PAY000726,CUST0066,2025-03-01,299,paid
PAY000727,CUST0066,2025-04-01,299,paid
PAY000728,CUST0066,2025-05-01,299,paid
PAY000729,CUST0066,2025-06-01,299,paid
PAY000730,CUST0066,2025-07-01,299,paid
PAY000731,CUST0066,2025-08-01,299,paid
PAY000732,CUST0066,2025-09-01,299,paid
PAY000733,CUST0066,2025-10-01,299,paid
PAY000734,CUST0066,2025-11-01,299,paid
PAY000735,CUST0066,2025-12-01,299,paid
PAY000736,CUST0067,2025-10-01,29,paid
PAY000737,CUST0067,2025-11-01,29,paid
PAY000738,CUST0067,2025-12-01,29,paid
PAY000739,CUST0068,2024-05-01,99,paid
PAY000740,CUST0068,2024-06-01,99,paid
PAY000741,CUST0068,2024-07-01,99,paid
PAY000742,CUST0068,2024-08-01,99,paid
PAY000743,CUST0069,2024-04-01,29,paid
PAY000744,CUST0069,2024-05-01,29,paid
PAY000745,CUST0069,2024-06-01,29,paid
PAY000746,CUST0069,2024-07-01,29,paid
PAY000747,CUST0069,2024-08-01,29,paid
PAY000748,CUST0069,2024-09-01,29,paid
PAY000749,CUST0069,2024-10-01,29,paid
PAY000750,CUST0069,2024-11-01,29,paid
PAY000751,CUST0069,2024-12-01,29,paid
PAY000752,CUST0069,2025-01-01,29,paid
PAY000753,CUST0069,2025-02-01,29,paid
PAY000754,CUST0069,2025-03-01,29,paid
PAY000755,CUST0069,2025-04-01,29,paid
PAY000756,CUST0069,2025-05-01,29,paid
PAY000757,CUST0069,2025-06-01,29,paid
PAY000758,CUST0069,2025-07-01,29,paid
PAY000759,CUST0069,2025-08-01,29,paid
PAY000760,CUST0069,2025-09-01,29,paid
PAY000761,CUST0069,2025-10-01,29,paid
PAY000762,CUST0069,2025-11-01,29,paid
PAY000763,CUST0069,2025-12-01,29,paid
PAY000764,CUST0070,2025-01-01,29,paid
PAY000765,CUST0070,2025-02-01,29,paid
PAY000766,CUST0070,2025-03-01,29,paid
PAY000767,CUST0070,2025-04-01,29,paid
PAY000768,CUST0070,2025-05-01,29,paid
PAY000769,CUST0070,2025-06-01,29,paid
PAY000770,CUST0070,2025-07-01,99,paid
PAY000771,CUST0070,2025-08-01,99,paid
PAY000772,CUST0070,2025-09-01,99,paid
PAY000773,CUST0070,2025-10-01,99,paid
PAY000774,CUST0070,2025-11-01,99,paid
PAY000775,CUST0070,2025-12-01,99,paid
PAY000776,CUST0071,2025-02-01,99,paid
PAY000777,CUST0071,2025-03-01,99,paid
PAY000778,CUST0071,2025-04-01,99,failed
PAY000779,CUST0071,2025-05-01,99,paid
PAY000780,CUST0071,2025-06-01,99,paid
PAY000781,CUST0071,2025-07-01,99,paid
PAY000782,CUST0071,2025-08-01,99,paid
PAY000783,CUST0071,2025-09-01,99,paid
PAY000784,CUST0071,2025-10-01,99,paid
PAY000785,CUST0071,2025-11-01,99,paid
PAY000786,CUST0071,2025-12-01,99,paid
PAY000787,CUST0072,2024-07-01,299,paid
PAY000788,CUST0072,2024-08-01,299,paid
PAY000789,CUST0072,2024-09-01,299,paid
PAY000790,CUST0072,2024-10-01,299,failed
PAY000791,CUST0072,2024-11-01,299,failed
PAY000792,CUST0072,2024-12-01,299,paid
PAY000793,CUST0072,2025-01-01,299,paid
PAY000794,CUST0072,2025-02-01,299,paid
PAY000795,CUST0072,2025-03-01,299,paid
PAY000796,CUST0072,2025-04-01,299,paid
PAY000797,CUST0072,2025-05-01,299,paid
PAY000798,CUST0072,2025-06-01,299,paid
PAY000799,CUST0072,2025-07-01,299,paid
PAY000800,CUST0072,2025-08-01,299,paid
PAY000801,CUST0072,2025-09-01,299,paid
PAY000802,CUST0072,2025-10-01,299,paid
PAY000803,CUST0072,2025-11-01,299,paid
PAY000804,CUST0072,2025-12-01,299,paid
PAY000805,CUST0073,2025-04-01,29,paid
PAY000806,CUST0073,2025-05-01,29,paid
PAY000807,CUST0073,2025-06-01,29,paid
PAY000808,CUST0073,2025-07-01,29,paid
PAY000809,CUST0073,2025-08-01,29,paid
PAY000810,CUST0073,2025-09-01,29,paid
PAY000811,CUST0073,2025-10-01,29,paid
PAY000812,CUST0073,2025-11-01,29,paid
PAY000813,CUST0073,2025-12-01,29,paid
PAY000814,CUST0074,2024-12-01,99,paid
PAY000815,CUST0074,2025-01-01,99,paid
PAY000816,CUST0074,2025-02-01,99,paid
PAY000817,CUST0074,2025-03-01,99,paid
PAY000818,CUST0074,2025-04-01,99,paid
PAY000819,CUST0074,2025-05-01,99,paid
PAY000820,CUST0074,2025-06-01,299,paid
PAY000821,CUST0075,2024-07-01,29,paid
PAY000822,CUST0075,2024-08-01,29,paid
PAY000823,CUST0075,2024-09-01,29,paid
PAY000824,CUST0075,2024-10-01,29,paid
PAY000825,CUST0075,2024-11-01,29,paid
PAY000826,CUST0075,2024-12-01,29,paid
PAY000827,CUST0075,2025-01-01,29,paid
PAY000828,CUST0075,2025-02-01,29,paid
PAY000829,CUST0075,2025-03-01,29,paid
PAY000830,CUST0075,2025-04-01,29,failed
PAY000831,CUST0075,2025-05-01,29,paid
PAY000832,CUST0075,2025-06-01,29,paid
PAY000833,CUST0075,2025-07-01,29,paid
PAY000834,CUST0075,2025-08-01,29,paid
PAY000835,CUST0075,2025-09-01,29,paid
PAY000836,CUST0075,2025-10-01,29,paid
PAY000837,CUST0076,2024-10-01,99,paid
PAY000838,CUST0076,2024-11-01,99,paid
PAY000839,CUST0076,2024-12-01,99,paid
PAY000840,CUST0076,2025-01-01,99,paid
PAY000841,CUST0076,2025-02-01,99,paid
PAY000842,CUST0076,2025-03-01,99,paid
PAY000843,CUST0076,2025-04-01,99,paid
PAY000844,CUST0076,2025-05-01,99,paid
PAY000845,CUST0076,2025-06-01,99,paid
PAY000846,CUST0076,2025-07-01,99,paid
PAY000847,CUST0076,2025-08-01,99,paid
PAY000848,CUST0076,2025-09-01,99,paid
PAY000849,CUST0076,2025-10-01,99,paid
PAY000850,CUST0076,2025-11-01,99,paid
PAY000851,CUST0076,2025-12-01,99,paid
PAY000852,CUST0077,2024-05-01,29,paid
PAY000853,CUST0077,2024-06-01,29,paid
PAY000854,CUST0077,2024-07-01,29,paid
PAY000855,CUST0077,2024-08-01,29,paid
PAY000856,CUST0077,2024-09-01,29,paid
PAY000857,CUST0077,2024-10-01,29,paid
PAY000858,CUST0077,2024-11-01,29,paid
PAY000859,CUST0077,2024-12-01,29,paid
PAY000860,CUST0077,2025-01-01,29,paid
PAY000861,CUST0077,2025-02-01,29,paid
PAY000862,CUST0077,2025-03-01,29,paid
PAY000863,CUST0077,2025-04-01,29,paid
PAY000864,CUST0077,2025-05-01,29,paid
PAY000865,CUST0077,2025-06-01,29,paid
PAY000866,CUST0077,2025-07-01,29,failed
PAY000867,CUST0077,2025-08-01,29,paid
PAY000868,CUST0077,2025-09-01,29,paid
PAY000869,CUST0077,2025-10-01,29,paid
PAY000870,CUST0077,2025-11-01,29,paid
PAY000871,CUST0077,2025-12-01,29,paid
PAY000872,CUST0078,2025-11-01,29,paid
PAY000873,CUST0078,2025-12-01,29,paid
PAY000874,CUST0079,2024-02-01,299,paid
PAY000875,CUST0079,2024-03-01,299,paid
PAY000876,CUST0079,2024-04-01,299,paid
PAY000877,CUST0079,2024-05-01,299,paid
PAY000878,CUST0079,2024-06-01,299,paid
PAY000879,CUST0079,2024-07-01,299,paid
PAY000880,CUST0079,2024-08-01,299,paid
PAY000881,CUST0080,2024-02-01,299,paid
PAY000882,CUST0080,2024-03-01,299,paid
PAY000883,CUST0080,2024-04-01,299,paid
PAY000884,CUST0080,2024-05-01,299,paid
PAY000885,CUST0080,2024-06-01,299,paid
PAY000886,CUST0080,2024-07-01,299,paid
PAY000887,CUST0080,2024-08-01,299,paid
PAY000888,CUST0080,2024-09-01,299,paid
PAY000889,CUST0080,2024-10-01,299,paid
PAY000890,CUST0080,2024-11-01,299,paid
PAY000891,CUST0080,2024-12-01,299,paid
PAY000892,CUST0080,2025-01-01,299,paid
PAY000893,CUST0080,2025-02-01,299,paid
PAY000894,CUST0080,2025-03-01,299,paid
PAY000895,CUST0080,2025-04-01,299,paid
PAY000896,CUST0080,2025-05-01,299,failed
PAY000897,CUST0080,2025-06-01,299,paid
PAY000898,CUST0080,2025-07-01,299,paid
PAY000899,CUST0080,2025-08-01,299,paid
PAY000900,CUST0080,2025-09-01,299,paid
PAY000901,CUST0080,2025-10-01,299,paid
PAY000902,CUST0080,2025-11-01,299,paid
PAY000903,CUST0080,2025-12-01,299,paid
PAY000904,CUST0081,2024-06-01,299,paid
PAY000905,CUST0081,2024-07-01,299,paid
PAY000906,CUST0081,2024-08-01,299,paid
PAY000907,CUST0081,2024-09-01,299,paid
PAY000908,CUST0081,2024-10-01,299,paid
PAY000909,CUST0081,2024-11-01,299,paid
PAY000910,CUST0081,2024-12-01,299,paid
PAY000911,CUST0081,2025-01-01,299,paid
PAY000912,CUST0081,2025-02-01,299,paid
PAY000913,CUST0081,2025-03-01,299,paid
PAY000914,CUST0081,2025-04-01,299,paid
PAY000915,CUST0081,2025-05-01,299,paid
PAY000916,CUST0081,2025-06-01,299,paid
PAY000917,CUST0081,2025-07-01,299,paid
PAY000918,CUST0081,2025-08-01,299,paid
PAY000919,CUST0081,2025-09-01,299,paid
PAY000920,CUST0081,2025-10-01,299,paid
PAY000921,CUST0081,2025-11-01,299,paid
PAY000922,CUST0081,2025-12-01,299,paid
PAY000923,CUST0082,2024-12-01,29,paid
PAY000924,CUST0082,2025-01-01,29,paid
PAY000925,CUST0082,2025-02-01,29,paid
PAY000926,CUST0082,2025-03-01,29,paid
PAY000927,CUST0082,2025-04-01,29,paid
PAY000928,CUST0082,2025-05-01,29,paid
PAY000929,CUST0082,2025-06-01,29,paid
PAY000930,CUST0082,2025-07-01,29,paid
PAY000931,CUST0082,2025-08-01,29,paid
PAY000932,CUST0082,2025-09-01,29,paid
PAY000933,CUST0082,2025-10-01,29,paid
PAY000934,CUST0082,2025-11-01,29,paid
PAY000935,CUST0082,2025-12-01,29,paid
PAY000936,CUST0083,2024-04-01,299,paid
PAY000937,CUST0083,2024-05-01,299,paid
PAY000938,CUST0083,2024-06-01,299,paid
PAY000939,CUST0083,2024-07-01,299,paid
PAY000940,CUST0083,2024-08-01,299,paid
PAY000941,CUST0083,2024-09-01,299,paid
PAY000942,CUST0083,2024-10-01,299,paid
PAY000943,CUST0083,2024-11-01,299,paid
PAY000944,CUST0083,2024-12-01,299,paid
PAY000945,CUST0083,2025-01-01,299,paid
PAY000946,CUST0083,2025-02-01,299,paid
PAY000947,CUST0083,2025-03-01,299,paid
PAY000948,CUST0083,2025-04-01,299,paid
PAY000949,CUST0083,2025-05-01,299,paid
PAY000950,CUST0083,2025-06-01,299,paid
PAY000951,CUST0083,2025-07-01,299,paid
PAY000952,CUST0083,2025-08-01,299,paid
PAY000953,CUST0083,2025-09-01,299,failed
PAY000954,CUST0083,2025-10-01,299,paid
PAY000955,CUST0083,2025-11-01,299,paid
PAY000956,CUST0083,2025-12-01,299,paid
PAY000957,CUST0084,2024-04-01,29,paid
PAY000958,CUST0084,2024-05-01,29,paid
PAY000959,CUST0084,2024-06-01,29,paid
PAY000960,CUST0084,2024-07-01,29,paid
PAY000961,CUST0084,2024-08-01,29,paid
PAY000962,CUST0084,2024-09-01,29,paid
PAY000963,CUST0084,2024-10-01,29,paid
PAY000964,CUST0084,2024-11-01,29,paid
PAY000965,CUST0084,2024-12-01,29,paid
PAY000966,CUST0084,2025-01-01,29,paid
PAY000967,CUST0084,2025-02-01,29,paid
PAY000968,CUST0084,2025-03-01,29,paid
PAY000969,CUST0084,2025-04-01,29,paid
PAY000970,CUST0084,2025-05-01,29,paid
PAY000971,CUST0084,2025-06-01,29,paid
PAY000972,CUST0084,2025-07-01,29,paid
PAY000973,CUST0084,2025-08-01,29,paid
PAY000974,CUST0084,2025-09-01,29,paid
PAY000975,CUST0084,2025-10-01,29,paid
PAY000976,CUST0084,2025-11-01,29,paid
PAY000977,CUST0084,2025-12-01,29,paid
PAY000978,CUST0085,2024-11-01,299,paid
PAY000979,CUST0085,2024-12-01,299,failed
PAY000980,CUST0085,2025-01-01,299,paid
PAY000981,CUST0085,2025-02-01,299,paid
PAY000982,CUST0085,2025-03-01,299,paid
PAY000983,CUST0085,2025-04-01,299,paid
PAY000984,CUST0085,2025-05-01,299,paid
PAY000985,CUST0085,2025-06-01,299,paid
PAY000986,CUST0085,2025-07-01,299,paid
PAY000987,CUST0085,2025-08-01,299,paid
PAY000988,CUST0085,2025-09-01,299,failed
PAY000989,CUST0085,2025-10-01,299,paid
PAY000990,CUST0085,2025-11-01,299,paid
PAY000991,CUST0085,2025-12-01,299,paid
PAY000992,CUST0086,2024-09-01,99,paid
PAY000993,CUST0086,2024-10-01,99,paid
PAY000994,CUST0086,2024-11-01,99,paid
PAY000995,CUST0086,2024-12-01,99,paid
PAY000996,CUST0086,2025-01-01,99,paid
PAY000997,CUST0086,2025-02-01,99,paid
PAY000998,CUST0086,2025-03-01,299,paid
PAY000999,CUST0086,2025-04-01,299,paid
PAY001000,CUST0086,2025-05-01,299,paid
PAY001001,CUST0086,2025-06-01,299,paid
PAY001002,CUST0086,2025-07-01,299,failed
PAY001003,CUST0086,2025-08-01,299,paid
PAY001004,CUST0086,2025-09-01,299,paid
PAY001005,CUST0086,2025-10-01,299,paid
PAY001006,CUST0086,2025-11-01,299,paid
PAY001007,CUST0086,2025-12-01,299,paid
PAY001008,CUST0087,2024-10-01,299,paid
PAY001009,CUST0087,2024-11-01,299,paid
PAY001010,CUST0087,2024-12-01,299,paid
PAY001011,CUST0087,2025-01-01,299,paid
PAY001012,CUST0087,2025-02-01,299,paid
PAY001013,CUST0087,2025-03-01,299,paid
PAY001014,CUST0087,2025-04-01,299,paid
PAY001015,CUST0087,2025-05-01,299,paid
PAY001016,CUST0087,2025-06-01,299,paid
PAY001017,CUST0087,2025-07-01,299,paid
PAY001018,CUST0087,2025-08-01,299,paid
PAY001019,CUST0087,2025-09-01,299,paid
PAY001020,CUST0087,2025-10-01,299,paid
PAY001021,CUST0087,2025-11-01,299,paid
PAY001022,CUST0087,2025-12-01,299,paid
PAY001023,CUST0088,2025-03-01,29,paid
PAY001024,CUST0088,2025-04-01,29,paid
PAY001025,CUST0088,2025-05-01,29,paid
PAY001026,CUST0088,2025-06-01,29,paid
PAY001027,CUST0088,2025-07-01,29,paid
PAY001028,CUST0088,2025-08-01,29,paid
PAY001029,CUST0088,2025-09-01,29,paid
PAY001030,CUST0088,2025-10-01,29,paid
PAY001031,CUST0088,2025-11-01,29,paid
PAY001032,CUST0088,2025-12-01,29,paid
PAY001033,CUST0089,2024-07-01,99,paid
PAY001034,CUST0089,2024-08-01,99,paid
PAY001035,CUST0089,2024-09-01,99,paid
PAY001036,CUST0089,2024-10-01,99,paid
PAY001037,CUST0089,2024-11-01,99,paid
PAY001038,CUST0089,2024-12-01,99,paid
PAY001039,CUST0089,2025-01-01,99,paid
PAY001040,CUST0089,2025-02-01,99,paid
PAY001041,CUST0089,2025-03-01,99,paid
PAY001042,CUST0089,2025-04-01,99,paid
PAY001043,CUST0089,2025-05-01,99,paid
PAY001044,CUST0089,2025-06-01,99,paid
PAY001045,CUST0089,2025-07-01,99,paid
PAY001046,CUST0090,2024-08-01,29,paid
PAY001047,CUST0090,2024-09-01,29,paid
PAY001048,CUST0090,2024-10-01,29,paid
PAY001049,CUST0090,2024-11-01,29,paid
PAY001050,CUST0090,2024-12-01,29,paid
PAY001051,CUST0090,2025-01-01,29,paid
PAY001052,CUST0090,2025-02-01,99,paid
PAY001053,CUST0090,2025-03-01,99,paid
PAY001054,CUST0090,2025-04-01,99,paid
PAY001055,CUST0090,2025-05-01,99,paid
PAY001056,CUST0090,2025-06-01,99,paid
PAY001057,CUST0090,2025-07-01,99,paid
PAY001058,CUST0090,2025-08-01,99,paid
PAY001059,CUST0090,2025-09-01,99,paid
PAY001060,CUST0090,2025-10-01,99,paid
PAY001061,CUST0090,2025-11-01,99,paid
PAY001062,CUST0090,2025-12-01,99,paid
PAY001063,CUST0091,2024-06-01,299,paid
PAY001064,CUST0091,2024-07-01,299,paid
PAY001065,CUST0091,2024-08-01,299,paid
PAY001066,CUST0091,2024-09-01,299,paid
PAY001067,CUST0091,2024-10-01,299,paid
PAY001068,CUST0091,2024-11-01,299,paid
PAY001069,CUST0091,2024-12-01,299,paid
PAY001070,CUST0091,2025-01-01,299,paid
PAY001071,CUST0091,2025-02-01,299,paid
PAY001072,CUST0091,2025-03-01,299,paid
PAY001073,CUST0091,2025-04-01,299,paid
PAY001074,CUST0091,2025-05-01,299,paid
PAY001075,CUST0091,2025-06-01,299,paid
PAY001076,CUST0092,2024-09-01,29,paid
PAY001077,CUST0092,2024-10-01,29,paid
PAY001078,CUST0093,2024-09-01,299,paid
PAY001079,CUST0093,2024-10-01,299,paid
PAY001080,CUST0094,2025-01-01,29,paid
PAY001081,CUST0094,2025-02-01,29,paid
PAY001082,CUST0094,2025-03-01,29,paid
PAY001083,CUST0094,2025-04-01,29,paid
PAY001084,CUST0094,2025-05-01,29,paid
PAY001085,CUST0094,2025-06-01,29,paid
PAY001086,CUST0094,2025-07-01,29,paid
PAY001087,CUST0094,2025-08-01,29,paid
PAY001088,CUST0094,2025-09-01,29,paid
PAY001089,CUST0094,2025-10-01,29,paid
PAY001090,CUST0094,2025-11-01,29,paid
PAY001091,CUST0094,2025-12-01,29,paid
PAY001092,CUST0095,2025-02-01,29,paid
PAY001093,CUST0095,2025-03-01,29,paid
PAY001094,CUST0095,2025-04-01,29,paid
PAY001095,CUST0095,2025-05-01,29,paid
PAY001096,CUST0096,2025-01-01,99,paid
PAY001097,CUST0096,2025-02-01,99,paid
PAY001098,CUST0096,2025-03-01,99,paid
PAY001099,CUST0096,2025-04-01,99,paid
PAY001100,CUST0096,2025-05-01,99,paid
PAY001101,CUST0096,2025-06-01,99,paid
PAY001102,CUST0096,2025-07-01,99,paid
PAY001103,CUST0096,2025-08-01,99,paid
PAY001104,CUST0096,2025-09-01,99,paid
PAY001105,CUST0096,2025-10-01,99,paid
PAY001106,CUST0096,2025-11-01,99,paid
PAY001107,CUST0096,2025-12-01,99,paid
PAY001108,CUST0097,2024-03-01,29,paid
PAY001109,CUST0097,2024-04-01,29,paid
PAY001110,CUST0097,2024-05-01,29,paid
PAY001111,CUST0097,2024-06-01,29,paid
PAY001112,CUST0097,2024-07-01,29,paid
PAY001113,CUST0097,2024-08-01,29,paid
PAY001114,CUST0097,2024-09-01,29,paid
PAY001115,CUST0097,2024-10-01,29,paid
PAY001116,CUST0097,2024-11-01,29,paid
PAY001117,CUST0097,2024-12-01,29,paid
PAY001118,CUST0097,2025-01-01,29,paid
PAY001119,CUST0097,2025-02-01,29,paid
PAY001120,CUST0097,2025-03-01,29,paid
PAY001121,CUST0097,2025-04-01,29,paid
PAY001122,CUST0097,2025-05-01,29,paid
PAY001123,CUST0097,2025-06-01,29,paid
PAY001124,CUST0097,2025-07-01,29,paid
PAY001125,CUST0097,2025-08-01,29,paid
PAY001126,CUST0097,2025-09-01,29,paid
PAY001127,CUST0097,2025-10-01,29,paid
PAY001128,CUST0097,2025-11-01,29,paid
PAY001129,CUST0097,2025-12-01,29,paid
PAY001130,CUST0098,2024-08-01,29,paid
PAY001131,CUST0098,2024-09-01,29,paid
PAY001132,CUST0098,2024-10-01,29,paid
PAY001133,CUST0098,2024-11-01,29,paid
PAY001134,CUST0098,2024-12-01,29,paid
PAY001135,CUST0098,2025-01-01,29,paid
PAY001136,CUST0098,2025-02-01,29,paid
PAY001137,CUST0098,2025-03-01,29,paid
PAY001138,CUST0098,2025-04-01,29,paid
PAY001139,CUST0098,2025-05-01,29,paid
PAY001140,CUST0098,2025-06-01,29,paid
PAY001141,CUST0098,2025-07-01,29,paid
PAY001142,CUST0098,2025-08-01,29,paid
PAY001143,CUST0098,2025-09-01,29,paid
PAY001144,CUST0098,2025-10-01,29,paid
PAY001145,CUST0098,2025-11-01,29,paid
PAY001146,CUST0098,2025-12-01,29,paid
PAY001147,CUST0099,2024-06-01,29,paid
PAY001148,CUST0099,2024-07-01,29,paid
PAY001149,CUST0099,2024-08-01,29,paid
PAY001150,CUST0100,2024-09-01,99,paid
PAY001151,CUST0100,2024-10-01,99,paid
PAY001152,CUST0100,2024-11-01,99,paid
PAY001153,CUST0100,2024-12-01,99,paid
PAY001154,CUST0100,2025-01-01,99,paid
PAY001155,CUST0100,2025-02-01,99,paid
PAY001156,CUST0100,2025-03-01,99,paid
PAY001157,CUST0100,2025-04-01,99,paid
PAY001158,CUST0100,2025-05-01,99,paid
PAY001159,CUST0100,2025-06-01,99,paid
PAY001160,CUST0101,2025-06-01,29,paid
PAY001161,CUST0101,2025-07-01,29,paid
PAY001162,CUST0101,2025-08-01,29,paid
PAY001163,CUST0101,2025-09-01,29,paid
PAY001164,CUST0101,2025-10-01,29,paid
PAY001165,CUST0101,2025-11-01,29,paid
PAY001166,CUST0101,2025-12-01,29,paid
PAY001167,CUST0102,2024-05-01,29,paid
PAY001168,CUST0102,2024-06-01,29,paid
PAY001169,CUST0102,2024-07-01,29,paid
PAY001170,CUST0102,2024-08-01,29,paid
PAY001171,CUST0102,2024-09-01,29,paid
PAY001172,CUST0102,2024-10-01,29,paid
PAY001173,CUST0102,2024-11-01,29,paid
PAY001174,CUST0102,2024-12-01,29,paid
PAY001175,CUST0102,2025-01-01,29,paid
PAY001176,CUST0102,2025-02-01,29,paid
PAY001177,CUST0102,2025-03-01,29,paid
PAY001178,CUST0102,2025-04-01,29,paid
PAY001179,CUST0102,2025-05-01,29,paid
PAY001180,CUST0102,2025-06-01,29,paid
PAY001181,CUST0102,2025-07-01,29,paid
PAY001182,CUST0102,2025-08-01,29,paid
PAY001183,CUST0102,2025-09-01,29,paid
PAY001184,CUST0102,2025-10-01,29,paid
PAY001185,CUST0103,2024-06-01,29,paid
PAY001186,CUST0103,2024-07-01,29,paid
PAY001187,CUST0103,2024-08-01,29,paid
PAY001188,CUST0103,2024-09-01,29,paid
PAY001189,CUST0103,2024-10-01,29,paid
PAY001190,CUST0103,2024-11-01,29,paid
PAY001191,CUST0103,2024-12-01,99,paid
PAY001192,CUST0103,2025-01-01,99,paid
PAY001193,CUST0103,2025-02-01,99,paid
PAY001194,CUST0103,2025-03-01,99,paid
PAY001195,CUST0103,2025-04-01,99,paid
PAY001196,CUST0103,2025-05-01,99,paid
PAY001197,CUST0103,2025-06-01,99,paid
PAY001198,CUST0103,2025-07-01,99,paid
PAY001199,CUST0103,2025-08-01,99,paid
PAY001200,CUST0103,2025-09-01,99,paid
PAY001201,CUST0103,2025-10-01,99,paid
PAY001202,CUST0103,2025-11-01,99,paid
PAY001203,CUST0103,2025-12-01,99,paid
PAY001204,CUST0104,2024-09-01,29,paid
PAY001205,CUST0104,2024-10-01,29,paid
PAY001206,CUST0104,2024-11-01,29,paid
PAY001207,CUST0104,2024-12-01,29,paid
PAY001208,CUST0104,2025-01-01,29,paid
PAY001209,CUST0104,2025-02-01,29,paid
PAY001210,CUST0104,2025-03-01,29,paid
PAY001211,CUST0104,2025-04-01,29,paid
PAY001212,CUST0104,2025-05-01,29,paid
PAY001213,CUST0104,2025-06-01,29,paid
PAY001214,CUST0104,2025-07-01,29,paid
PAY001215,CUST0104,2025-08-01,29,paid
PAY001216,CUST0104,2025-09-01,29,paid
PAY001217,CUST0104,2025-10-01,29,paid
PAY001218,CUST0104,2025-11-01,29,paid
PAY001219,CUST0104,2025-12-01,29,paid
PAY001220,CUST0105,2024-07-01,29,paid
PAY001221,CUST0105,2024-08-01,29,paid
PAY001222,CUST0105,2024-09-01,29,paid
PAY001223,CUST0105,2024-10-01,29,paid
PAY001224,CUST0105,2024-11-01,29,paid
PAY001225,CUST0105,2024-12-01,29,paid
PAY001226,CUST0105,2025-01-01,29,paid
PAY001227,CUST0105,2025-02-01,29,paid
PAY001228,CUST0105,2025-03-01,29,paid
PAY001229,CUST0105,2025-04-01,29,paid
PAY001230,CUST0105,2025-05-01,29,paid
PAY001231,CUST0105,2025-06-01,29,paid
PAY001232,CUST0106,2024-06-01,29,paid
PAY001233,CUST0106,2024-07-01,29,paid
PAY001234,CUST0106,2024-08-01,29,paid
PAY001235,CUST0106,2024-09-01,29,paid
PAY001236,CUST0106,2024-10-01,29,paid
PAY001237,CUST0106,2024-11-01,29,paid
PAY001238,CUST0106,2024-12-01,29,paid
PAY001239,CUST0106,2025-01-01,29,paid
PAY001240,CUST0106,2025-02-01,29,paid
PAY001241,CUST0106,2025-03-01,29,paid
PAY001242,CUST0106,2025-04-01,29,paid
PAY001243,CUST0106,2025-05-01,29,paid
PAY001244,CUST0106,2025-06-01,29,paid
PAY001245,CUST0106,2025-07-01,29,paid
PAY001246,CUST0106,2025-08-01,29,paid
PAY001247,CUST0106,2025-09-01,29,paid
PAY001248,CUST0107,2024-11-01,99,paid
PAY001249,CUST0107,2024-12-01,99,failed
PAY001250,CUST0107,2025-01-01,99,paid
PAY001251,CUST0107,2025-02-01,99,paid
PAY001252,CUST0107,2025-03-01,99,paid
PAY001253,CUST0107,2025-04-01,99,paid
PAY001254,CUST0107,2025-05-01,99,failed
PAY001255,CUST0107,2025-06-01,99,paid
PAY001256,CUST0107,2025-07-01,99,paid
PAY001257,CUST0107,2025-08-01,99,paid
PAY001258,CUST0107,2025-09-01,99,paid
PAY001259,CUST0107,2025-10-01,99,paid
PAY001260,CUST0107,2025-11-01,99,paid
PAY001261,CUST0107,2025-12-01,99,paid
PAY001262,CUST0108,2024-10-01,99,paid
PAY001263,CUST0108,2024-11-01,99,paid
PAY001264,CUST0108,2024-12-01,99,paid
PAY001265,CUST0108,2025-01-01,99,paid
PAY001266,CUST0108,2025-02-01,99,paid
PAY001267,CUST0108,2025-03-01,99,paid
PAY001268,CUST0108,2025-04-01,99,paid
PAY001269,CUST0108,2025-05-01,99,paid
PAY001270,CUST0108,2025-06-01,99,paid
PAY001271,CUST0108,2025-07-01,99,paid
PAY001272,CUST0108,2025-08-01,99,paid
PAY001273,CUST0108,2025-09-01,99,paid
PAY001274,CUST0108,2025-10-01,99,paid
PAY001275,CUST0108,2025-11-01,99,paid
PAY001276,CUST0108,2025-12-01,99,paid
PAY001277,CUST0109,2024-06-01,299,paid
PAY001278,CUST0109,2024-07-01,299,paid
PAY001279,CUST0109,2024-08-01,299,paid
PAY001280,CUST0109,2024-09-01,299,paid
PAY001281,CUST0109,2024-10-01,299,paid
PAY001282,CUST0109,2024-11-01,299,paid
PAY001283,CUST0109,2024-12-01,299,paid
PAY001284,CUST0109,2025-01-01,299,paid
PAY001285,CUST0109,2025-02-01,299,paid
PAY001286,CUST0109,2025-03-01,299,paid
PAY001287,CUST0109,2025-04-01,299,paid
PAY001288,CUST0109,2025-05-01,299,paid
PAY001289,CUST0109,2025-06-01,299,paid
PAY001290,CUST0109,2025-07-01,299,paid
PAY001291,CUST0109,2025-08-01,299,paid
PAY001292,CUST0109,2025-09-01,299,paid
PAY001293,CUST0109,2025-10-01,299,paid
PAY001294,CUST0109,2025-11-01,299,paid
PAY001295,CUST0109,2025-12-01,299,paid
PAY001296,CUST0110,2024-02-01,299,paid
PAY001297,CUST0110,2024-03-01,299,paid
PAY001298,CUST0110,2024-04-01,299,paid
PAY001299,CUST0110,2024-05-01,299,paid
PAY001300,CUST0110,2024-06-01,299,paid
PAY001301,CUST0110,2024-07-01,299,paid
PAY001302,CUST0110,2024-08-01,299,paid
PAY001303,CUST0110,2024-09-01,299,paid
PAY001304,CUST0110,2024-10-01,299,paid
PAY001305,CUST0110,2024-11-01,299,paid
PAY001306,CUST0110,2024-12-01,299,paid
PAY001307,CUST0110,2025-01-01,299,paid
PAY001308,CUST0110,2025-02-01,299,paid
PAY001309,CUST0110,2025-03-01,299,failed
PAY001310,CUST0110,2025-04-01,299,paid
PAY001311,CUST0110,2025-05-01,299,paid
PAY001312,CUST0110,2025-06-01,299,paid
PAY001313,CUST0110,2025-07-01,299,paid
PAY001314,CUST0110,2025-08-01,299,paid
PAY001315,CUST0110,2025-09-01,299,paid
PAY001316,CUST0110,2025-10-01,299,paid
PAY001317,CUST0110,2025-11-01,299,paid
PAY001318,CUST0110,2025-12-01,299,paid
PAY001319,CUST0111,2025-05-01,29,paid
PAY001320,CUST0111,2025-06-01,29,paid
PAY001321,CUST0111,2025-07-01,29,paid
PAY001322,CUST0111,2025-08-01,29,paid
PAY001323,CUST0111,2025-09-01,29,paid
PAY001324,CUST0112,2024-06-01,29,paid
PAY001325,CUST0112,2024-07-01,29,paid
PAY001326,CUST0112,2024-08-01,29,paid
PAY001327,CUST0112,2024-09-01,29,paid
PAY001328,CUST0112,2024-10-01,29,paid
PAY001329,CUST0112,2024-11-01,29,paid
PAY001330,CUST0112,2024-12-01,29,paid
PAY001331,CUST0112,2025-01-01,29,paid
PAY001332,CUST0112,2025-02-01,29,paid
PAY001333,CUST0113,2025-08-01,29,paid
PAY001334,CUST0113,2025-09-01,29,paid
PAY001335,CUST0113,2025-10-01,29,paid
PAY001336,CUST0114,2025-06-01,29,paid
PAY001337,CUST0114,2025-07-01,29,paid
PAY001338,CUST0114,2025-08-01,29,paid
PAY001339,CUST0114,2025-09-01,29,paid
PAY001340,CUST0114,2025-10-01,29,paid
PAY001341,CUST0114,2025-11-01,29,paid
PAY001342,CUST0114,2025-12-01,29,paid
PAY001343,CUST0115,2025-01-01,29,paid
PAY001344,CUST0115,2025-02-01,29,paid
PAY001345,CUST0115,2025-03-01,29,paid
PAY001346,CUST0115,2025-04-01,29,paid
PAY001347,CUST0115,2025-05-01,29,paid
PAY001348,CUST0115,2025-06-01,29,paid
PAY001349,CUST0115,2025-07-01,29,paid
PAY001350,CUST0115,2025-08-01,29,paid
PAY001351,CUST0115,2025-09-01,29,paid
PAY001352,CUST0115,2025-10-01,29,paid
PAY001353,CUST0116,2024-04-01,29,paid
PAY001354,CUST0116,2024-05-01,29,paid
PAY001355,CUST0116,2024-06-01,29,paid
PAY001356,CUST0116,2024-07-01,29,paid
PAY001357,CUST0116,2024-08-01,29,paid
PAY001358,CUST0116,2024-09-01,29,paid
PAY001359,CUST0116,2024-10-01,29,paid
PAY001360,CUST0116,2024-11-01,29,paid
PAY001361,CUST0116,2024-12-01,29,paid
PAY001362,CUST0116,2025-01-01,29,paid
PAY001363,CUST0116,2025-02-01,29,paid
PAY001364,CUST0116,2025-03-01,29,paid
PAY001365,CUST0116,2025-04-01,29,paid
PAY001366,CUST0116,2025-05-01,29,paid
PAY001367,CUST0116,2025-06-01,29,paid
PAY001368,CUST0116,2025-07-01,29,paid
PAY001369,CUST0116,2025-08-01,29,paid
PAY001370,CUST0116,2025-09-01,29,paid
PAY001371,CUST0116,2025-10-01,29,paid
PAY001372,CUST0116,2025-11-01,29,paid
PAY001373,CUST0117,2024-05-01,299,paid
PAY001374,CUST0117,2024-06-01,299,paid
PAY001375,CUST0117,2024-07-01,299,paid
PAY001376,CUST0117,2024-08-01,299,paid
PAY001377,CUST0117,2024-09-01,299,paid
PAY001378,CUST0117,2024-10-01,299,paid
PAY001379,CUST0117,2024-11-01,299,paid
PAY001380,CUST0117,2024-12-01,299,paid
PAY001381,CUST0117,2025-01-01,299,paid
PAY001382,CUST0117,2025-02-01,299,paid
PAY001383,CUST0117,2025-03-01,299,paid
PAY001384,CUST0117,2025-04-01,299,paid
PAY001385,CUST0117,2025-05-01,299,paid
PAY001386,CUST0117,2025-06-01,299,paid
PAY001387,CUST0117,2025-07-01,299,paid
PAY001388,CUST0117,2025-08-01,299,paid
PAY001389,CUST0117,2025-09-01,299,paid
PAY001390,CUST0117,2025-10-01,299,paid
PAY001391,CUST0117,2025-11-01,299,paid
PAY001392,CUST0117,2025-12-01,299,paid
PAY001393,CUST0118,2024-10-01,299,paid
PAY001394,CUST0118,2024-11-01,299,paid
PAY001395,CUST0118,2024-12-01,299,paid
PAY001396,CUST0118,2025-01-01,299,paid
PAY001397,CUST0118,2025-02-01,299,paid
PAY001398,CUST0118,2025-03-01,299,paid
PAY001399,CUST0118,2025-04-01,299,paid
PAY001400,CUST0118,2025-05-01,299,paid
PAY001401,CUST0118,2025-06-01,299,paid
PAY001402,CUST0118,2025-07-01,299,paid
PAY001403,CUST0118,2025-08-01,299,paid
PAY001404,CUST0118,2025-09-01,299,paid
PAY001405,CUST0118,2025-10-01,299,paid
PAY001406,CUST0118,2025-11-01,299,paid
PAY001407,CUST0118,2025-12-01,299,paid
PAY001408,CUST0119,2024-06-01,99,paid
PAY001409,CUST0119,2024-07-01,99,paid
PAY001410,CUST0119,2024-08-01,99,paid
PAY001411,CUST0119,2024-09-01,99,paid
PAY001412,CUST0120,2024-08-01,29,paid
PAY001413,CUST0120,2024-09-01,29,paid
PAY001414,CUST0120,2024-10-01,29,paid
PAY001415,CUST0121,2024-02-01,299,paid
PAY001416,CUST0121,2024-03-01,299,paid
PAY001417,CUST0121,2024-04-01,299,paid
PAY001418,CUST0121,2024-05-01,299,paid
PAY001419,CUST0121,2024-06-01,299,paid
PAY001420,CUST0121,2024-07-01,299,paid
PAY001421,CUST0121,2024-08-01,299,paid
PAY001422,CUST0121,2024-09-01,299,paid
PAY001423,CUST0121,2024-10-01,299,paid
PAY001424,CUST0122,2025-04-01,99,paid
PAY001425,CUST0122,2025-05-01,99,paid
PAY001426,CUST0122,2025-06-01,99,paid
PAY001427,CUST0122,2025-07-01,99,paid
PAY001428,CUST0122,2025-08-01,99,paid
PAY001429,CUST0122,2025-09-01,99,paid
PAY001430,CUST0122,2025-10-01,99,paid
PAY001431,CUST0122,2025-11-01,99,paid
PAY001432,CUST0122,2025-12-01,99,paid
PAY001433,CUST0123,2024-12-01,29,paid
PAY001434,CUST0123,2025-01-01,29,failed
PAY001435,CUST0123,2025-02-01,29,paid
PAY001436,CUST0123,2025-03-01,29,paid
PAY001437,CUST0123,2025-04-01,29,paid
PAY001438,CUST0124,2024-08-01,29,paid
PAY001439,CUST0124,2024-09-01,29,paid
PAY001440,CUST0124,2024-10-01,29,paid
PAY001441,CUST0124,2024-11-01,29,paid
PAY001442,CUST0124,2024-12-01,29,paid
PAY001443,CUST0124,2025-01-01,29,paid
PAY001444,CUST0124,2025-02-01,29,paid
PAY001445,CUST0124,2025-03-01,29,paid
PAY001446,CUST0124,2025-04-01,29,paid
PAY001447,CUST0124,2025-05-01,29,paid
PAY001448,CUST0124,2025-06-01,29,paid
PAY001449,CUST0124,2025-07-01,29,paid
PAY001450,CUST0124,2025-08-01,29,failed
PAY001451,CUST0124,2025-09-01,29,paid
PAY001452,CUST0124,2025-10-01,29,paid
PAY001453,CUST0124,2025-11-01,29,paid
PAY001454,CUST0124,2025-12-01,29,paid
PAY001455,CUST0125,2025-09-01,299,paid
PAY001456,CUST0125,2025-10-01,299,paid
PAY001457,CUST0125,2025-11-01,299,paid
PAY001458,CUST0125,2025-12-01,299,paid
PAY001459,CUST0126,2024-06-01,299,paid
PAY001460,CUST0126,2024-07-01,299,paid
PAY001461,CUST0126,2024-08-01,299,paid
PAY001462,CUST0126,2024-09-01,299,paid
PAY001463,CUST0126,2024-10-01,299,paid
PAY001464,CUST0126,2024-11-01,299,paid
PAY001465,CUST0126,2024-12-01,299,paid
PAY001466,CUST0126,2025-01-01,299,paid
PAY001467,CUST0126,2025-02-01,299,paid
PAY001468,CUST0126,2025-03-01,299,paid
PAY001469,CUST0126,2025-04-01,299,paid
PAY001470,CUST0126,2025-05-01,299,paid
PAY001471,CUST0126,2025-06-01,299,paid
PAY001472,CUST0126,2025-07-01,299,paid
PAY001473,CUST0126,2025-08-01,299,paid
PAY001474,CUST0126,2025-09-01,299,paid
PAY001475,CUST0126,2025-10-01,299,paid
PAY001476,CUST0126,2025-11-01,299,paid
PAY001477,CUST0126,2025-12-01,299,paid
PAY001478,CUST0127,2025-09-01,29,paid
PAY001479,CUST0127,2025-10-01,29,paid
PAY001480,CUST0127,2025-11-01,29,paid
PAY001481,CUST0127,2025-12-01,29,paid
PAY001482,CUST0128,2024-02-01,99,paid
PAY001483,CUST0128,2024-03-01,99,paid
PAY001484,CUST0128,2024-04-01,99,paid
PAY001485,CUST0128,2024-05-01,99,paid
PAY001486,CUST0128,2024-06-01,99,paid
PAY001487,CUST0128,2024-07-01,99,paid
PAY001488,CUST0128,2024-08-01,99,paid
PAY001489,CUST0128,2024-09-01,99,paid
PAY001490,CUST0128,2024-10-01,99,paid
PAY001491,CUST0128,2024-11-01,99,paid
PAY001492,CUST0128,2024-12-01,99,paid
PAY001493,CUST0128,2025-01-01,99,paid
PAY001494,CUST0128,2025-02-01,99,paid
PAY001495,CUST0128,2025-03-01,99,paid
PAY001496,CUST0128,2025-04-01,99,paid
PAY001497,CUST0128,2025-05-01,99,paid
PAY001498,CUST0128,2025-06-01,99,paid
PAY001499,CUST0128,2025-07-01,99,failed
PAY001500,CUST0129,2024-01-01,29,paid
PAY001501,CUST0129,2024-02-01,29,paid
PAY001502,CUST0129,2024-03-01,29,paid
PAY001503,CUST0129,2024-04-01,29,paid
PAY001504,CUST0129,2024-05-01,29,paid
PAY001505,CUST0129,2024-06-01,29,paid
PAY001506,CUST0129,2024-07-01,29,paid
PAY001507,CUST0129,2024-08-01,29,paid
PAY001508,CUST0129,2024-09-01,29,paid
PAY001509,CUST0129,2024-10-01,29,paid
PAY001510,CUST0129,2024-11-01,29,paid
PAY001511,CUST0129,2024-12-01,29,paid
PAY001512,CUST0129,2025-01-01,29,paid
PAY001513,CUST0129,2025-02-01,29,paid
PAY001514,CUST0129,2025-03-01,29,paid
PAY001515,CUST0129,2025-04-01,29,paid
PAY001516,CUST0129,2025-05-01,29,paid
PAY001517,CUST0129,2025-06-01,29,paid
PAY001518,CUST0129,2025-07-01,29,paid
PAY001519,CUST0129,2025-08-01,29,paid
PAY001520,CUST0129,2025-09-01,29,paid
PAY001521,CUST0129,2025-10-01,29,paid
PAY001522,CUST0129,2025-11-01,29,paid
PAY001523,CUST0129,2025-12-01,29,paid
PAY001524,CUST0130,2025-04-01,29,paid
PAY001525,CUST0130,2025-05-01,29,paid
PAY001526,CUST0130,2025-06-01,29,paid
PAY001527,CUST0130,2025-07-01,29,paid
PAY001528,CUST0130,2025-08-01,29,paid
PAY001529,CUST0130,2025-09-01,29,paid
PAY001530,CUST0130,2025-10-01,99,paid
PAY001531,CUST0130,2025-11-01,99,failed
PAY001532,CUST0130,2025-12-01,99,paid
PAY001533,CUST0131,2024-06-01,29,paid
PAY001534,CUST0131,2024-07-01,29,paid
PAY001535,CUST0132,2024-11-01,299,paid
PAY001536,CUST0132,2024-12-01,299,paid
PAY001537,CUST0132,2025-01-01,299,paid
PAY001538,CUST0132,2025-02-01,299,paid
PAY001539,CUST0132,2025-03-01,299,paid
PAY001540,CUST0132,2025-04-01,299,paid
PAY001541,CUST0132,2025-05-01,299,paid
PAY001542,CUST0132,2025-06-01,299,paid
PAY001543,CUST0132,2025-07-01,299,paid
PAY001544,CUST0132,2025-08-01,299,paid
PAY001545,CUST0132,2025-09-01,299,paid
PAY001546,CUST0132,2025-10-01,299,paid
PAY001547,CUST0132,2025-11-01,299,paid
PAY001548,CUST0132,2025-12-01,299,paid
PAY001549,CUST0133,2025-02-01,99,paid
PAY001550,CUST0133,2025-03-01,99,paid
PAY001551,CUST0133,2025-04-01,99,paid
PAY001552,CUST0133,2025-05-01,99,paid
PAY001553,CUST0133,2025-06-01,99,paid
PAY001554,CUST0133,2025-07-01,99,paid
PAY001555,CUST0133,2025-08-01,299,paid
PAY001556,CUST0133,2025-09-01,299,paid
PAY001557,CUST0133,2025-10-01,299,paid
PAY001558,CUST0133,2025-11-01,299,paid
PAY001559,CUST0133,2025-12-01,299,paid
PAY001560,CUST0134,2025-05-01,99,paid
PAY001561,CUST0134,2025-06-01,99,paid
PAY001562,CUST0134,2025-07-01,99,paid
PAY001563,CUST0134,2025-08-01,99,paid
PAY001564,CUST0134,2025-09-01,99,paid
PAY001565,CUST0134,2025-10-01,99,paid
PAY001566,CUST0134,2025-11-01,99,paid
PAY001567,CUST0134,2025-12-01,99,paid
PAY001568,CUST0135,2024-06-01,29,paid
PAY001569,CUST0135,2024-07-01,29,paid
PAY001570,CUST0135,2024-08-01,29,paid
PAY001571,CUST0136,2024-10-01,299,paid
PAY001572,CUST0136,2024-11-01,299,paid
PAY001573,CUST0136,2024-12-01,299,paid
PAY001574,CUST0136,2025-01-01,299,paid
PAY001575,CUST0136,2025-02-01,299,paid
PAY001576,CUST0136,2025-03-01,299,paid
PAY001577,CUST0136,2025-04-01,299,paid
PAY001578,CUST0136,2025-05-01,299,paid
PAY001579,CUST0136,2025-06-01,299,paid
PAY001580,CUST0136,2025-07-01,299,paid
PAY001581,CUST0136,2025-08-01,299,paid
PAY001582,CUST0136,2025-09-01,299,paid
PAY001583,CUST0136,2025-10-01,299,paid
PAY001584,CUST0136,2025-11-01,299,paid
PAY001585,CUST0136,2025-12-01,299,paid
PAY001586,CUST0137,2024-09-01,299,paid
PAY001587,CUST0137,2024-10-01,299,paid
PAY001588,CUST0137,2024-11-01,299,paid
PAY001589,CUST0137,2024-12-01,299,paid
PAY001590,CUST0137,2025-01-01,299,paid
PAY001591,CUST0137,2025-02-01,299,paid
PAY001592,CUST0137,2025-03-01,299,failed
PAY001593,CUST0137,2025-04-01,299,paid
PAY001594,CUST0137,2025-05-01,299,paid
PAY001595,CUST0137,2025-06-01,299,paid
PAY001596,CUST0137,2025-07-01,299,paid
PAY001597,CUST0137,2025-08-01,299,paid
PAY001598,CUST0137,2025-09-01,299,paid
PAY001599,CUST0137,2025-10-01,299,paid
PAY001600,CUST0137,2025-11-01,299,paid
PAY001601,CUST0137,2025-12-01,299,paid
PAY001602,CUST0138,2024-02-01,99,paid
PAY001603,CUST0138,2024-03-01,99,paid
PAY001604,CUST0138,2024-04-01,99,paid
PAY001605,CUST0138,2024-05-01,99,paid
PAY001606,CUST0138,2024-06-01,99,paid
PAY001607,CUST0138,2024-07-01,99,paid
PAY001608,CUST0138,2024-08-01,99,paid
PAY001609,CUST0138,2024-09-01,99,paid
PAY001610,CUST0138,2024-10-01,99,paid
PAY001611,CUST0138,2024-11-01,99,paid
PAY001612,CUST0138,2024-12-01,99,paid
PAY001613,CUST0138,2025-01-01,99,paid
PAY001614,CUST0138,2025-02-01,99,paid
PAY001615,CUST0138,2025-03-01,99,paid
PAY001616,CUST0138,2025-04-01,99,paid
PAY001617,CUST0138,2025-05-01,99,paid
PAY001618,CUST0138,2025-06-01,99,paid
PAY001619,CUST0138,2025-07-01,99,paid
PAY001620,CUST0138,2025-08-01,99,paid
PAY001621,CUST0138,2025-09-01,99,paid
PAY001622,CUST0138,2025-10-01,99,paid
PAY001623,CUST0138,2025-11-01,99,paid
PAY001624,CUST0138,2025-12-01,99,paid
PAY001625,CUST0139,2024-11-01,99,paid
PAY001626,CUST0139,2024-12-01,99,paid
PAY001627,CUST0139,2025-01-01,99,paid
PAY001628,CUST0139,2025-02-01,99,paid
PAY001629,CUST0139,2025-03-01,99,paid
PAY001630,CUST0139,2025-04-01,99,paid
PAY001631,CUST0139,2025-05-01,99,paid
PAY001632,CUST0139,2025-06-01,99,paid
PAY001633,CUST0139,2025-07-01,99,paid
PAY001634,CUST0139,2025-08-01,99,paid
PAY001635,CUST0139,2025-09-01,99,paid
PAY001636,CUST0139,2025-10-01,99,paid
PAY001637,CUST0139,2025-11-01,99,paid
PAY001638,CUST0139,2025-12-01,99,paid
PAY001639,CUST0140,2025-02-01,299,paid
PAY001640,CUST0140,2025-03-01,299,paid
PAY001641,CUST0140,2025-04-01,299,paid
PAY001642,CUST0140,2025-05-01,299,paid
PAY001643,CUST0140,2025-06-01,299,paid
PAY001644,CUST0140,2025-07-01,299,failed
PAY001645,CUST0140,2025-08-01,299,paid
PAY001646,CUST0140,2025-09-01,299,paid
PAY001647,CUST0140,2025-10-01,299,paid
PAY001648,CUST0140,2025-11-01,299,paid
PAY001649,CUST0140,2025-12-01,299,paid
PAY001650,CUST0141,2025-01-01,99,paid
PAY001651,CUST0141,2025-02-01,99,paid
PAY001652,CUST0141,2025-03-01,99,paid
PAY001653,CUST0141,2025-04-01,99,paid
PAY001654,CUST0141,2025-05-01,99,paid
PAY001655,CUST0141,2025-06-01,99,paid
PAY001656,CUST0141,2025-07-01,99,paid
PAY001657,CUST0141,2025-08-01,99,paid
PAY001658,CUST0141,2025-09-01,99,paid
PAY001659,CUST0142,2024-11-01,29,paid
PAY001660,CUST0142,2024-12-01,29,paid
PAY001661,CUST0142,2025-01-01,29,paid
PAY001662,CUST0142,2025-02-01,29,paid
PAY001663,CUST0142,2025-03-01,29,paid
PAY001664,CUST0142,2025-04-01,29,paid
PAY001665,CUST0142,2025-05-01,29,paid
PAY001666,CUST0143,2025-01-01,29,paid
PAY001667,CUST0143,2025-02-01,29,paid
PAY001668,CUST0143,2025-03-01,29,paid
PAY001669,CUST0143,2025-04-01,29,paid
PAY001670,CUST0143,2025-05-01,29,paid
PAY001671,CUST0143,2025-06-01,29,paid
PAY001672,CUST0143,2025-07-01,29,paid
PAY001673,CUST0143,2025-08-01,29,paid
PAY001674,CUST0143,2025-09-01,29,paid
PAY001675,CUST0143,2025-10-01,29,paid
PAY001676,CUST0143,2025-11-01,29,paid
PAY001677,CUST0143,2025-12-01,29,paid
PAY001678,CUST0144,2025-02-01,99,paid
PAY001679,CUST0144,2025-03-01,99,paid
PAY001680,CUST0144,2025-04-01,99,paid
PAY001681,CUST0144,2025-05-01,99,paid
PAY001682,CUST0144,2025-06-01,99,paid
PAY001683,CUST0144,2025-07-01,99,paid
PAY001684,CUST0144,2025-08-01,99,paid
PAY001685,CUST0144,2025-09-01,99,paid
PAY001686,CUST0144,2025-10-01,99,paid
PAY001687,CUST0144,2025-11-01,99,paid
PAY001688,CUST0144,2025-12-01,99,paid
PAY001689,CUST0145,2024-05-01,299,paid
PAY001690,CUST0145,2024-06-01,299,paid
PAY001691,CUST0145,2024-07-01,299,paid
PAY001692,CUST0145,2024-08-01,299,paid
PAY001693,CUST0145,2024-09-01,299,paid
PAY001694,CUST0145,2024-10-01,299,paid
PAY001695,CUST0145,2024-11-01,299,paid
PAY001696,CUST0145,2024-12-01,299,paid
PAY001697,CUST0145,2025-01-01,299,paid
PAY001698,CUST0145,2025-02-01,299,paid
PAY001699,CUST0145,2025-03-01,299,paid
PAY001700,CUST0145,2025-04-01,299,paid
PAY001701,CUST0145,2025-05-01,299,paid
PAY001702,CUST0145,2025-06-01,299,paid
PAY001703,CUST0145,2025-07-01,299,paid
PAY001704,CUST0145,2025-08-01,299,paid
PAY001705,CUST0145,2025-09-01,299,paid
PAY001706,CUST0145,2025-10-01,299,paid
PAY001707,CUST0145,2025-11-01,299,paid
PAY001708,CUST0145,2025-12-01,299,paid
PAY001709,CUST0146,2025-08-01,99,paid
PAY001710,CUST0146,2025-09-01,99,paid
PAY001711,CUST0146,2025-10-01,99,paid
PAY001712,CUST0146,2025-11-01,99,paid
PAY001713,CUST0146,2025-12-01,99,paid
PAY001714,CUST0147,2025-03-01,99,paid
PAY001715,CUST0147,2025-04-01,99,paid
PAY001716,CUST0147,2025-05-01,99,paid
PAY001717,CUST0147,2025-06-01,99,paid
PAY001718,CUST0147,2025-07-01,99,paid
PAY001719,CUST0147,2025-08-01,99,paid
PAY001720,CUST0147,2025-09-01,299,paid
PAY001721,CUST0147,2025-10-01,299,paid
PAY001722,CUST0147,2025-11-01,299,paid
PAY001723,CUST0147,2025-12-01,299,paid
PAY001724,CUST0148,2024-07-01,99,paid
PAY001725,CUST0148,2024-08-01,99,paid
PAY001726,CUST0148,2024-09-01,99,paid
PAY001727,CUST0148,2024-10-01,99,paid
PAY001728,CUST0148,2024-11-01,99,paid
PAY001729,CUST0148,2024-12-01,99,paid
PAY001730,CUST0149,2024-06-01,99,paid
PAY001731,CUST0149,2024-07-01,99,paid
PAY001732,CUST0149,2024-08-01,99,paid
PAY001733,CUST0149,2024-09-01,99,paid
PAY001734,CUST0149,2024-10-01,99,paid
PAY001735,CUST0149,2024-11-01,99,paid
PAY001736,CUST0149,2024-12-01,99,paid
PAY001737,CUST0149,2025-01-01,99,paid
PAY001738,CUST0149,2025-02-01,99,paid
PAY001739,CUST0149,2025-03-01,99,paid
PAY001740,CUST0149,2025-04-01,99,paid
PAY001741,CUST0149,2025-05-01,99,paid
PAY001742,CUST0149,2025-06-01,99,paid
PAY001743,CUST0149,2025-07-01,99,paid
PAY001744,CUST0149,2025-08-01,99,paid
PAY001745,CUST0149,2025-09-01,99,paid
PAY001746,CUST0149,2025-10-01,99,paid
PAY001747,CUST0149,2025-11-01,99,paid
PAY001748,CUST0149,2025-12-01,99,paid
PAY001749,CUST0150,2024-07-01,29,paid
PAY001750,CUST0150,2024-08-01,29,paid
PAY001751,CUST0150,2024-09-01,29,paid
PAY001752,CUST0150,2024-10-01,29,paid
PAY001753,CUST0150,2024-11-01,29,paid
PAY001754,CUST0150,2024-12-01,29,paid
PAY001755,CUST0150,2025-01-01,29,failed
PAY001756,CUST0150,2025-02-01,29,paid
PAY001757,CUST0150,2025-03-01,29,paid
PAY001758,CUST0150,2025-04-01,29,paid
PAY001759,CUST0150,2025-05-01,29,paid
PAY001760,CUST0150,2025-06-01,29,paid
PAY001761,CUST0150,2025-07-01,29,paid
PAY001762,CUST0150,2025-08-01,29,paid
PAY001763,CUST0150,2025-09-01,29,paid
PAY001764,CUST0150,2025-10-01,29,paid
PAY001765,CUST0150,2025-11-01,29,paid
PAY001766,CUST0150,2025-12-01,29,paid
PAY001767,CUST0151,2025-01-01,29,paid
PAY001768,CUST0151,2025-02-01,29,failed
PAY001769,CUST0151,2025-03-01,29,paid
PAY001770,CUST0151,2025-04-01,29,paid
PAY001771,CUST0151,2025-05-01,29,paid
PAY001772,CUST0151,2025-06-01,29,paid
PAY001773,CUST0151,2025-07-01,29,paid
PAY001774,CUST0151,2025-08-01,29,paid
PAY001775,CUST0151,2025-09-01,29,paid
PAY001776,CUST0151,2025-10-01,29,paid
PAY001777,CUST0151,2025-11-01,29,paid
PAY001778,CUST0151,2025-12-01,29,paid
PAY001779,CUST0152,2025-04-01,99,paid
PAY001780,CUST0152,2025-05-01,99,paid
PAY001781,CUST0152,2025-06-01,99,paid
PAY001782,CUST0152,2025-07-01,99,paid
PAY001783,CUST0152,2025-08-01,99,paid
PAY001784,CUST0152,2025-09-01,99,paid
PAY001785,CUST0152,2025-10-01,99,paid
PAY001786,CUST0152,2025-11-01,99,paid
PAY001787,CUST0152,2025-12-01,99,paid
PAY001788,CUST0153,2025-08-01,99,paid
PAY001789,CUST0153,2025-09-01,99,failed
PAY001790,CUST0153,2025-10-01,99,paid
PAY001791,CUST0153,2025-11-01,99,paid
PAY001792,CUST0153,2025-12-01,99,paid
PAY001793,CUST0154,2024-08-01,299,paid
PAY001794,CUST0154,2024-09-01,299,paid
PAY001795,CUST0154,2024-10-01,299,paid
PAY001796,CUST0154,2024-11-01,299,paid
PAY001797,CUST0154,2024-12-01,299,paid
PAY001798,CUST0154,2025-01-01,299,paid
PAY001799,CUST0154,2025-02-01,299,paid
PAY001800,CUST0154,2025-03-01,299,paid
PAY001801,CUST0154,2025-04-01,299,paid
PAY001802,CUST0154,2025-05-01,299,paid
PAY001803,CUST0154,2025-06-01,299,paid
PAY001804,CUST0154,2025-07-01,299,paid
PAY001805,CUST0154,2025-08-01,299,paid
PAY001806,CUST0154,2025-09-01,299,paid
PAY001807,CUST0154,2025-10-01,299,paid
PAY001808,CUST0154,2025-11-01,299,paid
PAY001809,CUST0154,2025-12-01,299,paid
PAY001810,CUST0155,2024-03-01,29,paid
PAY001811,CUST0155,2024-04-01,29,paid
PAY001812,CUST0155,2024-05-01,29,paid
PAY001813,CUST0155,2024-06-01,29,paid
PAY001814,CUST0155,2024-07-01,29,paid
PAY001815,CUST0155,2024-08-01,29,paid
PAY001816,CUST0156,2024-07-01,299,paid
PAY001817,CUST0156,2024-08-01,299,paid
PAY001818,CUST0156,2024-09-01,299,paid
PAY001819,CUST0156,2024-10-01,299,paid
PAY001820,CUST0156,2024-11-01,299,paid
PAY001821,CUST0156,2024-12-01,299,paid
PAY001822,CUST0156,2025-01-01,299,paid
PAY001823,CUST0156,2025-02-01,299,paid
PAY001824,CUST0156,2025-03-01,299,paid
PAY001825,CUST0156,2025-04-01,299,paid
PAY001826,CUST0156,2025-05-01,299,paid
PAY001827,CUST0157,2024-05-01,299,paid
PAY001828,CUST0157,2024-06-01,299,paid
PAY001829,CUST0157,2024-07-01,299,paid
PAY001830,CUST0157,2024-08-01,299,paid
PAY001831,CUST0157,2024-09-01,299,paid
PAY001832,CUST0157,2024-10-01,299,paid
PAY001833,CUST0158,2025-02-01,29,paid
PAY001834,CUST0158,2025-03-01,29,paid
PAY001835,CUST0158,2025-04-01,29,paid
PAY001836,CUST0158,2025-05-01,29,paid
PAY001837,CUST0159,2024-07-01,299,paid
PAY001838,CUST0159,2024-08-01,299,paid
PAY001839,CUST0159,2024-09-01,299,paid
PAY001840,CUST0159,2024-10-01,299,paid
PAY001841,CUST0159,2024-11-01,299,paid
PAY001842,CUST0159,2024-12-01,299,paid
PAY001843,CUST0159,2025-01-01,299,paid
PAY001844,CUST0159,2025-02-01,299,paid
PAY001845,CUST0159,2025-03-01,299,paid
PAY001846,CUST0159,2025-04-01,299,failed
PAY001847,CUST0159,2025-05-01,299,paid
PAY001848,CUST0159,2025-06-01,299,paid
PAY001849,CUST0159,2025-07-01,299,paid
PAY001850,CUST0159,2025-08-01,299,paid
PAY001851,CUST0159,2025-09-01,299,paid
PAY001852,CUST0159,2025-10-01,299,paid
PAY001853,CUST0159,2025-11-01,299,paid
PAY001854,CUST0159,2025-12-01,299,paid
PAY001855,CUST0160,2024-06-01,29,paid
PAY001856,CUST0160,2024-07-01,29,paid
PAY001857,CUST0160,2024-08-01,29,paid
PAY001858,CUST0160,2024-09-01,29,paid
PAY001859,CUST0160,2024-10-01,29,paid
PAY001860,CUST0160,2024-11-01,29,paid
PAY001861,CUST0160,2024-12-01,29,paid
PAY001862,CUST0160,2025-01-01,29,paid
PAY001863,CUST0160,2025-02-01,29,paid
PAY001864,CUST0160,2025-03-01,29,paid
PAY001865,CUST0160,2025-04-01,29,paid
PAY001866,CUST0161,2024-08-01,29,paid
PAY001867,CUST0161,2024-09-01,29,paid
PAY001868,CUST0161,2024-10-01,29,paid
PAY001869,CUST0161,2024-11-01,29,paid
PAY001870,CUST0161,2024-12-01,29,paid
PAY001871,CUST0161,2025-01-01,29,paid
PAY001872,CUST0161,2025-02-01,99,paid
PAY001873,CUST0161,2025-03-01,99,paid
PAY001874,CUST0161,2025-04-01,99,paid
PAY001875,CUST0161,2025-05-01,99,paid
PAY001876,CUST0161,2025-06-01,99,paid
PAY001877,CUST0161,2025-07-01,99,paid
PAY001878,CUST0161,2025-08-01,99,paid
PAY001879,CUST0161,2025-09-01,99,paid
PAY001880,CUST0161,2025-10-01,99,paid
PAY001881,CUST0161,2025-11-01,99,paid
PAY001882,CUST0161,2025-12-01,99,paid
PAY001883,CUST0162,2024-06-01,29,paid
PAY001884,CUST0162,2024-07-01,29,paid
PAY001885,CUST0162,2024-08-01,29,paid
PAY001886,CUST0162,2024-09-01,29,paid
PAY001887,CUST0162,2024-10-01,29,paid
PAY001888,CUST0162,2024-11-01,29,paid
PAY001889,CUST0162,2024-12-01,29,paid
PAY001890,CUST0162,2025-01-01,29,paid
PAY001891,CUST0162,2025-02-01,29,paid
PAY001892,CUST0162,2025-03-01,29,paid
PAY001893,CUST0162,2025-04-01,29,paid
PAY001894,CUST0162,2025-05-01,29,paid
PAY001895,CUST0162,2025-06-01,29,failed
PAY001896,CUST0162,2025-07-01,29,paid
PAY001897,CUST0162,2025-08-01,29,paid
PAY001898,CUST0162,2025-09-01,29,paid
PAY001899,CUST0162,2025-10-01,29,paid
PAY001900,CUST0162,2025-11-01,29,paid
PAY001901,CUST0162,2025-12-01,29,paid
PAY001902,CUST0163,2024-05-01,29,paid
PAY001903,CUST0163,2024-06-01,29,paid
PAY001904,CUST0163,2024-07-01,29,paid
PAY001905,CUST0163,2024-08-01,29,paid
PAY001906,CUST0163,2024-09-01,29,paid
PAY001907,CUST0163,2024-10-01,29,paid
PAY001908,CUST0163,2024-11-01,99,paid
PAY001909,CUST0163,2024-12-01,99,paid
PAY001910,CUST0163,2025-01-01,99,paid
PAY001911,CUST0163,2025-02-01,99,paid
PAY001912,CUST0163,2025-03-01,99,paid
PAY001913,CUST0163,2025-04-01,99,paid
PAY001914,CUST0163,2025-05-01,99,paid
PAY001915,CUST0163,2025-06-01,99,paid
PAY001916,CUST0163,2025-07-01,99,paid
PAY001917,CUST0163,2025-08-01,99,paid
PAY001918,CUST0163,2025-09-01,99,paid
PAY001919,CUST0163,2025-10-01,99,paid
PAY001920,CUST0163,2025-11-01,99,paid
PAY001921,CUST0163,2025-12-01,99,paid
PAY001922,CUST0164,2025-07-01,99,paid
PAY001923,CUST0164,2025-08-01,99,paid
PAY001924,CUST0164,2025-09-01,99,paid
PAY001925,CUST0164,2025-10-01,99,paid
PAY001926,CUST0164,2025-11-01,99,paid
PAY001927,CUST0164,2025-12-01,99,paid
PAY001928,CUST0165,2024-05-01,99,paid
PAY001929,CUST0165,2024-06-01,99,paid
PAY001930,CUST0165,2024-07-01,99,paid
PAY001931,CUST0165,2024-08-01,99,paid
PAY001932,CUST0165,2024-09-01,99,paid
PAY001933,CUST0165,2024-10-01,99,paid
PAY001934,CUST0165,2024-11-01,99,paid
PAY001935,CUST0165,2024-12-01,99,paid
PAY001936,CUST0165,2025-01-01,99,paid
PAY001937,CUST0165,2025-02-01,99,paid
PAY001938,CUST0165,2025-03-01,99,paid
PAY001939,CUST0165,2025-04-01,99,paid
PAY001940,CUST0165,2025-05-01,99,paid
PAY001941,CUST0165,2025-06-01,99,paid
PAY001942,CUST0165,2025-07-01,99,paid
PAY001943,CUST0165,2025-08-01,99,paid
PAY001944,CUST0165,2025-09-01,99,paid
PAY001945,CUST0165,2025-10-01,99,paid
PAY001946,CUST0165,2025-11-01,99,paid
PAY001947,CUST0165,2025-12-01,99,paid
PAY001948,CUST0166,2025-02-01,29,paid
PAY001949,CUST0166,2025-03-01,29,paid
PAY001950,CUST0166,2025-04-01,29,paid
PAY001951,CUST0166,2025-05-01,29,paid
PAY001952,CUST0166,2025-06-01,29,paid
PAY001953,CUST0166,2025-07-01,29,paid
PAY001954,CUST0166,2025-08-01,29,paid
PAY001955,CUST0166,2025-09-01,29,paid
PAY001956,CUST0166,2025-10-01,29,paid
PAY001957,CUST0166,2025-11-01,29,paid
PAY001958,CUST0166,2025-12-01,29,paid
PAY001959,CUST0167,2024-03-01,99,paid
PAY001960,CUST0167,2024-04-01,99,paid
PAY001961,CUST0167,2024-05-01,99,paid
PAY001962,CUST0167,2024-06-01,99,paid
PAY001963,CUST0167,2024-07-01,99,paid
PAY001964,CUST0167,2024-08-01,99,paid
PAY001965,CUST0167,2024-09-01,99,paid
PAY001966,CUST0167,2024-10-01,99,paid
PAY001967,CUST0167,2024-11-01,99,paid
PAY001968,CUST0167,2024-12-01,99,paid
PAY001969,CUST0167,2025-01-01,99,paid
PAY001970,CUST0167,2025-02-01,99,paid
PAY001971,CUST0167,2025-03-01,99,paid
PAY001972,CUST0167,2025-04-01,99,paid
PAY001973,CUST0167,2025-05-01,99,paid
PAY001974,CUST0167,2025-06-01,99,paid
PAY001975,CUST0167,2025-07-01,99,paid
PAY001976,CUST0167,2025-08-01,99,paid
PAY001977,CUST0167,2025-09-01,99,paid
PAY001978,CUST0167,2025-10-01,99,paid
PAY001979,CUST0167,2025-11-01,99,paid
PAY001980,CUST0167,2025-12-01,99,paid
PAY001981,CUST0168,2024-12-01,29,paid
PAY001982,CUST0168,2025-01-01,29,paid
PAY001983,CUST0168,2025-02-01,29,paid
PAY001984,CUST0168,2025-03-01,29,paid
PAY001985,CUST0168,2025-04-01,29,paid
PAY001986,CUST0168,2025-05-01,29,paid
PAY001987,CUST0168,2025-06-01,29,paid
PAY001988,CUST0168,2025-07-01,29,paid
PAY001989,CUST0168,2025-08-01,29,paid
PAY001990,CUST0168,2025-09-01,29,paid
PAY001991,CUST0168,2025-10-01,29,paid
PAY001992,CUST0168,2025-11-01,29,paid
PAY001993,CUST0168,2025-12-01,29,paid
PAY001994,CUST0169,2025-07-01,29,paid
PAY001995,CUST0169,2025-08-01,29,paid
PAY001996,CUST0169,2025-09-01,29,paid
PAY001997,CUST0169,2025-10-01,29,paid
PAY001998,CUST0169,2025-11-01,29,paid
PAY001999,CUST0169,2025-12-01,29,paid
PAY002000,CUST0170,2024-05-01,29,paid
PAY002001,CUST0170,2024-06-01,29,paid
PAY002002,CUST0170,2024-07-01,29,paid
PAY002003,CUST0170,2024-08-01,29,paid
PAY002004,CUST0170,2024-09-01,29,paid
PAY002005,CUST0170,2024-10-01,29,paid
PAY002006,CUST0170,2024-11-01,29,paid
PAY002007,CUST0170,2024-12-01,29,paid
PAY002008,CUST0171,2024-05-01,29,paid
PAY002009,CUST0171,2024-06-01,29,paid
PAY002010,CUST0171,2024-07-01,29,paid
PAY002011,CUST0171,2024-08-01,29,paid
PAY002012,CUST0171,2024-09-01,29,paid
PAY002013,CUST0171,2024-10-01,29,paid
PAY002014,CUST0171,2024-11-01,29,paid
PAY002015,CUST0171,2024-12-01,29,paid
PAY002016,CUST0171,2025-01-01,29,paid
PAY002017,CUST0171,2025-02-01,29,paid
PAY002018,CUST0171,2025-03-01,29,paid
PAY002019,CUST0171,2025-04-01,29,paid
PAY002020,CUST0171,2025-05-01,29,paid
PAY002021,CUST0171,2025-06-01,29,paid
PAY002022,CUST0171,2025-07-01,29,paid
PAY002023,CUST0171,2025-08-01,29,paid
PAY002024,CUST0171,2025-09-01,29,paid
PAY002025,CUST0171,2025-10-01,29,paid
PAY002026,CUST0171,2025-11-01,29,paid
PAY002027,CUST0172,2024-08-01,29,paid
PAY002028,CUST0172,2024-09-01,29,paid
PAY002029,CUST0172,2024-10-01,29,paid
PAY002030,CUST0172,2024-11-01,29,paid
PAY002031,CUST0172,2024-12-01,29,paid
PAY002032,CUST0172,2025-01-01,29,paid
PAY002033,CUST0172,2025-02-01,29,paid
PAY002034,CUST0172,2025-03-01,29,paid
PAY002035,CUST0172,2025-04-01,29,paid
PAY002036,CUST0172,2025-05-01,29,paid
PAY002037,CUST0172,2025-06-01,29,paid
PAY002038,CUST0172,2025-07-01,29,paid
PAY002039,CUST0172,2025-08-01,29,paid
PAY002040,CUST0173,2024-03-01,99,paid
PAY002041,CUST0173,2024-04-01,99,paid
PAY002042,CUST0173,2024-05-01,99,paid
PAY002043,CUST0173,2024-06-01,99,paid
PAY002044,CUST0173,2024-07-01,99,paid
PAY002045,CUST0173,2024-08-01,99,paid
PAY002046,CUST0173,2024-09-01,299,paid
PAY002047,CUST0173,2024-10-01,299,paid
PAY002048,CUST0174,2024-04-01,99,paid
PAY002049,CUST0174,2024-05-01,99,paid
PAY002050,CUST0174,2024-06-01,99,paid
PAY002051,CUST0174,2024-07-01,99,paid
PAY002052,CUST0174,2024-08-01,99,paid
PAY002053,CUST0174,2024-09-01,99,paid
PAY002054,CUST0174,2024-10-01,99,paid
PAY002055,CUST0174,2024-11-01,99,paid
PAY002056,CUST0174,2024-12-01,99,paid
PAY002057,CUST0174,2025-01-01,99,paid
PAY002058,CUST0174,2025-02-01,99,paid
PAY002059,CUST0174,2025-03-01,99,paid
PAY002060,CUST0174,2025-04-01,99,paid
PAY002061,CUST0174,2025-05-01,99,paid
PAY002062,CUST0174,2025-06-01,99,paid
PAY002063,CUST0174,2025-07-01,99,paid
PAY002064,CUST0174,2025-08-01,99,paid
PAY002065,CUST0174,2025-09-01,99,paid
PAY002066,CUST0174,2025-10-01,99,paid
PAY002067,CUST0174,2025-11-01,99,paid
PAY002068,CUST0174,2025-12-01,99,paid
PAY002069,CUST0175,2025-10-01,29,paid
PAY002070,CUST0175,2025-11-01,29,paid
PAY002071,CUST0175,2025-12-01,29,paid
PAY002072,CUST0176,2025-03-01,299,failed
PAY002073,CUST0176,2025-04-01,299,paid
PAY002074,CUST0176,2025-05-01,299,paid
PAY002075,CUST0176,2025-06-01,299,paid
PAY002076,CUST0176,2025-07-01,299,paid
PAY002077,CUST0176,2025-08-01,299,paid
PAY002078,CUST0176,2025-09-01,299,paid
PAY002079,CUST0176,2025-10-01,299,paid
PAY002080,CUST0176,2025-11-01,299,paid
PAY002081,CUST0176,2025-12-01,299,paid
PAY002082,CUST0177,2024-04-01,99,paid
PAY002083,CUST0177,2024-05-01,99,paid
PAY002084,CUST0177,2024-06-01,99,paid
PAY002085,CUST0177,2024-07-01,99,paid
PAY002086,CUST0177,2024-08-01,99,paid
PAY002087,CUST0177,2024-09-01,99,paid
PAY002088,CUST0177,2024-10-01,299,paid
PAY002089,CUST0177,2024-11-01,299,paid
PAY002090,CUST0177,2024-12-01,299,paid
PAY002091,CUST0177,2025-01-01,299,paid
PAY002092,CUST0177,2025-02-01,299,paid
PAY002093,CUST0177,2025-03-01,299,paid
PAY002094,CUST0177,2025-04-01,299,paid
PAY002095,CUST0177,2025-05-01,299,paid
PAY002096,CUST0177,2025-06-01,299,paid
PAY002097,CUST0177,2025-07-01,299,paid
PAY002098,CUST0177,2025-08-01,299,paid
PAY002099,CUST0177,2025-09-01,299,paid
PAY002100,CUST0177,2025-10-01,299,paid
PAY002101,CUST0177,2025-11-01,299,paid
PAY002102,CUST0177,2025-12-01,299,paid
PAY002103,CUST0178,2025-05-01,29,paid
PAY002104,CUST0178,2025-06-01,29,paid
PAY002105,CUST0178,2025-07-01,29,failed
PAY002106,CUST0178,2025-08-01,29,paid
PAY002107,CUST0178,2025-09-01,29,paid
PAY002108,CUST0178,2025-10-01,29,paid
PAY002109,CUST0178,2025-11-01,29,paid
PAY002110,CUST0178,2025-12-01,29,paid
PAY002111,CUST0179,2024-07-01,29,paid
PAY002112,CUST0179,2024-08-01,29,paid
PAY002113,CUST0180,2024-12-01,29,paid
PAY002114,CUST0180,2025-01-01,29,paid
PAY002115,CUST0180,2025-02-01,29,paid
PAY002116,CUST0180,2025-03-01,29,paid
PAY002117,CUST0180,2025-04-01,29,paid
PAY002118,CUST0180,2025-05-01,29,paid
PAY002119,CUST0180,2025-06-01,29,paid
PAY002120,CUST0180,2025-07-01,29,paid
PAY002121,CUST0180,2025-08-01,29,paid
PAY002122,CUST0180,2025-09-01,29,paid
PAY002123,CUST0180,2025-10-01,29,paid
PAY002124,CUST0180,2025-11-01,29,paid
PAY002125,CUST0180,2025-12-01,29,paid
PAY002126,CUST0181,2024-09-01,29,paid
PAY002127,CUST0181,2024-10-01,29,paid
PAY002128,CUST0181,2024-11-01,29,paid
PAY002129,CUST0181,2024-12-01,29,paid
PAY002130,CUST0181,2025-01-01,29,paid
PAY002131,CUST0181,2025-02-01,29,paid
PAY002132,CUST0181,2025-03-01,29,paid
PAY002133,CUST0181,2025-04-01,29,paid
PAY002134,CUST0181,2025-05-01,29,paid
PAY002135,CUST0181,2025-06-01,29,paid
PAY002136,CUST0181,2025-07-01,29,paid
PAY002137,CUST0181,2025-08-01,29,paid
PAY002138,CUST0181,2025-09-01,29,paid
PAY002139,CUST0181,2025-10-01,29,paid
PAY002140,CUST0181,2025-11-01,29,paid
PAY002141,CUST0181,2025-12-01,29,paid
PAY002142,CUST0182,2025-03-01,29,paid
PAY002143,CUST0182,2025-04-01,29,paid
PAY002144,CUST0182,2025-05-01,29,paid
PAY002145,CUST0182,2025-06-01,29,paid
PAY002146,CUST0182,2025-07-01,29,paid
PAY002147,CUST0182,2025-08-01,29,paid
PAY002148,CUST0182,2025-09-01,29,paid
PAY002149,CUST0182,2025-10-01,29,paid
PAY002150,CUST0182,2025-11-01,29,paid
PAY002151,CUST0182,2025-12-01,29,paid
PAY002152,CUST0183,2024-12-01,299,paid
PAY002153,CUST0183,2025-01-01,299,paid
PAY002154,CUST0183,2025-02-01,299,paid
PAY002155,CUST0183,2025-03-01,299,paid
PAY002156,CUST0183,2025-04-01,299,paid
PAY002157,CUST0183,2025-05-01,299,paid
PAY002158,CUST0183,2025-06-01,299,paid
PAY002159,CUST0183,2025-07-01,299,paid
PAY002160,CUST0183,2025-08-01,299,paid
PAY002161,CUST0183,2025-09-01,299,paid
PAY002162,CUST0183,2025-10-01,299,paid
PAY002163,CUST0183,2025-11-01,299,paid
PAY002164,CUST0183,2025-12-01,299,paid
PAY002165,CUST0184,2024-08-01,99,paid
PAY002166,CUST0184,2024-09-01,99,paid
PAY002167,CUST0184,2024-10-01,99,failed
PAY002168,CUST0184,2024-11-01,99,failed
PAY002169,CUST0184,2024-12-01,99,paid
PAY002170,CUST0184,2025-01-01,99,paid
PAY002171,CUST0184,2025-02-01,99,paid
PAY002172,CUST0184,2025-03-01,99,paid
PAY002173,CUST0184,2025-04-01,99,paid
PAY002174,CUST0184,2025-05-01,99,paid
PAY002175,CUST0184,2025-06-01,99,paid
PAY002176,CUST0184,2025-07-01,99,paid
PAY002177,CUST0184,2025-08-01,99,paid
PAY002178,CUST0184,2025-09-01,99,paid
PAY002179,CUST0184,2025-10-01,99,paid
PAY002180,CUST0184,2025-11-01,99,paid
PAY002181,CUST0184,2025-12-01,99,paid
PAY002182,CUST0185,2025-04-01,29,paid
PAY002183,CUST0185,2025-05-01,29,paid
PAY002184,CUST0185,2025-06-01,29,paid
PAY002185,CUST0185,2025-07-01,29,paid
PAY002186,CUST0185,2025-08-01,29,failed
PAY002187,CUST0185,2025-09-01,29,paid
PAY002188,CUST0185,2025-10-01,29,paid
PAY002189,CUST0185,2025-11-01,29,paid
PAY002190,CUST0185,2025-12-01,29,paid
PAY002191,CUST0186,2024-05-01,299,paid
PAY002192,CUST0186,2024-06-01,299,paid
PAY002193,CUST0186,2024-07-01,299,paid
PAY002194,CUST0186,2024-08-01,299,paid
PAY002195,CUST0186,2024-09-01,299,paid
PAY002196,CUST0186,2024-10-01,299,paid
PAY002197,CUST0186,2024-11-01,299,paid
PAY002198,CUST0186,2024-12-01,299,failed
PAY002199,CUST0186,2025-01-01,299,paid
PAY002200,CUST0186,2025-02-01,299,paid
PAY002201,CUST0186,2025-03-01,299,paid
PAY002202,CUST0186,2025-04-01,299,paid
PAY002203,CUST0186,2025-05-01,299,paid
PAY002204,CUST0186,2025-06-01,299,paid
PAY002205,CUST0186,2025-07-01,299,paid
PAY002206,CUST0186,2025-08-01,299,paid
PAY002207,CUST0186,2025-09-01,299,paid
PAY002208,CUST0186,2025-10-01,299,paid
PAY002209,CUST0186,2025-11-01,299,paid
PAY002210,CUST0186,2025-12-01,299,paid
PAY002211,CUST0187,2025-04-01,99,paid
PAY002212,CUST0187,2025-05-01,99,paid
PAY002213,CUST0187,2025-06-01,99,paid
PAY002214,CUST0187,2025-07-01,99,paid
PAY002215,CUST0187,2025-08-01,99,paid
PAY002216,CUST0187,2025-09-01,99,paid
PAY002217,CUST0187,2025-10-01,299,paid
PAY002218,CUST0187,2025-11-01,299,paid
PAY002219,CUST0187,2025-12-01,299,paid
PAY002220,CUST0188,2025-06-01,29,paid
PAY002221,CUST0188,2025-07-01,29,paid
PAY002222,CUST0188,2025-08-01,29,paid
PAY002223,CUST0188,2025-09-01,29,paid
PAY002224,CUST0188,2025-10-01,29,paid
PAY002225,CUST0188,2025-11-01,29,paid
PAY002226,CUST0188,2025-12-01,29,paid
PAY002227,CUST0189,2024-11-01,99,paid
PAY002228,CUST0189,2024-12-01,99,paid
PAY002229,CUST0189,2025-01-01,99,paid
PAY002230,CUST0189,2025-02-01,99,paid
PAY002231,CUST0189,2025-03-01,99,paid
PAY002232,CUST0189,2025-04-01,99,paid
PAY002233,CUST0189,2025-05-01,99,paid
PAY002234,CUST0189,2025-06-01,99,paid
PAY002235,CUST0189,2025-07-01,99,paid
PAY002236,CUST0189,2025-08-01,99,paid
PAY002237,CUST0189,2025-09-01,99,paid
PAY002238,CUST0189,2025-10-01,99,paid
PAY002239,CUST0189,2025-11-01,99,paid
PAY002240,CUST0189,2025-12-01,99,paid
PAY002241,CUST0190,2024-12-01,29,paid
PAY002242,CUST0190,2025-01-01,29,paid
PAY002243,CUST0190,2025-02-01,29,paid
PAY002244,CUST0190,2025-03-01,29,paid
PAY002245,CUST0190,2025-04-01,29,paid
PAY002246,CUST0190,2025-05-01,29,failed
PAY002247,CUST0190,2025-06-01,29,paid
PAY002248,CUST0190,2025-07-01,29,paid
PAY002249,CUST0190,2025-08-01,29,paid
PAY002250,CUST0190,2025-09-01,29,paid
PAY002251,CUST0190,2025-10-01,29,paid
PAY002252,CUST0190,2025-11-01,29,paid
PAY002253,CUST0190,2025-12-01,29,paid
PAY002254,CUST0191,2024-04-01,29,paid
PAY002255,CUST0191,2024-05-01,29,paid
PAY002256,CUST0191,2024-06-01,29,paid
PAY002257,CUST0191,2024-07-01,29,paid
PAY002258,CUST0191,2024-08-01,29,paid
PAY002259,CUST0191,2024-09-01,29,paid
PAY002260,CUST0191,2024-10-01,29,paid
PAY002261,CUST0191,2024-11-01,29,paid
PAY002262,CUST0191,2024-12-01,29,paid
PAY002263,CUST0191,2025-01-01,29,paid
PAY002264,CUST0191,2025-02-01,29,paid
PAY002265,CUST0191,2025-03-01,29,paid
PAY002266,CUST0191,2025-04-01,29,paid
PAY002267,CUST0191,2025-05-01,29,paid
PAY002268,CUST0191,2025-06-01,29,paid
PAY002269,CUST0191,2025-07-01,29,paid
PAY002270,CUST0191,2025-08-01,29,paid
PAY002271,CUST0191,2025-09-01,29,paid
PAY002272,CUST0191,2025-10-01,29,paid
PAY002273,CUST0191,2025-11-01,29,paid
PAY002274,CUST0191,2025-12-01,29,paid
PAY002275,CUST0192,2025-10-01,299,paid
PAY002276,CUST0192,2025-11-01,299,paid
PAY002277,CUST0192,2025-12-01,299,paid
PAY002278,CUST0193,2024-05-01,99,paid
PAY002279,CUST0193,2024-06-01,99,paid
PAY002280,CUST0193,2024-07-01,99,paid
PAY002281,CUST0193,2024-08-01,99,paid
PAY002282,CUST0193,2024-09-01,99,paid
PAY002283,CUST0193,2024-10-01,99,paid
PAY002284,CUST0194,2024-09-01,299,paid
PAY002285,CUST0194,2024-10-01,299,paid
PAY002286,CUST0194,2024-11-01,299,paid
PAY002287,CUST0194,2024-12-01,299,paid
PAY002288,CUST0194,2025-01-01,299,paid
PAY002289,CUST0194,2025-02-01,299,paid
PAY002290,CUST0194,2025-03-01,299,paid
PAY002291,CUST0194,2025-04-01,299,paid
PAY002292,CUST0194,2025-05-01,299,paid
PAY002293,CUST0195,2025-06-01,29,paid
PAY002294,CUST0195,2025-07-01,29,paid
PAY002295,CUST0195,2025-08-01,29,paid
PAY002296,CUST0195,2025-09-01,29,paid
PAY002297,CUST0195,2025-10-01,29,paid
PAY002298,CUST0195,2025-11-01,29,paid
PAY002299,CUST0195,2025-12-01,29,paid
PAY002300,CUST0196,2024-06-01,99,paid
PAY002301,CUST0196,2024-07-01,99,paid
PAY002302,CUST0196,2024-08-01,99,paid
PAY002303,CUST0196,2024-09-01,99,paid
PAY002304,CUST0196,2024-10-01,99,paid
PAY002305,CUST0196,2024-11-01,99,paid
PAY002306,CUST0196,2024-12-01,99,paid
PAY002307,CUST0196,2025-01-01,99,paid
PAY002308,CUST0196,2025-02-01,99,paid
PAY002309,CUST0196,2025-03-01,99,paid
PAY002310,CUST0196,2025-04-01,99,paid
PAY002311,CUST0196,2025-05-01,99,paid
PAY002312,CUST0196,2025-06-01,99,paid
PAY002313,CUST0196,2025-07-01,99,paid
PAY002314,CUST0196,2025-08-01,99,paid
PAY002315,CUST0196,2025-09-01,99,paid
PAY002316,CUST0196,2025-10-01,99,paid
PAY002317,CUST0196,2025-11-01,99,paid
PAY002318,CUST0196,2025-12-01,99,paid
PAY002319,CUST0197,2024-10-01,299,paid
PAY002320,CUST0197,2024-11-01,299,paid
PAY002321,CUST0197,2024-12-01,299,paid
PAY002322,CUST0197,2025-01-01,299,paid
PAY002323,CUST0197,2025-02-01,299,paid
PAY002324,CUST0197,2025-03-01,299,paid
PAY002325,CUST0197,2025-04-01,299,paid
PAY002326,CUST0197,2025-05-01,299,paid
PAY002327,CUST0197,2025-06-01,299,paid
PAY002328,CUST0197,2025-07-01,299,paid
PAY002329,CUST0197,2025-08-01,299,paid
PAY002330,CUST0197,2025-09-01,299,failed
PAY002331,CUST0197,2025-10-01,299,paid
PAY002332,CUST0197,2025-11-01,299,paid
PAY002333,CUST0197,2025-12-01,299,paid
PAY002334,CUST0198,2024-05-01,299,paid
PAY002335,CUST0198,2024-06-01,299,paid
PAY002336,CUST0198,2024-07-01,299,paid
PAY002337,CUST0198,2024-08-01,299,paid
PAY002338,CUST0198,2024-09-01,299,paid
PAY002339,CUST0198,2024-10-01,299,paid
PAY002340,CUST0198,2024-11-01,299,paid
PAY002341,CUST0198,2024-12-01,299,paid
PAY002342,CUST0198,2025-01-01,299,paid
PAY002343,CUST0198,2025-02-01,299,paid
PAY002344,CUST0198,2025-03-01,299,paid
PAY002345,CUST0198,2025-04-01,299,paid
PAY002346,CUST0198,2025-05-01,299,paid
PAY002347,CUST0198,2025-06-01,299,paid
PAY002348,CUST0198,2025-07-01,299,paid
PAY002349,CUST0198,2025-08-01,299,paid
PAY002350,CUST0198,2025-09-01,299,paid
PAY002351,CUST0198,2025-10-01,299,paid
PAY002352,CUST0198,2025-11-01,299,paid
PAY002353,CUST0198,2025-12-01,299,paid
PAY002354,CUST0199,2025-02-01,99,paid
PAY002355,CUST0199,2025-03-01,99,paid
PAY002356,CUST0199,2025-04-01,99,paid
PAY002357,CUST0199,2025-05-01,99,paid
PAY002358,CUST0199,2025-06-01,99,paid
PAY002359,CUST0199,2025-07-01,99,paid
PAY002360,CUST0199,2025-08-01,99,paid
PAY002361,CUST0199,2025-09-01,99,paid
PAY002362,CUST0199,2025-10-01,99,paid
PAY002363,CUST0199,2025-11-01,99,paid
PAY002364,CUST0199,2025-12-01,99,paid
PAY002365,CUST0200,2025-05-01,299,paid
PAY002366,CUST0200,2025-06-01,299,paid
PAY002367,CUST0200,2025-07-01,299,paid
PAY002368,CUST0200,2025-08-01,299,paid
PAY002369,CUST0200,2025-09-01,299,paid
PAY002370,CUST0200,2025-10-01,299,paid
PAY002371,CUST0200,2025-11-01,299,paid
PAY002372,CUST0200,2025-12-01,299,paid
PAY002373,CUST0201,2024-04-01,299,paid
PAY002374,CUST0201,2024-05-01,299,paid
PAY002375,CUST0201,2024-06-01,299,paid
PAY002376,CUST0201,2024-07-01,299,paid
PAY002377,CUST0201,2024-08-01,299,paid
PAY002378,CUST0201,2024-09-01,299,paid
PAY002379,CUST0201,2024-10-01,299,paid
PAY002380,CUST0201,2024-11-01,299,paid
PAY002381,CUST0201,2024-12-01,299,paid
PAY002382,CUST0201,2025-01-01,299,paid
PAY002383,CUST0201,2025-02-01,299,paid
PAY002384,CUST0201,2025-03-01,299,paid
PAY002385,CUST0201,2025-04-01,299,paid
PAY002386,CUST0201,2025-05-01,299,paid
PAY002387,CUST0201,2025-06-01,299,paid
PAY002388,CUST0201,2025-07-01,299,paid
PAY002389,CUST0201,2025-08-01,299,paid
PAY002390,CUST0201,2025-09-01,299,paid
PAY002391,CUST0201,2025-10-01,299,paid
PAY002392,CUST0201,2025-11-01,299,paid
PAY002393,CUST0201,2025-12-01,299,paid
PAY002394,CUST0202,2024-02-01,29,paid
PAY002395,CUST0202,2024-03-01,29,paid
PAY002396,CUST0202,2024-04-01,29,paid
PAY002397,CUST0202,2024-05-01,29,paid
PAY002398,CUST0202,2024-06-01,29,paid
PAY002399,CUST0202,2024-07-01,29,paid
PAY002400,CUST0202,2024-08-01,99,paid
PAY002401,CUST0202,2024-09-01,99,paid
PAY002402,CUST0202,2024-10-01,99,paid
PAY002403,CUST0202,2024-11-01,99,paid
PAY002404,CUST0202,2024-12-01,99,paid
PAY002405,CUST0202,2025-01-01,99,paid
PAY002406,CUST0202,2025-02-01,99,paid
PAY002407,CUST0202,2025-03-01,99,paid
PAY002408,CUST0202,2025-04-01,99,paid
PAY002409,CUST0202,2025-05-01,99,paid
PAY002410,CUST0202,2025-06-01,99,paid
PAY002411,CUST0202,2025-07-01,99,paid
PAY002412,CUST0203,2024-01-01,99,failed
PAY002413,CUST0203,2024-02-01,99,paid
PAY002414,CUST0203,2024-03-01,99,paid
PAY002415,CUST0203,2024-04-01,99,paid
PAY002416,CUST0203,2024-05-01,99,paid
PAY002417,CUST0203,2024-06-01,99,paid
PAY002418,CUST0203,2024-07-01,99,paid
PAY002419,CUST0203,2024-08-01,99,paid
PAY002420,CUST0203,2024-09-01,99,paid
PAY002421,CUST0203,2024-10-01,99,paid
PAY002422,CUST0203,2024-11-01,99,paid
PAY002423,CUST0203,2024-12-01,99,paid
PAY002424,CUST0203,2025-01-01,99,failed
PAY002425,CUST0203,2025-02-01,99,paid
PAY002426,CUST0203,2025-03-01,99,paid
PAY002427,CUST0203,2025-04-01,99,paid
PAY002428,CUST0203,2025-05-01,99,paid
PAY002429,CUST0203,2025-06-01,99,paid
PAY002430,CUST0203,2025-07-01,99,paid
PAY002431,CUST0203,2025-08-01,99,paid
PAY002432,CUST0203,2025-09-01,99,failed
PAY002433,CUST0203,2025-10-01,99,paid
PAY002434,CUST0203,2025-11-01,99,paid
PAY002435,CUST0203,2025-12-01,99,paid
PAY002436,CUST0204,2024-06-01,29,paid
PAY002437,CUST0204,2024-07-01,29,paid
PAY002438,CUST0204,2024-08-01,29,paid
PAY002439,CUST0204,2024-09-01,29,paid
PAY002440,CUST0204,2024-10-01,29,paid
PAY002441,CUST0204,2024-11-01,29,paid
PAY002442,CUST0204,2024-12-01,29,paid
PAY002443,CUST0205,2024-10-01,99,paid
PAY002444,CUST0205,2024-11-01,99,paid
PAY002445,CUST0205,2024-12-01,99,paid
PAY002446,CUST0205,2025-01-01,99,failed
PAY002447,CUST0205,2025-02-01,99,paid
PAY002448,CUST0205,2025-03-01,99,paid
PAY002449,CUST0205,2025-04-01,99,paid
PAY002450,CUST0205,2025-05-01,99,paid
PAY002451,CUST0205,2025-06-01,99,paid
PAY002452,CUST0205,2025-07-01,99,paid
PAY002453,CUST0205,2025-08-01,99,paid
PAY002454,CUST0205,2025-09-01,99,paid
PAY002455,CUST0205,2025-10-01,99,paid
PAY002456,CUST0205,2025-11-01,99,paid
PAY002457,CUST0205,2025-12-01,99,paid
PAY002458,CUST0206,2025-07-01,29,paid
PAY002459,CUST0206,2025-08-01,29,paid
PAY002460,CUST0206,2025-09-01,29,paid
PAY002461,CUST0206,2025-10-01,29,paid
PAY002462,CUST0207,2024-11-01,299,paid
PAY002463,CUST0207,2024-12-01,299,paid
PAY002464,CUST0207,2025-01-01,299,paid
PAY002465,CUST0207,2025-02-01,299,paid
PAY002466,CUST0207,2025-03-01,299,paid
PAY002467,CUST0207,2025-04-01,299,paid
PAY002468,CUST0207,2025-05-01,299,paid
PAY002469,CUST0207,2025-06-01,299,paid
PAY002470,CUST0207,2025-07-01,299,paid
PAY002471,CUST0207,2025-08-01,299,paid
PAY002472,CUST0207,2025-09-01,299,paid
PAY002473,CUST0207,2025-10-01,299,paid
PAY002474,CUST0207,2025-11-01,299,paid
PAY002475,CUST0207,2025-12-01,299,paid
PAY002476,CUST0208,2024-10-01,29,paid
PAY002477,CUST0208,2024-11-01,29,paid
PAY002478,CUST0209,2025-03-01,29,paid
PAY002479,CUST0209,2025-04-01,29,paid
PAY002480,CUST0209,2025-05-01,29,paid
PAY002481,CUST0209,2025-06-01,29,paid
PAY002482,CUST0209,2025-07-01,29,paid
PAY002483,CUST0209,2025-08-01,29,paid
PAY002484,CUST0209,2025-09-01,29,paid
PAY002485,CUST0209,2025-10-01,29,paid
PAY002486,CUST0209,2025-11-01,29,paid
PAY002487,CUST0209,2025-12-01,29,paid
PAY002488,CUST0210,2024-12-01,99,failed
PAY002489,CUST0210,2025-01-01,99,paid
PAY002490,CUST0210,2025-02-01,99,paid
PAY002491,CUST0210,2025-03-01,99,paid
PAY002492,CUST0210,2025-04-01,99,paid
PAY002493,CUST0210,2025-05-01,99,paid
PAY002494,CUST0210,2025-06-01,299,paid
PAY002495,CUST0210,2025-07-01,299,paid
PAY002496,CUST0210,2025-08-01,299,paid
PAY002497,CUST0210,2025-09-01,299,paid
PAY002498,CUST0210,2025-10-01,299,paid
PAY002499,CUST0210,2025-11-01,299,paid
PAY002500,CUST0210,2025-12-01,299,paid
PAY002501,CUST0211,2024-08-01,29,paid
PAY002502,CUST0211,2024-09-01,29,paid
PAY002503,CUST0211,2024-10-01,29,paid
PAY002504,CUST0211,2024-11-01,29,paid
PAY002505,CUST0211,2024-12-01,29,paid
PAY002506,CUST0211,2025-01-01,29,paid
PAY002507,CUST0211,2025-02-01,29,paid
PAY002508,CUST0211,2025-03-01,29,paid
PAY002509,CUST0211,2025-04-01,29,paid
PAY002510,CUST0211,2025-05-01,29,paid
PAY002511,CUST0211,2025-06-01,29,paid
PAY002512,CUST0211,2025-07-01,29,paid
PAY002513,CUST0211,2025-08-01,29,paid
PAY002514,CUST0211,2025-09-01,29,paid
PAY002515,CUST0211,2025-10-01,29,paid
PAY002516,CUST0211,2025-11-01,29,paid
PAY002517,CUST0211,2025-12-01,29,paid
PAY002518,CUST0212,2024-04-01,299,paid
PAY002519,CUST0212,2024-05-01,299,paid
PAY002520,CUST0212,2024-06-01,299,failed
PAY002521,CUST0213,2025-03-01,29,paid
PAY002522,CUST0213,2025-04-01,29,paid
PAY002523,CUST0213,2025-05-01,29,paid
PAY002524,CUST0213,2025-06-01,29,paid
PAY002525,CUST0213,2025-07-01,29,paid
PAY002526,CUST0213,2025-08-01,29,paid
PAY002527,CUST0213,2025-09-01,29,paid
PAY002528,CUST0213,2025-10-01,29,paid
PAY002529,CUST0213,2025-11-01,29,paid
PAY002530,CUST0213,2025-12-01,29,paid
PAY002531,CUST0214,2025-02-01,99,paid
PAY002532,CUST0214,2025-03-01,99,paid
PAY002533,CUST0214,2025-04-01,99,paid
PAY002534,CUST0214,2025-05-01,99,paid
PAY002535,CUST0214,2025-06-01,99,paid
PAY002536,CUST0214,2025-07-01,99,paid
PAY002537,CUST0214,2025-08-01,99,paid
PAY002538,CUST0214,2025-09-01,99,paid
PAY002539,CUST0214,2025-10-01,99,paid
PAY002540,CUST0214,2025-11-01,99,paid
PAY002541,CUST0214,2025-12-01,99,paid
PAY002542,CUST0215,2024-03-01,299,paid
PAY002543,CUST0215,2024-04-01,299,paid
PAY002544,CUST0215,2024-05-01,299,paid
PAY002545,CUST0215,2024-06-01,299,paid
PAY002546,CUST0215,2024-07-01,299,paid
PAY002547,CUST0215,2024-08-01,299,paid
PAY002548,CUST0215,2024-09-01,299,paid
PAY002549,CUST0215,2024-10-01,299,paid
PAY002550,CUST0215,2024-11-01,299,paid
PAY002551,CUST0215,2024-12-01,299,paid
PAY002552,CUST0215,2025-01-01,299,paid
PAY002553,CUST0215,2025-02-01,299,paid
PAY002554,CUST0215,2025-03-01,299,paid
PAY002555,CUST0215,2025-04-01,299,paid
PAY002556,CUST0215,2025-05-01,299,paid
PAY002557,CUST0215,2025-06-01,299,paid
PAY002558,CUST0215,2025-07-01,299,paid
PAY002559,CUST0215,2025-08-01,299,paid
PAY002560,CUST0215,2025-09-01,299,paid
PAY002561,CUST0215,2025-10-01,299,paid
PAY002562,CUST0215,2025-11-01,299,paid
PAY002563,CUST0215,2025-12-01,299,paid
PAY002564,CUST0216,2024-11-01,299,paid
PAY002565,CUST0216,2024-12-01,299,paid
PAY002566,CUST0216,2025-01-01,299,paid
PAY002567,CUST0216,2025-02-01,299,paid
PAY002568,CUST0216,2025-03-01,299,paid
PAY002569,CUST0216,2025-04-01,299,paid
PAY002570,CUST0216,2025-05-01,299,paid
PAY002571,CUST0216,2025-06-01,299,paid
PAY002572,CUST0216,2025-07-01,299,paid
PAY002573,CUST0216,2025-08-01,299,paid
PAY002574,CUST0216,2025-09-01,299,paid
PAY002575,CUST0216,2025-10-01,299,paid
PAY002576,CUST0216,2025-11-01,299,paid
PAY002577,CUST0216,2025-12-01,299,paid
PAY002578,CUST0217,2024-07-01,29,paid
PAY002579,CUST0217,2024-08-01,29,paid
PAY002580,CUST0217,2024-09-01,29,paid
PAY002581,CUST0217,2024-10-01,29,paid
PAY002582,CUST0217,2024-11-01,29,paid
PAY002583,CUST0217,2024-12-01,29,paid
PAY002584,CUST0217,2025-01-01,29,paid
PAY002585,CUST0217,2025-02-01,29,paid
PAY002586,CUST0217,2025-03-01,29,paid
PAY002587,CUST0217,2025-04-01,29,paid
PAY002588,CUST0217,2025-05-01,29,paid
PAY002589,CUST0218,2025-06-01,29,paid
PAY002590,CUST0218,2025-07-01,29,paid
PAY002591,CUST0218,2025-08-01,29,paid
PAY002592,CUST0218,2025-09-01,29,paid
PAY002593,CUST0218,2025-10-01,29,paid
PAY002594,CUST0218,2025-11-01,29,paid
PAY002595,CUST0218,2025-12-01,29,paid
PAY002596,CUST0219,2024-05-01,299,paid
PAY002597,CUST0219,2024-06-01,299,paid
PAY002598,CUST0219,2024-07-01,299,paid
PAY002599,CUST0219,2024-08-01,299,paid
PAY002600,CUST0219,2024-09-01,299,paid
PAY002601,CUST0219,2024-10-01,299,paid
PAY002602,CUST0219,2024-11-01,299,paid
PAY002603,CUST0219,2024-12-01,299,paid
PAY002604,CUST0219,2025-01-01,299,paid
PAY002605,CUST0219,2025-02-01,299,paid
PAY002606,CUST0219,2025-03-01,299,paid
PAY002607,CUST0219,2025-04-01,299,paid
PAY002608,CUST0219,2025-05-01,299,paid
PAY002609,CUST0219,2025-06-01,299,paid
PAY002610,CUST0219,2025-07-01,299,paid
PAY002611,CUST0219,2025-08-01,299,paid
PAY002612,CUST0219,2025-09-01,299,paid
PAY002613,CUST0219,2025-10-01,299,paid
PAY002614,CUST0219,2025-11-01,299,paid
PAY002615,CUST0219,2025-12-01,299,paid
PAY002616,CUST0220,2025-03-01,99,paid
PAY002617,CUST0220,2025-04-01,99,paid
PAY002618,CUST0220,2025-05-01,99,paid
PAY002619,CUST0220,2025-06-01,99,paid
PAY002620,CUST0221,2025-08-01,99,paid
PAY002621,CUST0221,2025-09-01,99,paid
PAY002622,CUST0221,2025-10-01,99,paid
PAY002623,CUST0221,2025-11-01,99,paid
PAY002624,CUST0221,2025-12-01,99,paid
PAY002625,CUST0222,2024-07-01,29,paid
PAY002626,CUST0222,2024-08-01,29,paid
PAY002627,CUST0222,2024-09-01,29,paid
PAY002628,CUST0222,2024-10-01,29,paid
PAY002629,CUST0222,2024-11-01,29,paid
PAY002630,CUST0222,2024-12-01,29,paid
PAY002631,CUST0222,2025-01-01,29,paid
PAY002632,CUST0222,2025-02-01,29,paid
PAY002633,CUST0222,2025-03-01,29,paid
PAY002634,CUST0222,2025-04-01,29,paid
PAY002635,CUST0222,2025-05-01,29,paid
PAY002636,CUST0222,2025-06-01,29,paid
PAY002637,CUST0222,2025-07-01,29,paid
PAY002638,CUST0222,2025-08-01,29,paid
PAY002639,CUST0222,2025-09-01,29,paid
PAY002640,CUST0222,2025-10-01,29,paid
PAY002641,CUST0222,2025-11-01,29,paid
PAY002642,CUST0222,2025-12-01,29,paid
PAY002643,CUST0223,2024-09-01,99,paid
PAY002644,CUST0223,2024-10-01,99,paid
PAY002645,CUST0223,2024-11-01,99,paid
PAY002646,CUST0223,2024-12-01,99,paid
PAY002647,CUST0223,2025-01-01,99,paid
PAY002648,CUST0223,2025-02-01,99,paid
PAY002649,CUST0223,2025-03-01,299,paid
PAY002650,CUST0223,2025-04-01,299,paid
PAY002651,CUST0223,2025-05-01,299,paid
PAY002652,CUST0223,2025-06-01,299,paid
PAY002653,CUST0223,2025-07-01,299,paid
PAY002654,CUST0223,2025-08-01,299,paid
PAY002655,CUST0223,2025-09-01,299,paid
PAY002656,CUST0223,2025-10-01,299,paid
PAY002657,CUST0223,2025-11-01,299,paid
PAY002658,CUST0223,2025-12-01,299,paid
PAY002659,CUST0224,2024-12-01,99,paid
PAY002660,CUST0224,2025-01-01,99,paid
PAY002661,CUST0225,2024-11-01,299,paid
PAY002662,CUST0225,2024-12-01,299,paid
PAY002663,CUST0225,2025-01-01,299,paid
PAY002664,CUST0225,2025-02-01,299,paid
PAY002665,CUST0225,2025-03-01,299,paid
PAY002666,CUST0225,2025-04-01,299,paid
PAY002667,CUST0225,2025-05-01,299,paid
PAY002668,CUST0225,2025-06-01,299,paid
PAY002669,CUST0225,2025-07-01,299,paid
PAY002670,CUST0225,2025-08-01,299,paid
PAY002671,CUST0225,2025-09-01,299,paid
PAY002672,CUST0225,2025-10-01,299,paid
PAY002673,CUST0225,2025-11-01,299,paid
PAY002674,CUST0225,2025-12-01,299,paid
PAY002675,CUST0226,2024-03-01,299,failed
PAY002676,CUST0226,2024-04-01,299,paid
PAY002677,CUST0226,2024-05-01,299,paid
PAY002678,CUST0226,2024-06-01,299,paid
PAY002679,CUST0226,2024-07-01,299,paid
PAY002680,CUST0226,2024-08-01,299,paid
PAY002681,CUST0226,2024-09-01,299,paid
PAY002682,CUST0226,2024-10-01,299,paid
PAY002683,CUST0226,2024-11-01,299,paid
PAY002684,CUST0226,2024-12-01,299,paid
PAY002685,CUST0226,2025-01-01,299,paid
PAY002686,CUST0226,2025-02-01,299,paid
PAY002687,CUST0226,2025-03-01,299,failed
PAY002688,CUST0226,2025-04-01,299,failed
PAY002689,CUST0226,2025-05-01,299,paid
PAY002690,CUST0226,2025-06-01,299,paid
PAY002691,CUST0226,2025-07-01,299,paid
PAY002692,CUST0226,2025-08-01,299,paid
PAY002693,CUST0226,2025-09-01,299,paid
PAY002694,CUST0226,2025-10-01,299,paid
PAY002695,CUST0226,2025-11-01,299,paid
PAY002696,CUST0226,2025-12-01,299,paid
PAY002697,CUST0227,2024-07-01,299,paid
PAY002698,CUST0227,2024-08-01,299,paid
PAY002699,CUST0227,2024-09-01,299,failed
PAY002700,CUST0227,2024-10-01,299,failed
PAY002701,CUST0227,2024-11-01,299,paid
PAY002702,CUST0227,2024-12-01,299,paid
PAY002703,CUST0227,2025-01-01,299,paid
PAY002704,CUST0227,2025-02-01,299,paid
PAY002705,CUST0227,2025-03-01,299,paid
PAY002706,CUST0227,2025-04-01,299,paid
PAY002707,CUST0227,2025-05-01,299,paid
PAY002708,CUST0227,2025-06-01,299,paid
PAY002709,CUST0227,2025-07-01,299,paid
PAY002710,CUST0227,2025-08-01,299,paid
PAY002711,CUST0227,2025-09-01,299,paid
PAY002712,CUST0227,2025-10-01,299,paid
PAY002713,CUST0227,2025-11-01,299,paid
PAY002714,CUST0227,2025-12-01,299,paid
PAY002715,CUST0228,2025-04-01,99,failed
PAY002716,CUST0228,2025-05-01,99,paid
PAY002717,CUST0228,2025-06-01,99,paid
PAY002718,CUST0228,2025-07-01,99,paid
PAY002719,CUST0228,2025-08-01,99,failed
PAY002720,CUST0229,2024-09-01,29,paid
PAY002721,CUST0229,2024-10-01,29,paid
PAY002722,CUST0229,2024-11-01,29,paid
PAY002723,CUST0229,2024-12-01,29,paid
PAY002724,CUST0229,2025-01-01,29,paid
PAY002725,CUST0229,2025-02-01,29,paid
PAY002726,CUST0229,2025-03-01,29,paid
PAY002727,CUST0229,2025-04-01,29,paid
PAY002728,CUST0229,2025-05-01,29,paid
PAY002729,CUST0229,2025-06-01,29,paid
PAY002730,CUST0230,2025-07-01,29,paid
PAY002731,CUST0230,2025-08-01,29,paid
PAY002732,CUST0230,2025-09-01,29,paid
PAY002733,CUST0230,2025-10-01,29,paid
PAY002734,CUST0230,2025-11-01,29,paid
PAY002735,CUST0230,2025-12-01,29,paid
PAY002736,CUST0231,2025-03-01,299,paid
PAY002737,CUST0231,2025-04-01,299,paid
PAY002738,CUST0231,2025-05-01,299,paid
PAY002739,CUST0231,2025-06-01,299,paid
PAY002740,CUST0231,2025-07-01,299,paid
PAY002741,CUST0231,2025-08-01,299,paid
PAY002742,CUST0231,2025-09-01,299,paid
PAY002743,CUST0231,2025-10-01,299,paid
PAY002744,CUST0231,2025-11-01,299,paid
PAY002745,CUST0231,2025-12-01,299,paid
PAY002746,CUST0232,2024-08-01,99,paid
PAY002747,CUST0232,2024-09-01,99,paid
PAY002748,CUST0232,2024-10-01,99,paid
PAY002749,CUST0232,2024-11-01,99,paid
PAY002750,CUST0232,2024-12-01,99,paid
PAY002751,CUST0232,2025-01-01,99,paid
PAY002752,CUST0232,2025-02-01,99,paid
PAY002753,CUST0232,2025-03-01,99,paid
PAY002754,CUST0232,2025-04-01,99,paid
PAY002755,CUST0232,2025-05-01,99,paid
PAY002756,CUST0232,2025-06-01,99,paid
PAY002757,CUST0232,2025-07-01,99,paid
PAY002758,CUST0232,2025-08-01,99,paid
PAY002759,CUST0232,2025-09-01,99,paid
PAY002760,CUST0232,2025-10-01,99,paid
PAY002761,CUST0232,2025-11-01,99,paid
PAY002762,CUST0232,2025-12-01,99,paid
PAY002763,CUST0233,2024-07-01,29,paid
PAY002764,CUST0233,2024-08-01,29,paid
PAY002765,CUST0233,2024-09-01,29,paid
PAY002766,CUST0233,2024-10-01,29,failed
PAY002767,CUST0233,2024-11-01,29,paid
PAY002768,CUST0233,2024-12-01,29,paid
PAY002769,CUST0233,2025-01-01,29,paid
PAY002770,CUST0233,2025-02-01,29,paid
PAY002771,CUST0233,2025-03-01,29,paid
PAY002772,CUST0233,2025-04-01,29,paid
PAY002773,CUST0233,2025-05-01,29,paid
PAY002774,CUST0233,2025-06-01,29,paid
PAY002775,CUST0233,2025-07-01,29,paid
PAY002776,CUST0233,2025-08-01,29,paid
PAY002777,CUST0233,2025-09-01,29,paid
PAY002778,CUST0233,2025-10-01,29,paid
PAY002779,CUST0233,2025-11-01,29,paid
PAY002780,CUST0233,2025-12-01,29,paid
PAY002781,CUST0234,2024-04-01,29,paid
PAY002782,CUST0234,2024-05-01,29,paid
PAY002783,CUST0235,2024-04-01,29,paid
PAY002784,CUST0235,2024-05-01,29,paid
PAY002785,CUST0235,2024-06-01,29,paid
PAY002786,CUST0235,2024-07-01,29,paid
PAY002787,CUST0235,2024-08-01,29,paid
PAY002788,CUST0235,2024-09-01,29,paid
PAY002789,CUST0236,2024-09-01,29,paid
PAY002790,CUST0236,2024-10-01,29,paid
PAY002791,CUST0236,2024-11-01,29,paid
PAY002792,CUST0236,2024-12-01,29,paid
PAY002793,CUST0236,2025-01-01,29,paid
PAY002794,CUST0236,2025-02-01,29,paid
PAY002795,CUST0236,2025-03-01,29,paid
PAY002796,CUST0236,2025-04-01,29,paid
PAY002797,CUST0236,2025-05-01,29,paid
PAY002798,CUST0236,2025-06-01,29,paid
PAY002799,CUST0236,2025-07-01,29,paid
PAY002800,CUST0236,2025-08-01,29,paid
PAY002801,CUST0236,2025-09-01,29,paid
PAY002802,CUST0236,2025-10-01,29,failed
PAY002803,CUST0236,2025-11-01,29,paid
PAY002804,CUST0236,2025-12-01,29,paid
PAY002805,CUST0237,2024-08-01,99,paid
PAY002806,CUST0237,2024-09-01,99,paid
PAY002807,CUST0237,2024-10-01,99,paid
PAY002808,CUST0237,2024-11-01,99,paid
PAY002809,CUST0237,2024-12-01,99,paid
PAY002810,CUST0237,2025-01-01,99,paid
PAY002811,CUST0237,2025-02-01,99,paid
PAY002812,CUST0237,2025-03-01,99,paid
PAY002813,CUST0237,2025-04-01,99,paid
PAY002814,CUST0237,2025-05-01,99,paid
PAY002815,CUST0237,2025-06-01,99,paid
PAY002816,CUST0237,2025-07-01,99,paid
PAY002817,CUST0237,2025-08-01,99,paid
PAY002818,CUST0237,2025-09-01,99,paid
PAY002819,CUST0237,2025-10-01,99,paid
PAY002820,CUST0238,2024-09-01,29,paid
PAY002821,CUST0238,2024-10-01,29,paid
PAY002822,CUST0238,2024-11-01,29,paid
PAY002823,CUST0239,2025-03-01,299,paid
PAY002824,CUST0239,2025-04-01,299,paid
PAY002825,CUST0239,2025-05-01,299,paid
PAY002826,CUST0239,2025-06-01,299,paid
PAY002827,CUST0239,2025-07-01,299,paid
PAY002828,CUST0239,2025-08-01,299,paid
PAY002829,CUST0239,2025-09-01,299,paid
PAY002830,CUST0239,2025-10-01,299,paid
PAY002831,CUST0239,2025-11-01,299,paid
PAY002832,CUST0239,2025-12-01,299,paid
PAY002833,CUST0240,2024-11-01,299,paid
PAY002834,CUST0240,2024-12-01,299,failed
PAY002835,CUST0240,2025-01-01,299,paid
PAY002836,CUST0240,2025-02-01,299,paid
PAY002837,CUST0240,2025-03-01,299,paid
PAY002838,CUST0240,2025-04-01,299,paid
PAY002839,CUST0240,2025-05-01,299,paid
PAY002840,CUST0240,2025-06-01,299,paid
PAY002841,CUST0240,2025-07-01,299,paid
PAY002842,CUST0240,2025-08-01,299,failed
PAY002843,CUST0240,2025-09-01,299,paid
PAY002844,CUST0240,2025-10-01,299,paid
PAY002845,CUST0240,2025-11-01,299,paid
PAY002846,CUST0240,2025-12-01,299,paid
PAY002847,CUST0241,2025-03-01,29,paid
PAY002848,CUST0241,2025-04-01,29,paid
PAY002849,CUST0241,2025-05-01,29,paid
PAY002850,CUST0241,2025-06-01,29,paid
PAY002851,CUST0241,2025-07-01,29,paid
PAY002852,CUST0241,2025-08-01,29,paid
PAY002853,CUST0241,2025-09-01,29,paid
PAY002854,CUST0241,2025-10-01,29,paid
PAY002855,CUST0241,2025-11-01,29,paid
PAY002856,CUST0242,2024-10-01,29,paid
PAY002857,CUST0242,2024-11-01,29,paid
PAY002858,CUST0242,2024-12-01,29,paid
PAY002859,CUST0242,2025-01-01,29,paid
PAY002860,CUST0242,2025-02-01,29,paid
PAY002861,CUST0242,2025-03-01,29,paid
PAY002862,CUST0242,2025-04-01,99,paid
PAY002863,CUST0242,2025-05-01,99,paid
PAY002864,CUST0242,2025-06-01,99,paid
PAY002865,CUST0242,2025-07-01,99,paid
PAY002866,CUST0242,2025-08-01,99,paid
PAY002867,CUST0242,2025-09-01,99,paid
PAY002868,CUST0242,2025-10-01,99,paid
PAY002869,CUST0242,2025-11-01,99,paid
PAY002870,CUST0242,2025-12-01,99,paid
PAY002871,CUST0243,2024-10-01,29,paid
PAY002872,CUST0243,2024-11-01,29,paid
PAY002873,CUST0243,2024-12-01,29,paid
PAY002874,CUST0243,2025-01-01,29,paid
PAY002875,CUST0243,2025-02-01,29,paid
PAY002876,CUST0243,2025-03-01,29,paid
PAY002877,CUST0243,2025-04-01,29,paid
PAY002878,CUST0243,2025-05-01,29,paid
PAY002879,CUST0243,2025-06-01,29,paid
PAY002880,CUST0243,2025-07-01,29,paid
PAY002881,CUST0243,2025-08-01,29,paid
PAY002882,CUST0243,2025-09-01,29,paid
PAY002883,CUST0243,2025-10-01,29,paid
PAY002884,CUST0243,2025-11-01,29,paid
PAY002885,CUST0243,2025-12-01,29,paid
PAY002886,CUST0244,2024-09-01,299,paid
PAY002887,CUST0244,2024-10-01,299,paid
PAY002888,CUST0244,2024-11-01,299,paid
PAY002889,CUST0244,2024-12-01,299,paid
PAY002890,CUST0244,2025-01-01,299,paid
PAY002891,CUST0245,2024-07-01,29,paid
PAY002892,CUST0245,2024-08-01,29,paid
PAY002893,CUST0245,2024-09-01,29,paid
PAY002894,CUST0245,2024-10-01,29,paid
PAY002895,CUST0245,2024-11-01,29,paid
PAY002896,CUST0245,2024-12-01,29,paid
PAY002897,CUST0245,2025-01-01,99,paid
PAY002898,CUST0245,2025-02-01,99,paid
PAY002899,CUST0245,2025-03-01,99,paid
PAY002900,CUST0245,2025-04-01,99,paid
PAY002901,CUST0245,2025-05-01,99,paid
PAY002902,CUST0245,2025-06-01,99,paid
PAY002903,CUST0245,2025-07-01,99,paid
PAY002904,CUST0245,2025-08-01,99,paid
PAY002905,CUST0245,2025-09-01,99,paid
PAY002906,CUST0245,2025-10-01,99,paid
PAY002907,CUST0245,2025-11-01,99,paid
PAY002908,CUST0245,2025-12-01,99,paid
PAY002909,CUST0246,2025-07-01,299,paid
PAY002910,CUST0246,2025-08-01,299,paid
PAY002911,CUST0246,2025-09-01,299,paid
PAY002912,CUST0246,2025-10-01,299,paid
PAY002913,CUST0246,2025-11-01,299,paid
PAY002914,CUST0246,2025-12-01,299,paid
PAY002915,CUST0247,2024-07-01,99,paid
PAY002916,CUST0247,2024-08-01,99,paid
PAY002917,CUST0247,2024-09-01,99,paid
PAY002918,CUST0247,2024-10-01,99,paid
PAY002919,CUST0247,2024-11-01,99,paid
PAY002920,CUST0247,2024-12-01,99,paid
PAY002921,CUST0247,2025-01-01,99,paid
PAY002922,CUST0247,2025-02-01,99,paid
PAY002923,CUST0247,2025-03-01,99,paid
PAY002924,CUST0247,2025-04-01,99,paid
PAY002925,CUST0247,2025-05-01,99,paid
PAY002926,CUST0247,2025-06-01,99,paid
PAY002927,CUST0247,2025-07-01,99,paid
PAY002928,CUST0247,2025-08-01,99,paid
PAY002929,CUST0247,2025-09-01,99,paid
PAY002930,CUST0247,2025-10-01,99,paid
PAY002931,CUST0247,2025-11-01,99,paid
PAY002932,CUST0247,2025-12-01,99,paid
PAY002933,CUST0248,2024-12-01,29,paid
PAY002934,CUST0248,2025-01-01,29,paid
PAY002935,CUST0248,2025-02-01,29,paid
PAY002936,CUST0248,2025-03-01,29,paid
PAY002937,CUST0248,2025-04-01,29,paid
PAY002938,CUST0248,2025-05-01,29,paid
PAY002939,CUST0248,2025-06-01,29,paid
PAY002940,CUST0248,2025-07-01,29,paid
PAY002941,CUST0248,2025-08-01,29,paid
PAY002942,CUST0248,2025-09-01,29,failed
PAY002943,CUST0248,2025-10-01,29,paid
PAY002944,CUST0248,2025-11-01,29,paid
PAY002945,CUST0248,2025-12-01,29,paid
PAY002946,CUST0249,2024-06-01,29,paid
PAY002947,CUST0249,2024-07-01,29,paid
PAY002948,CUST0249,2024-08-01,29,paid
PAY002949,CUST0249,2024-09-01,29,paid
PAY002950,CUST0249,2024-10-01,29,paid
PAY002951,CUST0249,2024-11-01,29,paid
PAY002952,CUST0249,2024-12-01,29,paid
PAY002953,CUST0249,2025-01-01,29,paid
PAY002954,CUST0249,2025-02-01,29,paid
PAY002955,CUST0249,2025-03-01,29,paid
PAY002956,CUST0249,2025-04-01,29,paid
PAY002957,CUST0249,2025-05-01,29,paid
PAY002958,CUST0249,2025-06-01,29,paid
PAY002959,CUST0249,2025-07-01,29,paid
PAY002960,CUST0249,2025-08-01,29,paid
PAY002961,CUST0249,2025-09-01,29,failed
PAY002962,CUST0249,2025-10-01,29,paid
PAY002963,CUST0249,2025-11-01,29,paid
PAY002964,CUST0249,2025-12-01,29,paid
PAY002965,CUST0250,2025-07-01,29,paid
PAY002966,CUST0250,2025-08-01,29,paid
PAY002967,CUST0250,2025-09-01,29,paid
PAY002968,CUST0250,2025-10-01,29,paid
PAY002969,CUST0250,2025-11-01,29,paid
PAY002970,CUST0250,2025-12-01,29,paid
PAY002971,CUST0251,2024-04-01,99,paid
PAY002972,CUST0251,2024-05-01,99,paid
PAY002973,CUST0251,2024-06-01,99,paid
PAY002974,CUST0251,2024-07-01,99,paid
PAY002975,CUST0251,2024-08-01,99,paid
PAY002976,CUST0251,2024-09-01,99,paid
PAY002977,CUST0251,2024-10-01,99,paid
PAY002978,CUST0251,2024-11-01,99,paid
PAY002979,CUST0251,2024-12-01,99,paid
PAY002980,CUST0251,2025-01-01,99,paid
PAY002981,CUST0251,2025-02-01,99,paid
PAY002982,CUST0251,2025-03-01,99,paid
PAY002983,CUST0251,2025-04-01,99,paid
PAY002984,CUST0251,2025-05-01,99,paid
PAY002985,CUST0251,2025-06-01,99,paid
PAY002986,CUST0251,2025-07-01,99,paid
PAY002987,CUST0251,2025-08-01,99,paid
PAY002988,CUST0251,2025-09-01,99,paid
PAY002989,CUST0251,2025-10-01,99,paid
PAY002990,CUST0251,2025-11-01,99,paid
PAY002991,CUST0251,2025-12-01,99,paid
PAY002992,CUST0252,2024-05-01,299,paid
PAY002993,CUST0252,2024-06-01,299,paid
PAY002994,CUST0252,2024-07-01,299,paid
PAY002995,CUST0252,2024-08-01,299,paid
PAY002996,CUST0252,2024-09-01,299,paid
PAY002997,CUST0252,2024-10-01,299,paid
PAY002998,CUST0252,2024-11-01,299,paid
PAY002999,CUST0252,2024-12-01,299,paid
PAY003000,CUST0252,2025-01-01,299,paid
PAY003001,CUST0252,2025-02-01,299,paid
PAY003002,CUST0252,2025-03-01,299,paid
PAY003003,CUST0252,2025-04-01,299,paid
PAY003004,CUST0252,2025-05-01,299,paid
PAY003005,CUST0252,2025-06-01,299,paid
PAY003006,CUST0252,2025-07-01,299,paid
PAY003007,CUST0252,2025-08-01,299,paid
PAY003008,CUST0252,2025-09-01,299,paid
PAY003009,CUST0252,2025-10-01,299,paid
PAY003010,CUST0252,2025-11-01,299,paid
PAY003011,CUST0252,2025-12-01,299,paid
PAY003012,CUST0253,2025-03-01,99,paid
PAY003013,CUST0253,2025-04-01,99,paid
PAY003014,CUST0253,2025-05-01,99,paid
PAY003015,CUST0253,2025-06-01,99,paid
PAY003016,CUST0253,2025-07-01,99,paid
PAY003017,CUST0253,2025-08-01,99,paid
PAY003018,CUST0253,2025-09-01,99,paid
PAY003019,CUST0253,2025-10-01,99,paid
PAY003020,CUST0253,2025-11-01,99,paid
PAY003021,CUST0253,2025-12-01,99,paid
PAY003022,CUST0254,2024-12-01,29,paid
PAY003023,CUST0254,2025-01-01,29,paid
PAY003024,CUST0254,2025-02-01,29,paid
PAY003025,CUST0254,2025-03-01,29,paid
PAY003026,CUST0254,2025-04-01,29,paid
PAY003027,CUST0254,2025-05-01,29,paid
PAY003028,CUST0254,2025-06-01,29,paid
PAY003029,CUST0254,2025-07-01,29,paid
PAY003030,CUST0254,2025-08-01,29,paid
PAY003031,CUST0254,2025-09-01,29,paid
PAY003032,CUST0254,2025-10-01,29,paid
PAY003033,CUST0254,2025-11-01,29,failed
PAY003034,CUST0254,2025-12-01,29,paid
PAY003035,CUST0255,2024-07-01,299,paid
PAY003036,CUST0255,2024-08-01,299,paid
PAY003037,CUST0255,2024-09-01,299,paid
PAY003038,CUST0255,2024-10-01,299,paid
PAY003039,CUST0255,2024-11-01,299,paid
PAY003040,CUST0255,2024-12-01,299,failed
PAY003041,CUST0255,2025-01-01,299,paid
PAY003042,CUST0255,2025-02-01,299,paid
PAY003043,CUST0255,2025-03-01,299,paid
PAY003044,CUST0255,2025-04-01,299,paid
PAY003045,CUST0255,2025-05-01,299,paid
PAY003046,CUST0255,2025-06-01,299,paid
PAY003047,CUST0255,2025-07-01,299,paid
PAY003048,CUST0255,2025-08-01,299,paid
PAY003049,CUST0255,2025-09-01,299,paid
PAY003050,CUST0255,2025-10-01,299,paid
PAY003051,CUST0255,2025-11-01,299,paid
PAY003052,CUST0255,2025-12-01,299,paid
PAY003053,CUST0256,2025-02-01,29,paid
PAY003054,CUST0256,2025-03-01,29,paid
PAY003055,CUST0256,2025-04-01,29,paid
PAY003056,CUST0256,2025-05-01,29,paid
PAY003057,CUST0257,2024-09-01,29,paid
PAY003058,CUST0257,2024-10-01,29,paid
PAY003059,CUST0257,2024-11-01,29,paid
PAY003060,CUST0257,2024-12-01,29,paid
PAY003061,CUST0257,2025-01-01,29,paid
PAY003062,CUST0257,2025-02-01,29,paid
PAY003063,CUST0257,2025-03-01,99,paid
PAY003064,CUST0257,2025-04-01,99,paid
PAY003065,CUST0257,2025-05-01,99,paid
PAY003066,CUST0257,2025-06-01,99,failed
PAY003067,CUST0257,2025-07-01,99,paid
PAY003068,CUST0257,2025-08-01,99,paid
PAY003069,CUST0257,2025-09-01,99,paid
PAY003070,CUST0258,2024-07-01,99,paid
PAY003071,CUST0258,2024-08-01,99,paid
PAY003072,CUST0258,2024-09-01,99,paid
PAY003073,CUST0258,2024-10-01,99,paid
PAY003074,CUST0258,2024-11-01,99,paid
PAY003075,CUST0258,2024-12-01,99,paid
PAY003076,CUST0258,2025-01-01,299,paid
PAY003077,CUST0259,2024-08-01,99,paid
PAY003078,CUST0259,2024-09-01,99,paid
PAY003079,CUST0259,2024-10-01,99,paid
PAY003080,CUST0259,2024-11-01,99,paid
PAY003081,CUST0259,2024-12-01,99,paid
PAY003082,CUST0259,2025-01-01,99,paid
PAY003083,CUST0259,2025-02-01,99,paid
PAY003084,CUST0259,2025-03-01,99,paid
PAY003085,CUST0259,2025-04-01,99,paid
PAY003086,CUST0259,2025-05-01,99,paid
PAY003087,CUST0259,2025-06-01,99,paid
PAY003088,CUST0259,2025-07-01,99,paid
PAY003089,CUST0259,2025-08-01,99,paid
PAY003090,CUST0259,2025-09-01,99,paid
PAY003091,CUST0259,2025-10-01,99,failed
PAY003092,CUST0259,2025-11-01,99,paid
PAY003093,CUST0259,2025-12-01,99,paid
PAY003094,CUST0260,2025-05-01,299,failed
PAY003095,CUST0260,2025-06-01,299,paid
PAY003096,CUST0260,2025-07-01,299,paid
PAY003097,CUST0260,2025-08-01,299,paid
PAY003098,CUST0260,2025-09-01,299,paid
PAY003099,CUST0260,2025-10-01,299,paid
PAY003100,CUST0260,2025-11-01,299,paid
PAY003101,CUST0260,2025-12-01,299,paid
PAY003102,CUST0261,2025-02-01,29,paid
PAY003103,CUST0261,2025-03-01,29,paid
PAY003104,CUST0261,2025-04-01,29,paid
PAY003105,CUST0261,2025-05-01,29,paid
PAY003106,CUST0261,2025-06-01,29,paid
PAY003107,CUST0261,2025-07-01,29,paid
PAY003108,CUST0261,2025-08-01,29,paid
PAY003109,CUST0262,2025-01-01,99,paid
PAY003110,CUST0262,2025-02-01,99,paid
PAY003111,CUST0262,2025-03-01,99,paid
PAY003112,CUST0262,2025-04-01,99,paid
PAY003113,CUST0262,2025-05-01,99,paid
PAY003114,CUST0263,2024-10-01,29,paid
PAY003115,CUST0263,2024-11-01,29,paid
PAY003116,CUST0263,2024-12-01,29,paid
PAY003117,CUST0263,2025-01-01,29,paid
PAY003118,CUST0263,2025-02-01,29,paid
PAY003119,CUST0263,2025-03-01,29,failed
PAY003120,CUST0263,2025-04-01,29,paid
PAY003121,CUST0263,2025-05-01,29,paid
PAY003122,CUST0263,2025-06-01,29,paid
PAY003123,CUST0263,2025-07-01,29,paid
PAY003124,CUST0263,2025-08-01,29,paid
PAY003125,CUST0263,2025-09-01,29,paid
PAY003126,CUST0263,2025-10-01,29,paid
PAY003127,CUST0263,2025-11-01,29,paid
PAY003128,CUST0263,2025-12-01,29,paid
PAY003129,CUST0264,2024-08-01,99,paid
PAY003130,CUST0264,2024-09-01,99,paid
PAY003131,CUST0264,2024-10-01,99,paid
PAY003132,CUST0264,2024-11-01,99,paid
PAY003133,CUST0264,2024-12-01,99,paid
PAY003134,CUST0264,2025-01-01,99,paid
PAY003135,CUST0264,2025-02-01,99,paid
PAY003136,CUST0264,2025-03-01,99,paid
PAY003137,CUST0264,2025-04-01,99,paid
PAY003138,CUST0264,2025-05-01,99,paid
PAY003139,CUST0264,2025-06-01,99,paid
PAY003140,CUST0264,2025-07-01,99,paid
PAY003141,CUST0264,2025-08-01,99,paid
PAY003142,CUST0264,2025-09-01,99,paid
PAY003143,CUST0264,2025-10-01,99,paid
PAY003144,CUST0264,2025-11-01,99,paid
PAY003145,CUST0264,2025-12-01,99,paid
PAY003146,CUST0265,2024-07-01,99,paid
PAY003147,CUST0265,2024-08-01,99,paid
PAY003148,CUST0265,2024-09-01,99,paid
PAY003149,CUST0265,2024-10-01,99,paid
PAY003150,CUST0265,2024-11-01,99,paid
PAY003151,CUST0265,2024-12-01,99,paid
PAY003152,CUST0265,2025-01-01,99,paid
PAY003153,CUST0265,2025-02-01,99,paid
PAY003154,CUST0265,2025-03-01,99,paid
PAY003155,CUST0265,2025-04-01,99,paid
PAY003156,CUST0265,2025-05-01,99,paid
PAY003157,CUST0266,2025-05-01,29,paid
PAY003158,CUST0266,2025-06-01,29,paid
PAY003159,CUST0267,2024-03-01,99,paid
PAY003160,CUST0267,2024-04-01,99,paid
PAY003161,CUST0267,2024-05-01,99,paid
PAY003162,CUST0267,2024-06-01,99,paid
PAY003163,CUST0267,2024-07-01,99,paid
PAY003164,CUST0267,2024-08-01,99,paid
PAY003165,CUST0267,2024-09-01,99,paid
PAY003166,CUST0267,2024-10-01,99,paid
PAY003167,CUST0267,2024-11-01,99,paid
PAY003168,CUST0267,2024-12-01,99,paid
PAY003169,CUST0267,2025-01-01,99,paid
PAY003170,CUST0267,2025-02-01,99,paid
PAY003171,CUST0267,2025-03-01,99,paid
PAY003172,CUST0267,2025-04-01,99,paid
PAY003173,CUST0267,2025-05-01,99,paid
PAY003174,CUST0267,2025-06-01,99,paid
PAY003175,CUST0267,2025-07-01,99,paid
PAY003176,CUST0267,2025-08-01,99,failed
PAY003177,CUST0267,2025-09-01,99,paid
PAY003178,CUST0267,2025-10-01,99,paid
PAY003179,CUST0268,2024-02-01,29,paid
PAY003180,CUST0268,2024-03-01,29,paid
PAY003181,CUST0268,2024-04-01,29,paid
PAY003182,CUST0268,2024-05-01,29,paid
PAY003183,CUST0268,2024-06-01,29,paid
PAY003184,CUST0268,2024-07-01,29,paid
PAY003185,CUST0268,2024-08-01,29,paid
PAY003186,CUST0268,2024-09-01,29,paid
PAY003187,CUST0268,2024-10-01,29,paid
PAY003188,CUST0268,2024-11-01,29,paid
PAY003189,CUST0268,2024-12-01,29,paid
PAY003190,CUST0268,2025-01-01,29,paid
PAY003191,CUST0268,2025-02-01,29,paid
PAY003192,CUST0268,2025-03-01,29,paid
PAY003193,CUST0268,2025-04-01,29,paid
PAY003194,CUST0268,2025-05-01,29,paid
PAY003195,CUST0268,2025-06-01,29,paid
PAY003196,CUST0268,2025-07-01,29,paid
PAY003197,CUST0268,2025-08-01,29,paid
PAY003198,CUST0268,2025-09-01,29,paid
PAY003199,CUST0268,2025-10-01,29,paid
PAY003200,CUST0268,2025-11-01,29,paid
PAY003201,CUST0269,2025-01-01,299,paid
PAY003202,CUST0269,2025-02-01,299,paid
PAY003203,CUST0269,2025-03-01,299,failed
PAY003204,CUST0269,2025-04-01,299,paid
PAY003205,CUST0269,2025-05-01,299,paid
PAY003206,CUST0269,2025-06-01,299,paid
PAY003207,CUST0269,2025-07-01,299,paid
PAY003208,CUST0270,2024-07-01,29,paid
PAY003209,CUST0270,2024-08-01,29,paid
PAY003210,CUST0270,2024-09-01,29,paid
PAY003211,CUST0270,2024-10-01,29,paid
PAY003212,CUST0270,2024-11-01,29,paid
PAY003213,CUST0270,2024-12-01,29,paid
PAY003214,CUST0270,2025-01-01,29,paid
PAY003215,CUST0270,2025-02-01,29,paid
PAY003216,CUST0271,2025-05-01,99,paid
PAY003217,CUST0271,2025-06-01,99,paid
PAY003218,CUST0271,2025-07-01,99,paid
PAY003219,CUST0271,2025-08-01,99,failed
PAY003220,CUST0271,2025-09-01,99,paid
PAY003221,CUST0271,2025-10-01,99,paid
PAY003222,CUST0271,2025-11-01,99,paid
PAY003223,CUST0271,2025-12-01,99,paid
PAY003224,CUST0272,2025-02-01,99,paid
PAY003225,CUST0272,2025-03-01,99,paid
PAY003226,CUST0272,2025-04-01,99,paid
PAY003227,CUST0272,2025-05-01,99,paid
PAY003228,CUST0272,2025-06-01,99,paid
PAY003229,CUST0272,2025-07-01,99,paid
PAY003230,CUST0272,2025-08-01,299,paid
PAY003231,CUST0272,2025-09-01,299,paid
PAY003232,CUST0272,2025-10-01,299,paid
PAY003233,CUST0272,2025-11-01,299,paid
PAY003234,CUST0272,2025-12-01,299,paid
PAY003235,CUST0273,2024-09-01,29,paid
PAY003236,CUST0273,2024-10-01,29,paid
PAY003237,CUST0273,2024-11-01,29,paid
PAY003238,CUST0273,2024-12-01,29,paid
PAY003239,CUST0273,2025-01-01,29,paid
PAY003240,CUST0273,2025-02-01,29,paid
PAY003241,CUST0273,2025-03-01,29,paid
PAY003242,CUST0273,2025-04-01,29,paid
PAY003243,CUST0273,2025-05-01,29,paid
PAY003244,CUST0273,2025-06-01,29,paid
PAY003245,CUST0273,2025-07-01,29,paid
PAY003246,CUST0273,2025-08-01,29,paid
PAY003247,CUST0273,2025-09-01,29,paid
PAY003248,CUST0273,2025-10-01,29,paid
PAY003249,CUST0273,2025-11-01,29,paid
PAY003250,CUST0273,2025-12-01,29,paid
PAY003251,CUST0274,2025-03-01,29,paid
PAY003252,CUST0274,2025-04-01,29,paid
PAY003253,CUST0274,2025-05-01,29,paid
PAY003254,CUST0274,2025-06-01,29,paid
PAY003255,CUST0274,2025-07-01,29,paid
PAY003256,CUST0274,2025-08-01,29,paid
PAY003257,CUST0274,2025-09-01,99,paid
PAY003258,CUST0274,2025-10-01,99,paid
PAY003259,CUST0274,2025-11-01,99,paid
PAY003260,CUST0274,2025-12-01,99,paid
PAY003261,CUST0275,2025-04-01,29,paid
PAY003262,CUST0275,2025-05-01,29,paid
PAY003263,CUST0275,2025-06-01,29,paid
PAY003264,CUST0275,2025-07-01,29,paid
PAY003265,CUST0275,2025-08-01,29,paid
PAY003266,CUST0275,2025-09-01,29,paid
PAY003267,CUST0275,2025-10-01,29,paid
PAY003268,CUST0275,2025-11-01,29,paid
PAY003269,CUST0275,2025-12-01,29,paid
PAY003270,CUST0276,2025-04-01,29,paid
PAY003271,CUST0276,2025-05-01,29,paid
PAY003272,CUST0276,2025-06-01,29,paid
PAY003273,CUST0276,2025-07-01,29,paid
PAY003274,CUST0276,2025-08-01,29,paid
PAY003275,CUST0276,2025-09-01,29,failed
PAY003276,CUST0276,2025-10-01,29,paid
PAY003277,CUST0276,2025-11-01,29,paid
PAY003278,CUST0276,2025-12-01,29,paid
PAY003279,CUST0277,2024-08-01,29,paid
PAY003280,CUST0277,2024-09-01,29,paid
PAY003281,CUST0277,2024-10-01,29,failed
PAY003282,CUST0277,2024-11-01,29,paid
PAY003283,CUST0277,2024-12-01,29,paid
PAY003284,CUST0277,2025-01-01,29,paid
PAY003285,CUST0277,2025-02-01,29,paid
PAY003286,CUST0277,2025-03-01,29,paid
PAY003287,CUST0277,2025-04-01,29,paid
PAY003288,CUST0277,2025-05-01,29,paid
PAY003289,CUST0277,2025-06-01,29,paid
PAY003290,CUST0277,2025-07-01,29,paid
PAY003291,CUST0277,2025-08-01,29,paid
PAY003292,CUST0277,2025-09-01,29,paid
PAY003293,CUST0277,2025-10-01,29,paid
PAY003294,CUST0277,2025-11-01,29,paid
PAY003295,CUST0277,2025-12-01,29,paid
PAY003296,CUST0278,2024-02-01,29,paid
PAY003297,CUST0278,2024-03-01,29,paid
PAY003298,CUST0278,2024-04-01,29,paid
PAY003299,CUST0278,2024-05-01,29,paid
PAY003300,CUST0278,2024-06-01,29,paid
PAY003301,CUST0278,2024-07-01,29,paid
PAY003302,CUST0278,2024-08-01,29,paid
PAY003303,CUST0278,2024-09-01,29,paid
PAY003304,CUST0279,2024-01-01,29,paid
PAY003305,CUST0279,2024-02-01,29,paid
PAY003306,CUST0279,2024-03-01,29,paid
PAY003307,CUST0279,2024-04-01,29,paid
PAY003308,CUST0279,2024-05-01,29,paid
PAY003309,CUST0279,2024-06-01,29,paid
PAY003310,CUST0279,2024-07-01,99,paid
PAY003311,CUST0279,2024-08-01,99,paid
PAY003312,CUST0279,2024-09-01,99,paid
PAY003313,CUST0279,2024-10-01,99,paid
PAY003314,CUST0279,2024-11-01,99,paid
PAY003315,CUST0279,2024-12-01,99,paid
PAY003316,CUST0279,2025-01-01,99,paid
PAY003317,CUST0279,2025-02-01,99,paid
PAY003318,CUST0280,2025-04-01,29,paid
PAY003319,CUST0280,2025-05-01,29,paid
PAY003320,CUST0280,2025-06-01,29,paid
PAY003321,CUST0280,2025-07-01,29,paid
PAY003322,CUST0281,2024-10-01,29,paid
PAY003323,CUST0281,2024-11-01,29,paid
PAY003324,CUST0281,2024-12-01,29,paid
PAY003325,CUST0281,2025-01-01,29,paid
PAY003326,CUST0281,2025-02-01,29,paid
PAY003327,CUST0281,2025-03-01,29,paid
PAY003328,CUST0281,2025-04-01,29,paid
PAY003329,CUST0281,2025-05-01,29,paid
PAY003330,CUST0281,2025-06-01,29,paid
PAY003331,CUST0281,2025-07-01,29,paid
PAY003332,CUST0281,2025-08-01,29,paid
PAY003333,CUST0281,2025-09-01,29,paid
PAY003334,CUST0281,2025-10-01,29,paid
PAY003335,CUST0281,2025-11-01,29,paid
PAY003336,CUST0281,2025-12-01,29,failed
PAY003337,CUST0282,2024-05-01,29,paid
PAY003338,CUST0282,2024-06-01,29,paid
PAY003339,CUST0282,2024-07-01,29,paid
PAY003340,CUST0282,2024-08-01,29,paid
PAY003341,CUST0282,2024-09-01,29,paid
PAY003342,CUST0282,2024-10-01,29,paid
PAY003343,CUST0282,2024-11-01,99,paid
PAY003344,CUST0282,2024-12-01,99,paid
PAY003345,CUST0282,2025-01-01,99,paid
PAY003346,CUST0282,2025-02-01,99,paid
PAY003347,CUST0282,2025-03-01,99,paid
PAY003348,CUST0282,2025-04-01,99,paid
PAY003349,CUST0282,2025-05-01,99,paid
PAY003350,CUST0282,2025-06-01,99,paid
PAY003351,CUST0282,2025-07-01,99,paid
PAY003352,CUST0282,2025-08-01,99,paid
PAY003353,CUST0282,2025-09-01,99,paid
PAY003354,CUST0282,2025-10-01,99,paid
PAY003355,CUST0282,2025-11-01,99,paid
PAY003356,CUST0282,2025-12-01,99,paid
PAY003357,CUST0283,2024-11-01,29,paid
PAY003358,CUST0283,2024-12-01,29,paid
PAY003359,CUST0283,2025-01-01,29,paid
PAY003360,CUST0283,2025-02-01,29,paid
PAY003361,CUST0283,2025-03-01,29,paid
PAY003362,CUST0283,2025-04-01,29,paid
PAY003363,CUST0283,2025-05-01,29,paid
PAY003364,CUST0283,2025-06-01,29,paid
PAY003365,CUST0283,2025-07-01,29,paid
PAY003366,CUST0283,2025-08-01,29,paid
PAY003367,CUST0283,2025-09-01,29,paid
PAY003368,CUST0283,2025-10-01,29,paid
PAY003369,CUST0283,2025-11-01,29,paid
PAY003370,CUST0283,2025-12-01,29,paid
PAY003371,CUST0284,2024-11-01,29,paid
PAY003372,CUST0284,2024-12-01,29,paid
PAY003373,CUST0284,2025-01-01,29,paid
PAY003374,CUST0284,2025-02-01,29,paid
PAY003375,CUST0284,2025-03-01,29,paid
PAY003376,CUST0284,2025-04-01,29,paid
PAY003377,CUST0284,2025-05-01,29,paid
PAY003378,CUST0285,2024-11-01,299,paid
PAY003379,CUST0285,2024-12-01,299,paid
PAY003380,CUST0285,2025-01-01,299,paid
PAY003381,CUST0285,2025-02-01,299,paid
PAY003382,CUST0285,2025-03-01,299,paid
PAY003383,CUST0285,2025-04-01,299,paid
PAY003384,CUST0285,2025-05-01,299,paid
PAY003385,CUST0285,2025-06-01,299,paid
PAY003386,CUST0285,2025-07-01,299,paid
PAY003387,CUST0285,2025-08-01,299,paid
PAY003388,CUST0285,2025-09-01,299,paid
PAY003389,CUST0285,2025-10-01,299,paid
PAY003390,CUST0285,2025-11-01,299,paid
PAY003391,CUST0285,2025-12-01,299,paid
PAY003392,CUST0286,2024-08-01,29,paid
PAY003393,CUST0286,2024-09-01,29,paid
PAY003394,CUST0286,2024-10-01,29,paid
PAY003395,CUST0286,2024-11-01,29,paid
PAY003396,CUST0286,2024-12-01,29,paid
PAY003397,CUST0286,2025-01-01,29,paid
PAY003398,CUST0286,2025-02-01,29,failed
PAY003399,CUST0286,2025-03-01,29,paid
PAY003400,CUST0286,2025-04-01,29,paid
PAY003401,CUST0286,2025-05-01,29,paid
PAY003402,CUST0286,2025-06-01,29,paid
PAY003403,CUST0286,2025-07-01,29,paid
PAY003404,CUST0286,2025-08-01,29,paid
PAY003405,CUST0286,2025-09-01,29,paid
PAY003406,CUST0287,2025-02-01,99,paid
PAY003407,CUST0287,2025-03-01,99,paid
PAY003408,CUST0287,2025-04-01,99,paid
PAY003409,CUST0287,2025-05-01,99,paid
PAY003410,CUST0287,2025-06-01,99,paid
PAY003411,CUST0287,2025-07-01,99,paid
PAY003412,CUST0287,2025-08-01,99,paid
PAY003413,CUST0287,2025-09-01,99,paid
PAY003414,CUST0287,2025-10-01,99,paid
PAY003415,CUST0287,2025-11-01,99,paid
PAY003416,CUST0287,2025-12-01,99,paid
PAY003417,CUST0288,2024-04-01,29,paid
PAY003418,CUST0288,2024-05-01,29,paid
PAY003419,CUST0288,2024-06-01,29,paid
PAY003420,CUST0288,2024-07-01,29,paid
PAY003421,CUST0288,2024-08-01,29,paid
PAY003422,CUST0288,2024-09-01,29,paid
PAY003423,CUST0288,2024-10-01,29,paid
PAY003424,CUST0288,2024-11-01,29,paid
PAY003425,CUST0288,2024-12-01,29,paid
PAY003426,CUST0288,2025-01-01,29,paid
PAY003427,CUST0289,2024-08-01,99,paid
PAY003428,CUST0289,2024-09-01,99,paid
PAY003429,CUST0289,2024-10-01,99,paid
PAY003430,CUST0289,2024-11-01,99,paid
PAY003431,CUST0289,2024-12-01,99,paid
PAY003432,CUST0289,2025-01-01,99,paid
PAY003433,CUST0289,2025-02-01,99,paid
PAY003434,CUST0289,2025-03-01,99,paid
PAY003435,CUST0289,2025-04-01,99,paid
PAY003436,CUST0289,2025-05-01,99,paid
PAY003437,CUST0289,2025-06-01,99,paid
PAY003438,CUST0289,2025-07-01,99,paid
PAY003439,CUST0289,2025-08-01,99,paid
PAY003440,CUST0289,2025-09-01,99,paid
PAY003441,CUST0289,2025-10-01,99,paid
PAY003442,CUST0289,2025-11-01,99,paid
PAY003443,CUST0289,2025-12-01,99,failed
PAY003444,CUST0290,2024-06-01,29,paid
PAY003445,CUST0290,2024-07-01,29,paid
PAY003446,CUST0290,2024-08-01,29,paid
PAY003447,CUST0290,2024-09-01,29,paid
PAY003448,CUST0290,2024-10-01,29,paid
PAY003449,CUST0290,2024-11-01,29,paid
PAY003450,CUST0290,2024-12-01,29,paid
PAY003451,CUST0290,2025-01-01,29,paid
PAY003452,CUST0290,2025-02-01,29,paid
PAY003453,CUST0290,2025-03-01,29,paid
PAY003454,CUST0290,2025-04-01,29,paid
PAY003455,CUST0290,2025-05-01,29,paid
PAY003456,CUST0290,2025-06-01,29,paid
PAY003457,CUST0290,2025-07-01,29,paid
PAY003458,CUST0290,2025-08-01,29,paid
PAY003459,CUST0290,2025-09-01,29,paid
PAY003460,CUST0290,2025-10-01,29,paid
PAY003461,CUST0290,2025-11-01,29,paid
PAY003462,CUST0291,2025-02-01,29,failed
PAY003463,CUST0291,2025-03-01,29,paid
PAY003464,CUST0291,2025-04-01,29,paid
PAY003465,CUST0291,2025-05-01,29,paid
PAY003466,CUST0291,2025-06-01,29,paid
PAY003467,CUST0291,2025-07-01,29,paid
PAY003468,CUST0291,2025-08-01,29,paid
PAY003469,CUST0291,2025-09-01,29,paid
PAY003470,CUST0291,2025-10-01,29,paid
PAY003471,CUST0291,2025-11-01,29,paid
PAY003472,CUST0291,2025-12-01,29,paid
PAY003473,CUST0292,2024-06-01,99,paid
PAY003474,CUST0292,2024-07-01,99,paid
PAY003475,CUST0293,2024-03-01,99,paid
PAY003476,CUST0293,2024-04-01,99,paid
PAY003477,CUST0293,2024-05-01,99,paid
PAY003478,CUST0293,2024-06-01,99,paid
PAY003479,CUST0293,2024-07-01,99,paid
PAY003480,CUST0294,2024-12-01,29,paid
PAY003481,CUST0294,2025-01-01,29,paid
PAY003482,CUST0294,2025-02-01,29,paid
PAY003483,CUST0294,2025-03-01,29,paid
PAY003484,CUST0294,2025-04-01,29,paid
PAY003485,CUST0294,2025-05-01,29,paid
PAY003486,CUST0294,2025-06-01,29,paid
PAY003487,CUST0294,2025-07-01,29,paid
PAY003488,CUST0294,2025-08-01,29,paid
PAY003489,CUST0294,2025-09-01,29,paid
PAY003490,CUST0294,2025-10-01,29,paid
PAY003491,CUST0294,2025-11-01,29,paid
PAY003492,CUST0294,2025-12-01,29,failed
PAY003493,CUST0295,2024-11-01,29,paid
PAY003494,CUST0295,2024-12-01,29,paid
PAY003495,CUST0295,2025-01-01,29,paid
PAY003496,CUST0295,2025-02-01,29,paid
PAY003497,CUST0295,2025-03-01,29,paid
PAY003498,CUST0295,2025-04-01,29,paid
PAY003499,CUST0295,2025-05-01,99,paid
PAY003500,CUST0295,2025-06-01,99,paid
PAY003501,CUST0295,2025-07-01,99,paid
PAY003502,CUST0295,2025-08-01,99,paid
PAY003503,CUST0295,2025-09-01,99,paid
PAY003504,CUST0295,2025-10-01,99,paid
PAY003505,CUST0295,2025-11-01,99,paid
PAY003506,CUST0295,2025-12-01,99,paid
PAY003507,CUST0296,2024-03-01,99,paid
PAY003508,CUST0296,2024-04-01,99,paid
PAY003509,CUST0296,2024-05-01,99,paid
PAY003510,CUST0296,2024-06-01,99,paid
PAY003511,CUST0296,2024-07-01,99,paid
PAY003512,CUST0296,2024-08-01,99,paid
PAY003513,CUST0296,2024-09-01,99,paid
PAY003514,CUST0296,2024-10-01,99,paid
PAY003515,CUST0296,2024-11-01,99,paid
PAY003516,CUST0296,2024-12-01,99,paid
PAY003517,CUST0296,2025-01-01,99,paid
PAY003518,CUST0296,2025-02-01,99,paid
PAY003519,CUST0296,2025-03-01,99,paid
PAY003520,CUST0296,2025-04-01,99,paid
PAY003521,CUST0296,2025-05-01,99,paid
PAY003522,CUST0296,2025-06-01,99,paid
PAY003523,CUST0296,2025-07-01,99,paid
PAY003524,CUST0296,2025-08-01,99,paid
PAY003525,CUST0296,2025-09-01,99,paid
PAY003526,CUST0297,2025-03-01,29,paid
PAY003527,CUST0297,2025-04-01,29,paid
PAY003528,CUST0297,2025-05-01,29,paid
PAY003529,CUST0297,2025-06-01,29,paid
PAY003530,CUST0297,2025-07-01,29,paid
PAY003531,CUST0297,2025-08-01,29,paid
PAY003532,CUST0297,2025-09-01,29,paid
PAY003533,CUST0297,2025-10-01,29,paid
PAY003534,CUST0297,2025-11-01,29,paid
PAY003535,CUST0297,2025-12-01,29,paid
PAY003536,CUST0298,2024-10-01,99,paid
PAY003537,CUST0298,2024-11-01,99,paid
PAY003538,CUST0298,2024-12-01,99,paid
PAY003539,CUST0298,2025-01-01,99,paid
PAY003540,CUST0298,2025-02-01,99,paid
PAY003541,CUST0298,2025-03-01,99,paid
PAY003542,CUST0299,2024-07-01,99,failed
PAY003543,CUST0299,2024-08-01,99,paid
PAY003544,CUST0299,2024-09-01,99,failed
PAY003545,CUST0299,2024-10-01,99,paid
PAY003546,CUST0299,2024-11-01,99,paid
PAY003547,CUST0299,2024-12-01,99,paid
PAY003548,CUST0299,2025-01-01,299,paid
PAY003549,CUST0299,2025-02-01,299,paid
PAY003550,CUST0299,2025-03-01,299,paid
PAY003551,CUST0299,2025-04-01,299,paid
PAY003552,CUST0299,2025-05-01,299,paid
PAY003553,CUST0299,2025-06-01,299,paid
PAY003554,CUST0299,2025-07-01,299,paid
PAY003555,CUST0299,2025-08-01,299,paid
PAY003556,CUST0299,2025-09-01,299,paid
PAY003557,CUST0299,2025-10-01,299,paid
PAY003558,CUST0299,2025-11-01,299,paid
PAY003559,CUST0299,2025-12-01,299,paid
PAY003560,CUST0300,2024-01-01,29,paid
PAY003561,CUST0300,2024-02-01,29,paid
PAY003562,CUST0300,2024-03-01,29,paid
PAY003563,CUST0300,2024-04-01,29,paid
PAY003564,CUST0301,2025-02-01,99,paid
PAY003565,CUST0301,2025-03-01,99,paid
PAY003566,CUST0301,2025-04-01,99,paid
PAY003567,CUST0301,2025-05-01,99,paid
PAY003568,CUST0301,2025-06-01,99,paid
PAY003569,CUST0301,2025-07-01,99,paid
PAY003570,CUST0301,2025-08-01,99,paid
PAY003571,CUST0301,2025-09-01,99,paid
PAY003572,CUST0301,2025-10-01,99,paid
PAY003573,CUST0301,2025-11-01,99,paid
PAY003574,CUST0301,2025-12-01,99,paid
PAY003575,CUST0302,2024-11-01,299,paid
PAY003576,CUST0302,2024-12-01,299,paid
PAY003577,CUST0302,2025-01-01,299,paid
PAY003578,CUST0302,2025-02-01,299,paid
PAY003579,CUST0302,2025-03-01,299,paid
PAY003580,CUST0302,2025-04-01,299,paid
PAY003581,CUST0302,2025-05-01,299,paid
PAY003582,CUST0302,2025-06-01,299,paid
PAY003583,CUST0302,2025-07-01,299,paid
PAY003584,CUST0302,2025-08-01,299,paid
PAY003585,CUST0302,2025-09-01,299,paid
PAY003586,CUST0302,2025-10-01,299,paid
PAY003587,CUST0302,2025-11-01,299,paid
PAY003588,CUST0302,2025-12-01,299,paid
PAY003589,CUST0303,2024-12-01,99,paid
PAY003590,CUST0303,2025-01-01,99,paid
PAY003591,CUST0303,2025-02-01,99,paid
PAY003592,CUST0303,2025-03-01,99,paid
PAY003593,CUST0303,2025-04-01,99,paid
PAY003594,CUST0303,2025-05-01,99,paid
PAY003595,CUST0303,2025-06-01,99,paid
PAY003596,CUST0303,2025-07-01,99,paid
PAY003597,CUST0303,2025-08-01,99,paid
PAY003598,CUST0303,2025-09-01,99,paid
PAY003599,CUST0303,2025-10-01,99,paid
PAY003600,CUST0304,2025-01-01,29,paid
PAY003601,CUST0304,2025-02-01,29,paid
PAY003602,CUST0304,2025-03-01,29,paid
PAY003603,CUST0304,2025-04-01,29,paid
PAY003604,CUST0304,2025-05-01,29,paid
PAY003605,CUST0304,2025-06-01,29,paid
PAY003606,CUST0304,2025-07-01,29,paid
PAY003607,CUST0304,2025-08-01,29,paid
PAY003608,CUST0304,2025-09-01,29,paid
PAY003609,CUST0304,2025-10-01,29,paid
PAY003610,CUST0304,2025-11-01,29,paid
PAY003611,CUST0304,2025-12-01,29,paid
PAY003612,CUST0305,2024-02-01,29,paid
PAY003613,CUST0305,2024-03-01,29,paid
PAY003614,CUST0305,2024-04-01,29,paid
PAY003615,CUST0305,2024-05-01,29,paid
PAY003616,CUST0305,2024-06-01,29,paid
PAY003617,CUST0305,2024-07-01,29,paid
PAY003618,CUST0305,2024-08-01,29,paid
PAY003619,CUST0305,2024-09-01,29,paid
PAY003620,CUST0305,2024-10-01,29,paid
PAY003621,CUST0305,2024-11-01,29,paid
PAY003622,CUST0305,2024-12-01,29,paid
PAY003623,CUST0305,2025-01-01,29,failed
PAY003624,CUST0305,2025-02-01,29,paid
PAY003625,CUST0305,2025-03-01,29,paid
PAY003626,CUST0305,2025-04-01,29,paid
PAY003627,CUST0305,2025-05-01,29,paid
PAY003628,CUST0305,2025-06-01,29,paid
PAY003629,CUST0305,2025-07-01,29,paid
PAY003630,CUST0305,2025-08-01,29,paid
PAY003631,CUST0306,2024-08-01,99,paid
PAY003632,CUST0306,2024-09-01,99,paid
PAY003633,CUST0306,2024-10-01,99,paid
PAY003634,CUST0307,2025-04-01,29,paid
PAY003635,CUST0307,2025-05-01,29,paid
PAY003636,CUST0308,2024-03-01,99,paid
PAY003637,CUST0308,2024-04-01,99,paid
PAY003638,CUST0308,2024-05-01,99,failed
PAY003639,CUST0308,2024-06-01,99,paid
PAY003640,CUST0308,2024-07-01,99,paid
PAY003641,CUST0308,2024-08-01,99,paid
PAY003642,CUST0308,2024-09-01,99,paid
PAY003643,CUST0308,2024-10-01,99,paid
PAY003644,CUST0308,2024-11-01,99,paid
PAY003645,CUST0308,2024-12-01,99,paid
PAY003646,CUST0308,2025-01-01,99,paid
PAY003647,CUST0308,2025-02-01,99,paid
PAY003648,CUST0308,2025-03-01,99,paid
PAY003649,CUST0308,2025-04-01,99,paid
PAY003650,CUST0308,2025-05-01,99,paid
PAY003651,CUST0308,2025-06-01,99,paid
PAY003652,CUST0308,2025-07-01,99,paid
PAY003653,CUST0308,2025-08-01,99,paid
PAY003654,CUST0308,2025-09-01,99,paid
PAY003655,CUST0308,2025-10-01,99,paid
PAY003656,CUST0308,2025-11-01,99,paid
PAY003657,CUST0308,2025-12-01,99,paid
PAY003658,CUST0309,2024-09-01,99,paid
PAY003659,CUST0309,2024-10-01,99,paid
PAY003660,CUST0309,2024-11-01,99,paid
PAY003661,CUST0309,2024-12-01,99,paid
PAY003662,CUST0309,2025-01-01,99,paid
PAY003663,CUST0309,2025-02-01,99,paid
PAY003664,CUST0309,2025-03-01,99,paid
PAY003665,CUST0309,2025-04-01,99,paid
PAY003666,CUST0309,2025-05-01,99,paid
PAY003667,CUST0309,2025-06-01,99,paid
PAY003668,CUST0309,2025-07-01,99,paid
PAY003669,CUST0309,2025-08-01,99,paid
PAY003670,CUST0310,2024-03-01,29,paid
PAY003671,CUST0310,2024-04-01,29,paid
PAY003672,CUST0310,2024-05-01,29,paid
PAY003673,CUST0310,2024-06-01,29,paid
PAY003674,CUST0310,2024-07-01,29,paid
PAY003675,CUST0310,2024-08-01,29,paid
PAY003676,CUST0310,2024-09-01,29,paid
PAY003677,CUST0310,2024-10-01,29,paid
PAY003678,CUST0311,2025-01-01,99,paid
PAY003679,CUST0311,2025-02-01,99,paid
PAY003680,CUST0311,2025-03-01,99,paid
PAY003681,CUST0311,2025-04-01,99,paid
PAY003682,CUST0311,2025-05-01,99,paid
PAY003683,CUST0311,2025-06-01,99,paid
PAY003684,CUST0311,2025-07-01,299,paid
PAY003685,CUST0311,2025-08-01,299,paid
PAY003686,CUST0311,2025-09-01,299,paid
PAY003687,CUST0311,2025-10-01,299,paid
PAY003688,CUST0311,2025-11-01,299,paid
PAY003689,CUST0311,2025-12-01,299,paid
PAY003690,CUST0312,2024-10-01,99,paid
PAY003691,CUST0312,2024-11-01,99,paid
PAY003692,CUST0312,2024-12-01,99,paid
PAY003693,CUST0312,2025-01-01,99,paid
PAY003694,CUST0312,2025-02-01,99,paid
PAY003695,CUST0312,2025-03-01,99,paid
PAY003696,CUST0312,2025-04-01,99,paid
PAY003697,CUST0312,2025-05-01,99,paid
PAY003698,CUST0312,2025-06-01,99,paid
PAY003699,CUST0312,2025-07-01,99,paid
PAY003700,CUST0312,2025-08-01,99,paid
PAY003701,CUST0312,2025-09-01,99,paid
PAY003702,CUST0312,2025-10-01,99,paid
PAY003703,CUST0312,2025-11-01,99,paid
PAY003704,CUST0312,2025-12-01,99,paid
PAY003705,CUST0313,2025-01-01,99,paid
PAY003706,CUST0313,2025-02-01,99,paid
PAY003707,CUST0313,2025-03-01,99,paid
PAY003708,CUST0313,2025-04-01,99,paid
PAY003709,CUST0313,2025-05-01,99,paid
PAY003710,CUST0313,2025-06-01,99,paid
PAY003711,CUST0313,2025-07-01,99,paid
PAY003712,CUST0313,2025-08-01,99,paid
PAY003713,CUST0313,2025-09-01,99,paid
PAY003714,CUST0313,2025-10-01,99,paid
PAY003715,CUST0313,2025-11-01,99,paid
PAY003716,CUST0313,2025-12-01,99,paid
PAY003717,CUST0314,2025-01-01,29,paid
PAY003718,CUST0314,2025-02-01,29,paid
PAY003719,CUST0314,2025-03-01,29,paid
PAY003720,CUST0314,2025-04-01,29,paid
PAY003721,CUST0314,2025-05-01,29,paid
PAY003722,CUST0314,2025-06-01,29,paid
PAY003723,CUST0314,2025-07-01,99,paid
PAY003724,CUST0314,2025-08-01,99,paid
PAY003725,CUST0314,2025-09-01,99,paid
PAY003726,CUST0314,2025-10-01,99,paid
PAY003727,CUST0314,2025-11-01,99,paid
PAY003728,CUST0314,2025-12-01,99,paid
PAY003729,CUST0315,2025-06-01,29,paid
PAY003730,CUST0315,2025-07-01,29,paid
PAY003731,CUST0315,2025-08-01,29,paid
PAY003732,CUST0315,2025-09-01,29,paid
PAY003733,CUST0315,2025-10-01,29,paid
PAY003734,CUST0315,2025-11-01,29,paid
PAY003735,CUST0315,2025-12-01,29,paid
PAY003736,CUST0316,2025-07-01,299,paid
PAY003737,CUST0316,2025-08-01,299,paid
PAY003738,CUST0316,2025-09-01,299,paid
PAY003739,CUST0316,2025-10-01,299,paid
PAY003740,CUST0316,2025-11-01,299,paid
PAY003741,CUST0316,2025-12-01,299,paid
PAY003742,CUST0317,2024-03-01,299,paid
PAY003743,CUST0317,2024-04-01,299,paid
PAY003744,CUST0317,2024-05-01,299,paid
PAY003745,CUST0317,2024-06-01,299,paid
PAY003746,CUST0317,2024-07-01,299,paid
PAY003747,CUST0317,2024-08-01,299,paid
PAY003748,CUST0317,2024-09-01,299,paid
PAY003749,CUST0317,2024-10-01,299,paid
PAY003750,CUST0317,2024-11-01,299,paid
PAY003751,CUST0317,2024-12-01,299,paid
PAY003752,CUST0317,2025-01-01,299,paid
PAY003753,CUST0317,2025-02-01,299,paid
PAY003754,CUST0317,2025-03-01,299,paid
PAY003755,CUST0318,2024-12-01,29,paid
PAY003756,CUST0318,2025-01-01,29,paid
PAY003757,CUST0318,2025-02-01,29,paid
PAY003758,CUST0318,2025-03-01,29,paid
PAY003759,CUST0318,2025-04-01,29,paid
PAY003760,CUST0318,2025-05-01,29,paid
PAY003761,CUST0318,2025-06-01,29,paid
PAY003762,CUST0318,2025-07-01,29,paid
PAY003763,CUST0318,2025-08-01,29,paid
PAY003764,CUST0318,2025-09-01,29,paid
PAY003765,CUST0318,2025-10-01,29,paid
PAY003766,CUST0318,2025-11-01,29,paid
PAY003767,CUST0318,2025-12-01,29,paid
PAY003768,CUST0319,2024-06-01,29,paid
PAY003769,CUST0319,2024-07-01,29,paid
PAY003770,CUST0319,2024-08-01,29,paid
PAY003771,CUST0319,2024-09-01,29,paid
PAY003772,CUST0319,2024-10-01,29,paid
PAY003773,CUST0319,2024-11-01,29,paid
PAY003774,CUST0319,2024-12-01,29,paid
PAY003775,CUST0319,2025-01-01,29,paid
PAY003776,CUST0319,2025-02-01,29,paid
PAY003777,CUST0319,2025-03-01,29,paid
PAY003778,CUST0319,2025-04-01,29,paid
PAY003779,CUST0319,2025-05-01,29,paid
PAY003780,CUST0319,2025-06-01,29,paid
PAY003781,CUST0319,2025-07-01,29,paid
PAY003782,CUST0319,2025-08-01,29,paid
PAY003783,CUST0319,2025-09-01,29,paid
PAY003784,CUST0320,2024-09-01,99,paid
PAY003785,CUST0320,2024-10-01,99,paid
PAY003786,CUST0320,2024-11-01,99,paid
PAY003787,CUST0320,2024-12-01,99,paid
PAY003788,CUST0320,2025-01-01,99,paid
PAY003789,CUST0320,2025-02-01,99,paid
PAY003790,CUST0320,2025-03-01,99,paid
PAY003791,CUST0320,2025-04-01,99,paid
PAY003792,CUST0321,2024-04-01,29,paid
PAY003793,CUST0321,2024-05-01,29,paid
PAY003794,CUST0322,2024-06-01,299,paid
PAY003795,CUST0322,2024-07-01,299,failed
PAY003796,CUST0322,2024-08-01,299,paid
PAY003797,CUST0322,2024-09-01,299,paid
PAY003798,CUST0322,2024-10-01,299,paid
PAY003799,CUST0322,2024-11-01,299,paid
PAY003800,CUST0322,2024-12-01,299,paid
PAY003801,CUST0322,2025-01-01,299,paid
PAY003802,CUST0322,2025-02-01,299,paid
PAY003803,CUST0322,2025-03-01,299,paid
PAY003804,CUST0322,2025-04-01,299,paid
PAY003805,CUST0322,2025-05-01,299,paid
PAY003806,CUST0322,2025-06-01,299,paid
PAY003807,CUST0322,2025-07-01,299,paid
PAY003808,CUST0322,2025-08-01,299,paid
PAY003809,CUST0322,2025-09-01,299,paid
PAY003810,CUST0322,2025-10-01,299,paid
PAY003811,CUST0322,2025-11-01,299,paid
PAY003812,CUST0322,2025-12-01,299,paid
PAY003813,CUST0323,2024-08-01,99,paid
PAY003814,CUST0323,2024-09-01,99,paid
PAY003815,CUST0323,2024-10-01,99,paid
PAY003816,CUST0323,2024-11-01,99,paid
PAY003817,CUST0323,2024-12-01,99,paid
PAY003818,CUST0323,2025-01-01,99,paid
PAY003819,CUST0323,2025-02-01,99,paid
PAY003820,CUST0323,2025-03-01,99,paid
PAY003821,CUST0323,2025-04-01,99,paid
PAY003822,CUST0323,2025-05-01,99,paid
PAY003823,CUST0323,2025-06-01,99,paid
PAY003824,CUST0323,2025-07-01,99,paid
PAY003825,CUST0323,2025-08-01,99,paid
PAY003826,CUST0323,2025-09-01,99,paid
PAY003827,CUST0323,2025-10-01,99,paid
PAY003828,CUST0323,2025-11-01,99,paid
PAY003829,CUST0323,2025-12-01,99,paid
PAY003830,CUST0324,2024-05-01,29,paid
PAY003831,CUST0324,2024-06-01,29,paid
PAY003832,CUST0324,2024-07-01,29,paid
PAY003833,CUST0324,2024-08-01,29,paid
PAY003834,CUST0324,2024-09-01,29,paid
PAY003835,CUST0324,2024-10-01,29,paid
PAY003836,CUST0324,2024-11-01,29,paid
PAY003837,CUST0325,2025-04-01,99,paid
PAY003838,CUST0325,2025-05-01,99,paid
PAY003839,CUST0325,2025-06-01,99,paid
PAY003840,CUST0325,2025-07-01,99,failed
PAY003841,CUST0325,2025-08-01,99,paid
PAY003842,CUST0325,2025-09-01,99,paid
PAY003843,CUST0325,2025-10-01,99,paid
PAY003844,CUST0325,2025-11-01,99,paid
PAY003845,CUST0325,2025-12-01,99,paid
PAY003846,CUST0326,2024-05-01,29,paid
PAY003847,CUST0326,2024-06-01,29,paid
PAY003848,CUST0326,2024-07-01,29,failed
PAY003849,CUST0326,2024-08-01,29,paid
PAY003850,CUST0326,2024-09-01,29,paid
PAY003851,CUST0326,2024-10-01,29,paid
PAY003852,CUST0326,2024-11-01,29,paid
PAY003853,CUST0326,2024-12-01,29,paid
PAY003854,CUST0326,2025-01-01,29,paid
PAY003855,CUST0326,2025-02-01,29,paid
PAY003856,CUST0326,2025-03-01,29,paid
PAY003857,CUST0326,2025-04-01,29,paid
PAY003858,CUST0326,2025-05-01,29,paid
PAY003859,CUST0326,2025-06-01,29,paid
PAY003860,CUST0326,2025-07-01,29,paid
PAY003861,CUST0326,2025-08-01,29,paid
PAY003862,CUST0326,2025-09-01,29,paid
PAY003863,CUST0326,2025-10-01,29,paid
PAY003864,CUST0326,2025-11-01,29,paid
PAY003865,CUST0326,2025-12-01,29,paid
PAY003866,CUST0327,2024-08-01,29,paid
PAY003867,CUST0327,2024-09-01,29,paid
PAY003868,CUST0327,2024-10-01,29,paid
PAY003869,CUST0327,2024-11-01,29,paid
PAY003870,CUST0327,2024-12-01,29,paid
PAY003871,CUST0327,2025-01-01,29,paid
PAY003872,CUST0327,2025-02-01,99,paid
PAY003873,CUST0327,2025-03-01,99,paid
PAY003874,CUST0327,2025-04-01,99,paid
PAY003875,CUST0327,2025-05-01,99,paid
PAY003876,CUST0328,2024-02-01,299,paid
PAY003877,CUST0328,2024-03-01,299,paid
PAY003878,CUST0328,2024-04-01,299,paid
PAY003879,CUST0328,2024-05-01,299,paid
PAY003880,CUST0328,2024-06-01,299,paid
PAY003881,CUST0328,2024-07-01,299,paid
PAY003882,CUST0328,2024-08-01,299,paid
PAY003883,CUST0328,2024-09-01,299,paid
PAY003884,CUST0328,2024-10-01,299,paid
PAY003885,CUST0328,2024-11-01,299,paid
PAY003886,CUST0328,2024-12-01,299,paid
PAY003887,CUST0328,2025-01-01,299,paid
PAY003888,CUST0328,2025-02-01,299,paid
PAY003889,CUST0328,2025-03-01,299,paid
PAY003890,CUST0328,2025-04-01,299,paid
PAY003891,CUST0328,2025-05-01,299,paid
PAY003892,CUST0328,2025-06-01,299,paid
PAY003893,CUST0328,2025-07-01,299,paid
PAY003894,CUST0328,2025-08-01,299,paid
PAY003895,CUST0328,2025-09-01,299,paid
PAY003896,CUST0328,2025-10-01,299,paid
PAY003897,CUST0328,2025-11-01,299,paid
PAY003898,CUST0328,2025-12-01,299,paid
PAY003899,CUST0329,2024-11-01,99,paid
PAY003900,CUST0329,2024-12-01,99,paid
PAY003901,CUST0329,2025-01-01,99,paid
PAY003902,CUST0329,2025-02-01,99,paid
PAY003903,CUST0329,2025-03-01,99,paid
PAY003904,CUST0329,2025-04-01,99,paid
PAY003905,CUST0329,2025-05-01,299,paid
PAY003906,CUST0329,2025-06-01,299,paid
PAY003907,CUST0329,2025-07-01,299,paid
PAY003908,CUST0330,2025-03-01,29,paid
PAY003909,CUST0330,2025-04-01,29,paid
PAY003910,CUST0330,2025-05-01,29,paid
PAY003911,CUST0330,2025-06-01,29,failed
PAY003912,CUST0331,2024-01-01,29,paid
PAY003913,CUST0331,2024-02-01,29,paid
PAY003914,CUST0331,2024-03-01,29,paid
PAY003915,CUST0331,2024-04-01,29,paid
PAY003916,CUST0331,2024-05-01,29,paid
PAY003917,CUST0331,2024-06-01,29,paid
PAY003918,CUST0331,2024-07-01,29,paid
PAY003919,CUST0331,2024-08-01,29,paid
PAY003920,CUST0331,2024-09-01,29,paid
PAY003921,CUST0331,2024-10-01,29,paid
PAY003922,CUST0331,2024-11-01,29,paid
PAY003923,CUST0331,2024-12-01,29,paid
PAY003924,CUST0331,2025-01-01,29,paid
PAY003925,CUST0331,2025-02-01,29,paid
PAY003926,CUST0331,2025-03-01,29,paid
PAY003927,CUST0331,2025-04-01,29,failed
PAY003928,CUST0331,2025-05-01,29,paid
PAY003929,CUST0331,2025-06-01,29,paid
PAY003930,CUST0331,2025-07-01,29,paid
PAY003931,CUST0331,2025-08-01,29,paid
PAY003932,CUST0332,2024-10-01,99,paid
PAY003933,CUST0332,2024-11-01,99,paid
PAY003934,CUST0332,2024-12-01,99,paid
PAY003935,CUST0332,2025-01-01,99,paid
PAY003936,CUST0332,2025-02-01,99,paid
PAY003937,CUST0332,2025-03-01,99,paid
PAY003938,CUST0332,2025-04-01,99,paid
PAY003939,CUST0332,2025-05-01,99,paid
PAY003940,CUST0332,2025-06-01,99,paid
PAY003941,CUST0332,2025-07-01,99,paid
PAY003942,CUST0332,2025-08-01,99,paid
PAY003943,CUST0332,2025-09-01,99,paid
PAY003944,CUST0332,2025-10-01,99,paid
PAY003945,CUST0332,2025-11-01,99,paid
PAY003946,CUST0332,2025-12-01,99,paid
PAY003947,CUST0333,2025-03-01,29,paid
PAY003948,CUST0333,2025-04-01,29,paid
PAY003949,CUST0333,2025-05-01,29,paid
PAY003950,CUST0333,2025-06-01,29,paid
PAY003951,CUST0333,2025-07-01,29,paid
PAY003952,CUST0333,2025-08-01,29,paid
PAY003953,CUST0333,2025-09-01,29,paid
PAY003954,CUST0333,2025-10-01,29,paid
PAY003955,CUST0333,2025-11-01,29,paid
PAY003956,CUST0333,2025-12-01,29,paid
PAY003957,CUST0334,2025-01-01,29,paid
PAY003958,CUST0334,2025-02-01,29,paid
PAY003959,CUST0334,2025-03-01,29,paid
PAY003960,CUST0334,2025-04-01,29,paid
PAY003961,CUST0334,2025-05-01,29,paid
PAY003962,CUST0334,2025-06-01,29,paid
PAY003963,CUST0334,2025-07-01,29,paid
PAY003964,CUST0334,2025-08-01,29,paid
PAY003965,CUST0334,2025-09-01,29,paid
PAY003966,CUST0334,2025-10-01,29,paid
PAY003967,CUST0334,2025-11-01,29,paid
PAY003968,CUST0334,2025-12-01,29,paid
PAY003969,CUST0335,2024-03-01,29,paid
PAY003970,CUST0335,2024-04-01,29,paid
PAY003971,CUST0335,2024-05-01,29,paid
PAY003972,CUST0335,2024-06-01,29,paid
PAY003973,CUST0335,2024-07-01,29,paid
PAY003974,CUST0335,2024-08-01,29,paid
PAY003975,CUST0335,2024-09-01,29,paid
PAY003976,CUST0335,2024-10-01,29,paid
PAY003977,CUST0335,2024-11-01,29,paid
PAY003978,CUST0335,2024-12-01,29,paid
PAY003979,CUST0335,2025-01-01,29,paid
PAY003980,CUST0335,2025-02-01,29,paid
PAY003981,CUST0336,2024-05-01,29,paid
PAY003982,CUST0336,2024-06-01,29,paid
PAY003983,CUST0336,2024-07-01,29,paid
PAY003984,CUST0336,2024-08-01,29,paid
PAY003985,CUST0336,2024-09-01,29,paid
PAY003986,CUST0336,2024-10-01,29,paid
PAY003987,CUST0336,2024-11-01,29,paid
PAY003988,CUST0336,2024-12-01,29,paid
PAY003989,CUST0336,2025-01-01,29,paid
PAY003990,CUST0336,2025-02-01,29,paid
PAY003991,CUST0336,2025-03-01,29,paid
PAY003992,CUST0336,2025-04-01,29,paid
PAY003993,CUST0336,2025-05-01,29,paid
PAY003994,CUST0336,2025-06-01,29,paid
PAY003995,CUST0336,2025-07-01,29,paid
PAY003996,CUST0336,2025-08-01,29,paid
PAY003997,CUST0337,2024-08-01,99,paid
PAY003998,CUST0337,2024-09-01,99,paid
PAY003999,CUST0337,2024-10-01,99,paid
PAY004000,CUST0337,2024-11-01,99,paid
PAY004001,CUST0337,2024-12-01,99,paid
PAY004002,CUST0337,2025-01-01,99,paid
PAY004003,CUST0337,2025-02-01,99,paid
PAY004004,CUST0337,2025-03-01,99,paid
PAY004005,CUST0337,2025-04-01,99,paid
PAY004006,CUST0337,2025-05-01,99,paid
PAY004007,CUST0337,2025-06-01,99,paid
PAY004008,CUST0337,2025-07-01,99,paid
PAY004009,CUST0337,2025-08-01,99,paid
PAY004010,CUST0337,2025-09-01,99,paid
PAY004011,CUST0337,2025-10-01,99,paid
PAY004012,CUST0337,2025-11-01,99,paid
PAY004013,CUST0337,2025-12-01,99,paid
PAY004014,CUST0338,2024-03-01,29,paid
PAY004015,CUST0338,2024-04-01,29,paid
PAY004016,CUST0338,2024-05-01,29,paid
PAY004017,CUST0338,2024-06-01,29,paid
PAY004018,CUST0338,2024-07-01,29,paid
PAY004019,CUST0338,2024-08-01,29,paid
PAY004020,CUST0339,2024-06-01,29,paid
PAY004021,CUST0339,2024-07-01,29,paid
PAY004022,CUST0339,2024-08-01,29,paid
PAY004023,CUST0339,2024-09-01,29,paid
PAY004024,CUST0339,2024-10-01,29,paid
PAY004025,CUST0339,2024-11-01,29,paid
PAY004026,CUST0339,2024-12-01,29,paid
PAY004027,CUST0339,2025-01-01,29,paid
PAY004028,CUST0340,2024-08-01,299,paid
PAY004029,CUST0340,2024-09-01,299,paid
PAY004030,CUST0340,2024-10-01,299,paid
PAY004031,CUST0340,2024-11-01,299,paid
PAY004032,CUST0340,2024-12-01,299,paid
PAY004033,CUST0340,2025-01-01,299,paid
PAY004034,CUST0340,2025-02-01,299,paid
PAY004035,CUST0340,2025-03-01,299,paid
PAY004036,CUST0340,2025-04-01,299,paid
PAY004037,CUST0340,2025-05-01,299,paid
PAY004038,CUST0340,2025-06-01,299,paid
PAY004039,CUST0340,2025-07-01,299,paid
PAY004040,CUST0340,2025-08-01,299,paid
PAY004041,CUST0340,2025-09-01,299,paid
PAY004042,CUST0340,2025-10-01,299,paid
PAY004043,CUST0340,2025-11-01,299,paid
PAY004044,CUST0340,2025-12-01,299,paid
PAY004045,CUST0341,2024-09-01,29,paid
PAY004046,CUST0341,2024-10-01,29,paid
PAY004047,CUST0341,2024-11-01,29,paid
PAY004048,CUST0341,2024-12-01,29,paid
PAY004049,CUST0341,2025-01-01,29,paid
PAY004050,CUST0341,2025-02-01,29,paid
PAY004051,CUST0341,2025-03-01,29,paid
PAY004052,CUST0341,2025-04-01,29,paid
PAY004053,CUST0342,2024-06-01,29,paid
PAY004054,CUST0342,2024-07-01,29,paid
PAY004055,CUST0342,2024-08-01,29,paid
PAY004056,CUST0342,2024-09-01,29,paid
PAY004057,CUST0342,2024-10-01,29,paid
PAY004058,CUST0342,2024-11-01,29,paid
PAY004059,CUST0342,2024-12-01,29,paid
PAY004060,CUST0342,2025-01-01,29,paid
PAY004061,CUST0342,2025-02-01,29,paid
PAY004062,CUST0342,2025-03-01,29,paid
PAY004063,CUST0342,2025-04-01,29,paid
PAY004064,CUST0342,2025-05-01,29,paid
PAY004065,CUST0342,2025-06-01,29,paid
PAY004066,CUST0342,2025-07-01,29,paid
PAY004067,CUST0342,2025-08-01,29,paid
PAY004068,CUST0342,2025-09-01,29,paid
PAY004069,CUST0342,2025-10-01,29,paid
PAY004070,CUST0342,2025-11-01,29,paid
PAY004071,CUST0343,2024-05-01,29,paid
PAY004072,CUST0343,2024-06-01,29,paid
PAY004073,CUST0343,2024-07-01,29,paid
PAY004074,CUST0343,2024-08-01,29,paid
PAY004075,CUST0343,2024-09-01,29,paid
PAY004076,CUST0343,2024-10-01,29,paid
PAY004077,CUST0343,2024-11-01,99,paid
PAY004078,CUST0343,2024-12-01,99,paid
PAY004079,CUST0343,2025-01-01,99,paid
PAY004080,CUST0343,2025-02-01,99,paid
PAY004081,CUST0343,2025-03-01,99,paid
PAY004082,CUST0343,2025-04-01,99,paid
PAY004083,CUST0343,2025-05-01,99,paid
PAY004084,CUST0343,2025-06-01,99,paid
PAY004085,CUST0344,2024-02-01,29,paid
PAY004086,CUST0344,2024-03-01,29,paid
PAY004087,CUST0344,2024-04-01,29,paid
PAY004088,CUST0344,2024-05-01,29,paid
PAY004089,CUST0344,2024-06-01,29,paid
PAY004090,CUST0344,2024-07-01,29,paid
PAY004091,CUST0344,2024-08-01,29,paid
PAY004092,CUST0344,2024-09-01,29,paid
PAY004093,CUST0344,2024-10-01,29,paid
PAY004094,CUST0344,2024-11-01,29,paid
PAY004095,CUST0345,2024-11-01,99,paid
PAY004096,CUST0345,2024-12-01,99,paid
PAY004097,CUST0345,2025-01-01,99,paid
PAY004098,CUST0345,2025-02-01,99,paid
PAY004099,CUST0345,2025-03-01,99,paid
PAY004100,CUST0345,2025-04-01,99,paid
PAY004101,CUST0345,2025-05-01,99,paid
PAY004102,CUST0345,2025-06-01,99,paid
PAY004103,CUST0345,2025-07-01,99,paid
PAY004104,CUST0345,2025-08-01,99,paid
PAY004105,CUST0345,2025-09-01,99,paid
PAY004106,CUST0345,2025-10-01,99,paid
PAY004107,CUST0345,2025-11-01,99,paid
PAY004108,CUST0345,2025-12-01,99,paid
PAY004109,CUST0346,2024-11-01,99,paid
PAY004110,CUST0346,2024-12-01,99,paid
PAY004111,CUST0346,2025-01-01,99,paid
PAY004112,CUST0346,2025-02-01,99,paid
PAY004113,CUST0346,2025-03-01,99,paid
PAY004114,CUST0346,2025-04-01,99,paid
PAY004115,CUST0346,2025-05-01,99,paid
PAY004116,CUST0346,2025-06-01,99,paid
PAY004117,CUST0346,2025-07-01,99,paid
PAY004118,CUST0346,2025-08-01,99,paid
PAY004119,CUST0346,2025-09-01,99,paid
PAY004120,CUST0346,2025-10-01,99,paid
PAY004121,CUST0346,2025-11-01,99,paid
PAY004122,CUST0346,2025-12-01,99,paid
PAY004123,CUST0347,2025-02-01,29,paid
PAY004124,CUST0347,2025-03-01,29,paid
PAY004125,CUST0347,2025-04-01,29,paid
PAY004126,CUST0347,2025-05-01,29,paid
PAY004127,CUST0347,2025-06-01,29,paid
PAY004128,CUST0347,2025-07-01,29,paid
PAY004129,CUST0347,2025-08-01,29,paid
PAY004130,CUST0347,2025-09-01,29,paid
PAY004131,CUST0347,2025-10-01,29,paid
PAY004132,CUST0347,2025-11-01,29,paid
PAY004133,CUST0347,2025-12-01,29,paid
PAY004134,CUST0348,2024-03-01,99,paid
PAY004135,CUST0348,2024-04-01,99,paid
PAY004136,CUST0348,2024-05-01,99,paid
PAY004137,CUST0348,2024-06-01,99,paid
PAY004138,CUST0348,2024-07-01,99,paid
PAY004139,CUST0348,2024-08-01,99,paid
PAY004140,CUST0348,2024-09-01,99,paid
PAY004141,CUST0348,2024-10-01,99,paid
PAY004142,CUST0348,2024-11-01,99,paid
PAY004143,CUST0348,2024-12-01,99,paid
PAY004144,CUST0348,2025-01-01,99,paid
PAY004145,CUST0349,2024-07-01,99,paid
PAY004146,CUST0349,2024-08-01,99,paid
PAY004147,CUST0349,2024-09-01,99,paid
PAY004148,CUST0349,2024-10-01,99,paid
PAY004149,CUST0349,2024-11-01,99,paid
PAY004150,CUST0349,2024-12-01,99,paid
PAY004151,CUST0349,2025-01-01,99,failed
PAY004152,CUST0349,2025-02-01,99,paid
PAY004153,CUST0349,2025-03-01,99,paid
PAY004154,CUST0349,2025-04-01,99,paid
PAY004155,CUST0349,2025-05-01,99,paid
PAY004156,CUST0349,2025-06-01,99,paid
PAY004157,CUST0349,2025-07-01,99,paid
PAY004158,CUST0349,2025-08-01,99,paid
PAY004159,CUST0349,2025-09-01,99,paid
PAY004160,CUST0349,2025-10-01,99,paid
PAY004161,CUST0349,2025-11-01,99,paid
PAY004162,CUST0349,2025-12-01,99,paid
PAY004163,CUST0350,2024-11-01,299,paid
PAY004164,CUST0350,2024-12-01,299,paid
PAY004165,CUST0350,2025-01-01,299,paid
PAY004166,CUST0350,2025-02-01,299,failed
PAY004167,CUST0350,2025-03-01,299,paid
PAY004168,CUST0350,2025-04-01,299,paid
PAY004169,CUST0350,2025-05-01,299,paid
PAY004170,CUST0350,2025-06-01,299,paid
PAY004171,CUST0350,2025-07-01,299,paid
PAY004172,CUST0350,2025-08-01,299,failed
PAY004173,CUST0350,2025-09-01,299,paid
PAY004174,CUST0350,2025-10-01,299,paid
PAY004175,CUST0350,2025-11-01,299,paid
PAY004176,CUST0350,2025-12-01,299,paid
PAY004177,CUST0351,2025-02-01,29,paid
PAY004178,CUST0351,2025-03-01,29,paid
PAY004179,CUST0351,2025-04-01,29,paid
PAY004180,CUST0351,2025-05-01,29,paid
PAY004181,CUST0351,2025-06-01,29,paid
PAY004182,CUST0351,2025-07-01,29,paid
PAY004183,CUST0351,2025-08-01,29,paid
PAY004184,CUST0351,2025-09-01,29,paid
PAY004185,CUST0351,2025-10-01,29,paid
PAY004186,CUST0351,2025-11-01,29,paid
PAY004187,CUST0352,2025-06-01,299,paid
PAY004188,CUST0352,2025-07-01,299,paid
PAY004189,CUST0352,2025-08-01,299,paid
PAY004190,CUST0352,2025-09-01,299,paid
PAY004191,CUST0353,2024-01-01,29,paid
PAY004192,CUST0353,2024-02-01,29,paid
PAY004193,CUST0353,2024-03-01,29,paid
PAY004194,CUST0353,2024-04-01,29,paid
PAY004195,CUST0353,2024-05-01,29,paid
PAY004196,CUST0353,2024-06-01,29,paid
PAY004197,CUST0353,2024-07-01,29,paid
PAY004198,CUST0353,2024-08-01,29,paid
PAY004199,CUST0353,2024-09-01,29,paid
PAY004200,CUST0353,2024-10-01,29,paid
PAY004201,CUST0353,2024-11-01,29,paid
PAY004202,CUST0353,2024-12-01,29,paid
PAY004203,CUST0353,2025-01-01,29,paid
PAY004204,CUST0353,2025-02-01,29,paid
PAY004205,CUST0353,2025-03-01,29,paid
PAY004206,CUST0353,2025-04-01,29,paid
PAY004207,CUST0353,2025-05-01,29,paid
PAY004208,CUST0353,2025-06-01,29,paid
PAY004209,CUST0353,2025-07-01,29,paid
PAY004210,CUST0353,2025-08-01,29,paid
PAY004211,CUST0353,2025-09-01,29,paid
PAY004212,CUST0353,2025-10-01,29,paid
PAY004213,CUST0353,2025-11-01,29,paid
PAY004214,CUST0353,2025-12-01,29,paid
PAY004215,CUST0354,2025-03-01,99,paid
PAY004216,CUST0354,2025-04-01,99,paid
PAY004217,CUST0355,2024-12-01,29,paid
PAY004218,CUST0355,2025-01-01,29,paid
PAY004219,CUST0355,2025-02-01,29,paid
PAY004220,CUST0355,2025-03-01,29,paid
PAY004221,CUST0355,2025-04-01,29,paid
PAY004222,CUST0355,2025-05-01,29,paid
PAY004223,CUST0355,2025-06-01,29,paid
PAY004224,CUST0355,2025-07-01,29,paid
PAY004225,CUST0355,2025-08-01,29,paid
PAY004226,CUST0355,2025-09-01,29,paid
PAY004227,CUST0355,2025-10-01,29,paid
PAY004228,CUST0355,2025-11-01,29,paid
PAY004229,CUST0355,2025-12-01,29,paid
PAY004230,CUST0356,2025-05-01,99,paid
PAY004231,CUST0356,2025-06-01,99,paid
PAY004232,CUST0356,2025-07-01,99,paid
PAY004233,CUST0356,2025-08-01,99,paid
PAY004234,CUST0356,2025-09-01,99,paid
PAY004235,CUST0356,2025-10-01,99,paid
PAY004236,CUST0356,2025-11-01,99,paid
PAY004237,CUST0356,2025-12-01,99,paid
PAY004238,CUST0357,2024-03-01,29,paid
PAY004239,CUST0357,2024-04-01,29,paid
PAY004240,CUST0358,2024-05-01,99,paid
PAY004241,CUST0358,2024-06-01,99,paid
PAY004242,CUST0358,2024-07-01,99,paid
PAY004243,CUST0358,2024-08-01,99,paid
PAY004244,CUST0358,2024-09-01,99,paid
PAY004245,CUST0358,2024-10-01,99,paid
PAY004246,CUST0358,2024-11-01,99,paid
PAY004247,CUST0358,2024-12-01,99,paid
PAY004248,CUST0358,2025-01-01,99,paid
PAY004249,CUST0358,2025-02-01,99,paid
PAY004250,CUST0358,2025-03-01,99,paid
PAY004251,CUST0358,2025-04-01,99,paid
PAY004252,CUST0358,2025-05-01,99,paid
PAY004253,CUST0358,2025-06-01,99,paid
PAY004254,CUST0358,2025-07-01,99,paid
PAY004255,CUST0359,2024-10-01,99,paid
PAY004256,CUST0359,2024-11-01,99,failed
PAY004257,CUST0359,2024-12-01,99,paid
PAY004258,CUST0359,2025-01-01,99,paid
PAY004259,CUST0359,2025-02-01,99,paid
PAY004260,CUST0359,2025-03-01,99,paid
PAY004261,CUST0359,2025-04-01,99,paid
PAY004262,CUST0359,2025-05-01,99,paid
PAY004263,CUST0359,2025-06-01,99,paid
PAY004264,CUST0359,2025-07-01,99,paid
PAY004265,CUST0359,2025-08-01,99,paid
PAY004266,CUST0359,2025-09-01,99,paid
PAY004267,CUST0359,2025-10-01,99,paid
PAY004268,CUST0359,2025-11-01,99,paid
PAY004269,CUST0359,2025-12-01,99,paid
PAY004270,CUST0360,2024-06-01,99,paid
PAY004271,CUST0360,2024-07-01,99,paid
PAY004272,CUST0360,2024-08-01,99,paid
PAY004273,CUST0360,2024-09-01,99,paid
PAY004274,CUST0360,2024-10-01,99,paid
PAY004275,CUST0360,2024-11-01,99,paid
PAY004276,CUST0360,2024-12-01,99,paid
PAY004277,CUST0360,2025-01-01,99,paid
PAY004278,CUST0360,2025-02-01,99,paid
PAY004279,CUST0360,2025-03-01,99,paid
PAY004280,CUST0360,2025-04-01,99,paid
PAY004281,CUST0360,2025-05-01,99,paid
PAY004282,CUST0360,2025-06-01,99,paid
PAY004283,CUST0360,2025-07-01,99,paid
PAY004284,CUST0360,2025-08-01,99,paid
PAY004285,CUST0360,2025-09-01,99,paid
PAY004286,CUST0360,2025-10-01,99,paid
PAY004287,CUST0360,2025-11-01,99,paid
PAY004288,CUST0360,2025-12-01,99,paid
PAY004289,CUST0361,2025-05-01,29,paid
PAY004290,CUST0361,2025-06-01,29,paid
PAY004291,CUST0361,2025-07-01,29,paid
PAY004292,CUST0361,2025-08-01,29,paid
PAY004293,CUST0361,2025-09-01,29,paid
PAY004294,CUST0361,2025-10-01,29,paid
PAY004295,CUST0361,2025-11-01,29,paid
PAY004296,CUST0361,2025-12-01,29,paid
PAY004297,CUST0362,2024-11-01,29,paid
PAY004298,CUST0362,2024-12-01,29,paid
PAY004299,CUST0362,2025-01-01,29,paid
PAY004300,CUST0362,2025-02-01,29,paid
PAY004301,CUST0362,2025-03-01,29,paid
PAY004302,CUST0362,2025-04-01,29,paid
PAY004303,CUST0362,2025-05-01,29,paid
PAY004304,CUST0362,2025-06-01,29,paid
PAY004305,CUST0362,2025-07-01,29,paid
PAY004306,CUST0362,2025-08-01,29,paid
PAY004307,CUST0362,2025-09-01,29,paid
PAY004308,CUST0362,2025-10-01,29,paid
PAY004309,CUST0362,2025-11-01,29,paid
PAY004310,CUST0362,2025-12-01,29,paid
PAY004311,CUST0363,2024-11-01,29,paid
PAY004312,CUST0363,2024-12-01,29,paid
PAY004313,CUST0363,2025-01-01,29,paid
PAY004314,CUST0363,2025-02-01,29,paid
PAY004315,CUST0363,2025-03-01,29,paid
PAY004316,CUST0363,2025-04-01,29,paid
PAY004317,CUST0364,2025-06-01,29,paid
PAY004318,CUST0364,2025-07-01,29,paid
PAY004319,CUST0364,2025-08-01,29,paid
PAY004320,CUST0364,2025-09-01,29,paid
PAY004321,CUST0364,2025-10-01,29,paid
PAY004322,CUST0364,2025-11-01,29,paid
PAY004323,CUST0364,2025-12-01,29,paid
PAY004324,CUST0365,2024-08-01,29,paid
PAY004325,CUST0365,2024-09-01,29,paid
PAY004326,CUST0365,2024-10-01,29,paid
PAY004327,CUST0365,2024-11-01,29,paid
PAY004328,CUST0365,2024-12-01,29,paid
PAY004329,CUST0365,2025-01-01,29,paid
PAY004330,CUST0365,2025-02-01,99,paid
PAY004331,CUST0365,2025-03-01,99,paid
PAY004332,CUST0366,2024-12-01,299,paid
PAY004333,CUST0366,2025-01-01,299,paid
PAY004334,CUST0366,2025-02-01,299,paid
PAY004335,CUST0366,2025-03-01,299,paid
PAY004336,CUST0366,2025-04-01,299,paid
PAY004337,CUST0366,2025-05-01,299,paid
PAY004338,CUST0366,2025-06-01,299,paid
PAY004339,CUST0366,2025-07-01,299,paid
PAY004340,CUST0366,2025-08-01,299,paid
PAY004341,CUST0366,2025-09-01,299,paid
PAY004342,CUST0366,2025-10-01,299,paid
PAY004343,CUST0366,2025-11-01,299,paid
PAY004344,CUST0366,2025-12-01,299,paid
PAY004345,CUST0367,2024-06-01,29,paid
PAY004346,CUST0367,2024-07-01,29,paid
PAY004347,CUST0367,2024-08-01,29,paid
PAY004348,CUST0367,2024-09-01,29,failed
PAY004349,CUST0367,2024-10-01,29,paid
PAY004350,CUST0367,2024-11-01,29,paid
PAY004351,CUST0367,2024-12-01,29,paid
PAY004352,CUST0367,2025-01-01,29,paid
PAY004353,CUST0367,2025-02-01,29,paid
PAY004354,CUST0367,2025-03-01,29,paid
PAY004355,CUST0367,2025-04-01,29,paid
PAY004356,CUST0367,2025-05-01,29,paid
PAY004357,CUST0367,2025-06-01,29,paid
PAY004358,CUST0367,2025-07-01,29,failed
PAY004359,CUST0367,2025-08-01,29,paid
PAY004360,CUST0367,2025-09-01,29,paid
PAY004361,CUST0367,2025-10-01,29,paid
PAY004362,CUST0367,2025-11-01,29,paid
PAY004363,CUST0367,2025-12-01,29,paid
PAY004364,CUST0368,2024-10-01,29,paid
PAY004365,CUST0368,2024-11-01,29,paid
PAY004366,CUST0368,2024-12-01,29,paid
PAY004367,CUST0368,2025-01-01,29,paid
PAY004368,CUST0369,2025-01-01,29,paid
PAY004369,CUST0369,2025-02-01,29,paid
PAY004370,CUST0369,2025-03-01,29,paid
PAY004371,CUST0369,2025-04-01,29,paid
PAY004372,CUST0369,2025-05-01,29,paid
PAY004373,CUST0369,2025-06-01,29,paid
PAY004374,CUST0369,2025-07-01,29,paid
PAY004375,CUST0369,2025-08-01,29,paid
PAY004376,CUST0369,2025-09-01,29,paid
PAY004377,CUST0369,2025-10-01,29,paid
PAY004378,CUST0369,2025-11-01,29,paid
PAY004379,CUST0369,2025-12-01,29,paid
PAY004380,CUST0370,2024-05-01,29,paid
PAY004381,CUST0370,2024-06-01,29,paid
PAY004382,CUST0371,2024-09-01,99,paid
PAY004383,CUST0371,2024-10-01,99,paid
PAY004384,CUST0371,2024-11-01,99,paid
PAY004385,CUST0371,2024-12-01,99,paid
PAY004386,CUST0371,2025-01-01,99,paid
PAY004387,CUST0371,2025-02-01,99,paid
PAY004388,CUST0371,2025-03-01,99,paid
PAY004389,CUST0371,2025-04-01,99,paid
PAY004390,CUST0371,2025-05-01,99,paid
PAY004391,CUST0371,2025-06-01,99,paid
PAY004392,CUST0371,2025-07-01,99,paid
PAY004393,CUST0371,2025-08-01,99,paid
PAY004394,CUST0371,2025-09-01,99,paid
PAY004395,CUST0371,2025-10-01,99,paid
PAY004396,CUST0371,2025-11-01,99,paid
PAY004397,CUST0371,2025-12-01,99,paid
PAY004398,CUST0372,2024-12-01,29,paid
PAY004399,CUST0372,2025-01-01,29,paid
PAY004400,CUST0372,2025-02-01,29,paid
PAY004401,CUST0373,2024-03-01,29,paid
PAY004402,CUST0373,2024-04-01,29,paid
PAY004403,CUST0373,2024-05-01,29,paid
PAY004404,CUST0373,2024-06-01,29,paid
PAY004405,CUST0373,2024-07-01,29,paid
PAY004406,CUST0373,2024-08-01,29,paid
PAY004407,CUST0373,2024-09-01,29,paid
PAY004408,CUST0373,2024-10-01,29,paid
PAY004409,CUST0373,2024-11-01,29,paid
PAY004410,CUST0373,2024-12-01,29,paid
PAY004411,CUST0373,2025-01-01,29,paid
PAY004412,CUST0373,2025-02-01,29,paid
PAY004413,CUST0373,2025-03-01,29,paid
PAY004414,CUST0373,2025-04-01,29,paid
PAY004415,CUST0373,2025-05-01,29,paid
PAY004416,CUST0373,2025-06-01,29,paid
PAY004417,CUST0373,2025-07-01,29,paid
PAY004418,CUST0373,2025-08-01,29,paid
PAY004419,CUST0373,2025-09-01,29,paid
PAY004420,CUST0373,2025-10-01,29,paid
PAY004421,CUST0373,2025-11-01,29,paid
PAY004422,CUST0373,2025-12-01,29,paid
PAY004423,CUST0374,2025-02-01,299,paid
PAY004424,CUST0374,2025-03-01,299,paid
PAY004425,CUST0374,2025-04-01,299,paid
PAY004426,CUST0374,2025-05-01,299,paid
PAY004427,CUST0374,2025-06-01,299,paid
PAY004428,CUST0374,2025-07-01,299,paid
PAY004429,CUST0374,2025-08-01,299,paid
PAY004430,CUST0374,2025-09-01,299,paid
PAY004431,CUST0374,2025-10-01,299,paid
PAY004432,CUST0374,2025-11-01,299,paid
PAY004433,CUST0374,2025-12-01,299,paid
PAY004434,CUST0375,2024-12-01,29,paid
PAY004435,CUST0375,2025-01-01,29,paid
PAY004436,CUST0375,2025-02-01,29,paid
PAY004437,CUST0375,2025-03-01,29,paid
PAY004438,CUST0375,2025-04-01,29,paid
PAY004439,CUST0375,2025-05-01,29,paid
PAY004440,CUST0375,2025-06-01,29,paid
PAY004441,CUST0375,2025-07-01,29,paid
PAY004442,CUST0375,2025-08-01,29,paid
PAY004443,CUST0375,2025-09-01,29,paid
PAY004444,CUST0375,2025-10-01,29,paid
PAY004445,CUST0376,2024-08-01,299,paid
PAY004446,CUST0376,2024-09-01,299,paid
PAY004447,CUST0376,2024-10-01,299,paid
PAY004448,CUST0376,2024-11-01,299,paid
PAY004449,CUST0376,2024-12-01,299,paid
PAY004450,CUST0376,2025-01-01,299,paid
PAY004451,CUST0376,2025-02-01,299,paid
PAY004452,CUST0376,2025-03-01,299,paid
PAY004453,CUST0376,2025-04-01,299,paid
PAY004454,CUST0377,2024-11-01,29,paid
PAY004455,CUST0377,2024-12-01,29,paid
PAY004456,CUST0377,2025-01-01,29,paid
PAY004457,CUST0377,2025-02-01,29,paid
PAY004458,CUST0377,2025-03-01,29,paid
PAY004459,CUST0377,2025-04-01,29,paid
PAY004460,CUST0377,2025-05-01,29,paid
PAY004461,CUST0377,2025-06-01,29,paid
PAY004462,CUST0377,2025-07-01,29,paid
PAY004463,CUST0377,2025-08-01,29,paid
PAY004464,CUST0377,2025-09-01,29,paid
PAY004465,CUST0377,2025-10-01,29,paid
PAY004466,CUST0377,2025-11-01,29,paid
PAY004467,CUST0377,2025-12-01,29,paid
PAY004468,CUST0378,2025-08-01,299,paid
PAY004469,CUST0378,2025-09-01,299,paid
PAY004470,CUST0378,2025-10-01,299,paid
PAY004471,CUST0378,2025-11-01,299,paid
PAY004472,CUST0378,2025-12-01,299,paid
PAY004473,CUST0379,2024-04-01,29,paid
PAY004474,CUST0379,2024-05-01,29,paid
PAY004475,CUST0379,2024-06-01,29,paid
PAY004476,CUST0379,2024-07-01,29,paid
PAY004477,CUST0379,2024-08-01,29,paid
PAY004478,CUST0379,2024-09-01,29,paid
PAY004479,CUST0379,2024-10-01,29,paid
PAY004480,CUST0379,2024-11-01,29,paid
PAY004481,CUST0379,2024-12-01,29,paid
PAY004482,CUST0379,2025-01-01,29,paid
PAY004483,CUST0380,2024-09-01,29,paid
PAY004484,CUST0380,2024-10-01,29,paid
PAY004485,CUST0380,2024-11-01,29,paid
PAY004486,CUST0380,2024-12-01,29,paid
PAY004487,CUST0380,2025-01-01,29,paid
PAY004488,CUST0380,2025-02-01,29,paid
PAY004489,CUST0380,2025-03-01,29,paid
PAY004490,CUST0380,2025-04-01,29,paid
PAY004491,CUST0380,2025-05-01,29,paid
PAY004492,CUST0380,2025-06-01,29,paid
PAY004493,CUST0380,2025-07-01,29,paid
PAY004494,CUST0380,2025-08-01,29,paid
PAY004495,CUST0380,2025-09-01,29,paid
PAY004496,CUST0380,2025-10-01,29,paid
PAY004497,CUST0380,2025-11-01,29,paid
PAY004498,CUST0381,2025-09-01,299,paid
PAY004499,CUST0381,2025-10-01,299,paid
PAY004500,CUST0381,2025-11-01,299,paid
PAY004501,CUST0381,2025-12-01,299,paid
PAY004502,CUST0382,2024-06-01,29,paid
PAY004503,CUST0382,2024-07-01,29,paid
PAY004504,CUST0382,2024-08-01,29,paid
PAY004505,CUST0382,2024-09-01,29,paid
PAY004506,CUST0382,2024-10-01,29,paid
PAY004507,CUST0382,2024-11-01,29,paid
PAY004508,CUST0382,2024-12-01,29,paid
PAY004509,CUST0382,2025-01-01,29,paid
PAY004510,CUST0383,2024-08-01,29,paid
PAY004511,CUST0383,2024-09-01,29,paid
PAY004512,CUST0383,2024-10-01,29,paid
PAY004513,CUST0383,2024-11-01,29,paid
PAY004514,CUST0383,2024-12-01,29,paid
PAY004515,CUST0383,2025-01-01,29,paid
PAY004516,CUST0383,2025-02-01,29,paid
PAY004517,CUST0383,2025-03-01,29,paid
PAY004518,CUST0383,2025-04-01,29,paid
PAY004519,CUST0383,2025-05-01,29,paid
PAY004520,CUST0383,2025-06-01,29,paid
PAY004521,CUST0383,2025-07-01,29,paid
PAY004522,CUST0383,2025-08-01,29,paid
PAY004523,CUST0383,2025-09-01,29,paid
PAY004524,CUST0383,2025-10-01,29,paid
PAY004525,CUST0383,2025-11-01,29,failed
PAY004526,CUST0383,2025-12-01,29,paid
PAY004527,CUST0384,2025-04-01,29,paid
PAY004528,CUST0384,2025-05-01,29,paid
PAY004529,CUST0384,2025-06-01,29,paid
PAY004530,CUST0384,2025-07-01,29,paid
PAY004531,CUST0384,2025-08-01,29,paid
PAY004532,CUST0384,2025-09-01,29,paid
PAY004533,CUST0384,2025-10-01,99,paid
PAY004534,CUST0384,2025-11-01,99,paid
PAY004535,CUST0384,2025-12-01,99,paid
PAY004536,CUST0385,2024-12-01,99,paid
PAY004537,CUST0385,2025-01-01,99,paid
PAY004538,CUST0385,2025-02-01,99,paid
PAY004539,CUST0385,2025-03-01,99,paid
PAY004540,CUST0385,2025-04-01,99,paid
PAY004541,CUST0385,2025-05-01,99,paid
PAY004542,CUST0385,2025-06-01,99,paid
PAY004543,CUST0385,2025-07-01,99,paid
PAY004544,CUST0385,2025-08-01,99,paid
PAY004545,CUST0385,2025-09-01,99,paid
PAY004546,CUST0385,2025-10-01,99,paid
PAY004547,CUST0385,2025-11-01,99,paid
PAY004548,CUST0385,2025-12-01,99,paid
PAY004549,CUST0386,2024-09-01,29,paid
PAY004550,CUST0386,2024-10-01,29,paid
PAY004551,CUST0386,2024-11-01,29,paid
PAY004552,CUST0387,2024-04-01,29,paid
PAY004553,CUST0387,2024-05-01,29,paid
PAY004554,CUST0387,2024-06-01,29,paid
PAY004555,CUST0387,2024-07-01,29,paid
PAY004556,CUST0387,2024-08-01,29,paid
PAY004557,CUST0387,2024-09-01,29,paid
PAY004558,CUST0387,2024-10-01,29,paid
PAY004559,CUST0387,2024-11-01,29,paid
PAY004560,CUST0387,2024-12-01,29,paid
PAY004561,CUST0387,2025-01-01,29,paid
PAY004562,CUST0387,2025-02-01,29,paid
PAY004563,CUST0387,2025-03-01,29,paid
PAY004564,CUST0387,2025-04-01,29,paid
PAY004565,CUST0387,2025-05-01,29,failed
PAY004566,CUST0387,2025-06-01,29,paid
PAY004567,CUST0387,2025-07-01,29,paid
PAY004568,CUST0387,2025-08-01,29,paid
PAY004569,CUST0387,2025-09-01,29,paid
PAY004570,CUST0387,2025-10-01,29,paid
PAY004571,CUST0387,2025-11-01,29,paid
PAY004572,CUST0387,2025-12-01,29,paid
PAY004573,CUST0388,2025-03-01,99,paid
PAY004574,CUST0388,2025-04-01,99,paid
PAY004575,CUST0388,2025-05-01,99,paid
PAY004576,CUST0388,2025-06-01,99,paid
PAY004577,CUST0388,2025-07-01,99,paid
PAY004578,CUST0388,2025-08-01,99,paid
PAY004579,CUST0388,2025-09-01,299,paid
PAY004580,CUST0388,2025-10-01,299,paid
PAY004581,CUST0388,2025-11-01,299,paid
PAY004582,CUST0388,2025-12-01,299,paid
PAY004583,CUST0389,2025-08-01,29,paid
PAY004584,CUST0389,2025-09-01,29,paid
PAY004585,CUST0389,2025-10-01,29,paid
PAY004586,CUST0389,2025-11-01,29,paid
PAY004587,CUST0389,2025-12-01,29,paid
PAY004588,CUST0390,2024-10-01,29,paid
PAY004589,CUST0390,2024-11-01,29,paid
PAY004590,CUST0391,2025-03-01,99,paid
PAY004591,CUST0391,2025-04-01,99,paid
PAY004592,CUST0391,2025-05-01,99,paid
PAY004593,CUST0391,2025-06-01,99,paid
PAY004594,CUST0391,2025-07-01,99,paid
PAY004595,CUST0391,2025-08-01,99,paid
PAY004596,CUST0391,2025-09-01,99,paid
PAY004597,CUST0391,2025-10-01,99,paid
PAY004598,CUST0391,2025-11-01,99,paid
PAY004599,CUST0391,2025-12-01,99,paid
PAY004600,CUST0392,2024-07-01,29,paid
PAY004601,CUST0392,2024-08-01,29,paid
PAY004602,CUST0392,2024-09-01,29,paid
PAY004603,CUST0392,2024-10-01,29,paid
PAY004604,CUST0392,2024-11-01,29,paid
PAY004605,CUST0392,2024-12-01,29,paid
PAY004606,CUST0392,2025-01-01,29,paid
PAY004607,CUST0392,2025-02-01,29,paid
PAY004608,CUST0392,2025-03-01,29,paid
PAY004609,CUST0392,2025-04-01,29,paid
PAY004610,CUST0392,2025-05-01,29,paid
PAY004611,CUST0392,2025-06-01,29,paid
PAY004612,CUST0392,2025-07-01,29,paid
PAY004613,CUST0392,2025-08-01,29,paid
PAY004614,CUST0392,2025-09-01,29,paid
PAY004615,CUST0392,2025-10-01,29,paid
PAY004616,CUST0392,2025-11-01,29,paid
PAY004617,CUST0392,2025-12-01,29,paid
PAY004618,CUST0393,2024-06-01,29,paid
PAY004619,CUST0393,2024-07-01,29,paid
PAY004620,CUST0393,2024-08-01,29,paid
PAY004621,CUST0393,2024-09-01,29,paid
PAY004622,CUST0393,2024-10-01,29,paid
PAY004623,CUST0393,2024-11-01,29,paid
PAY004624,CUST0393,2024-12-01,29,paid
PAY004625,CUST0393,2025-01-01,29,paid
PAY004626,CUST0393,2025-02-01,29,paid
PAY004627,CUST0393,2025-03-01,29,paid
PAY004628,CUST0393,2025-04-01,29,paid
PAY004629,CUST0393,2025-05-01,29,paid
PAY004630,CUST0393,2025-06-01,29,paid
PAY004631,CUST0393,2025-07-01,29,paid
PAY004632,CUST0393,2025-08-01,29,paid
PAY004633,CUST0393,2025-09-01,29,paid
PAY004634,CUST0393,2025-10-01,29,paid
PAY004635,CUST0393,2025-11-01,29,paid
PAY004636,CUST0393,2025-12-01,29,paid
PAY004637,CUST0394,2024-04-01,29,paid
PAY004638,CUST0394,2024-05-01,29,paid
PAY004639,CUST0394,2024-06-01,29,paid
PAY004640,CUST0394,2024-07-01,29,paid
PAY004641,CUST0394,2024-08-01,29,paid
PAY004642,CUST0394,2024-09-01,29,paid
PAY004643,CUST0394,2024-10-01,99,paid
PAY004644,CUST0394,2024-11-01,99,paid
PAY004645,CUST0394,2024-12-01,99,paid
PAY004646,CUST0394,2025-01-01,99,paid
PAY004647,CUST0394,2025-02-01,99,paid
PAY004648,CUST0394,2025-03-01,99,paid
PAY004649,CUST0394,2025-04-01,99,paid
PAY004650,CUST0394,2025-05-01,99,paid
PAY004651,CUST0394,2025-06-01,99,paid
PAY004652,CUST0394,2025-07-01,99,failed
PAY004653,CUST0394,2025-08-01,99,paid
PAY004654,CUST0394,2025-09-01,99,paid
PAY004655,CUST0394,2025-10-01,99,paid
PAY004656,CUST0394,2025-11-01,99,paid
PAY004657,CUST0394,2025-12-01,99,paid
PAY004658,CUST0395,2024-12-01,299,paid
PAY004659,CUST0395,2025-01-01,299,paid
PAY004660,CUST0395,2025-02-01,299,paid
PAY004661,CUST0395,2025-03-01,299,paid
PAY004662,CUST0395,2025-04-01,299,paid
PAY004663,CUST0395,2025-05-01,299,paid
PAY004664,CUST0395,2025-06-01,299,paid
PAY004665,CUST0395,2025-07-01,299,paid
PAY004666,CUST0395,2025-08-01,299,paid
PAY004667,CUST0395,2025-09-01,299,paid
PAY004668,CUST0395,2025-10-01,299,paid
PAY004669,CUST0395,2025-11-01,299,paid
PAY004670,CUST0395,2025-12-01,299,paid
PAY004671,CUST0396,2025-05-01,299,paid
PAY004672,CUST0396,2025-06-01,299,paid
PAY004673,CUST0396,2025-07-01,299,paid
PAY004674,CUST0396,2025-08-01,299,paid
PAY004675,CUST0396,2025-09-01,299,paid
PAY004676,CUST0396,2025-10-01,299,paid
PAY004677,CUST0396,2025-11-01,299,paid
PAY004678,CUST0396,2025-12-01,299,paid
PAY004679,CUST0397,2024-09-01,299,paid
PAY004680,CUST0397,2024-10-01,299,paid
PAY004681,CUST0397,2024-11-01,299,paid
PAY004682,CUST0397,2024-12-01,299,paid
PAY004683,CUST0397,2025-01-01,299,paid
PAY004684,CUST0397,2025-02-01,299,paid
PAY004685,CUST0397,2025-03-01,299,paid
PAY004686,CUST0397,2025-04-01,299,failed
PAY004687,CUST0397,2025-05-01,299,paid
PAY004688,CUST0397,2025-06-01,299,paid
PAY004689,CUST0397,2025-07-01,299,paid
PAY004690,CUST0397,2025-08-01,299,paid
PAY004691,CUST0397,2025-09-01,299,paid
PAY004692,CUST0397,2025-10-01,299,paid
PAY004693,CUST0397,2025-11-01,299,paid
PAY004694,CUST0397,2025-12-01,299,paid
PAY004695,CUST0398,2025-03-01,29,paid
PAY004696,CUST0398,2025-04-01,29,paid
PAY004697,CUST0398,2025-05-01,29,paid
PAY004698,CUST0399,2024-09-01,29,paid
PAY004699,CUST0399,2024-10-01,29,paid
PAY004700,CUST0399,2024-11-01,29,paid
PAY004701,CUST0399,2024-12-01,29,paid
PAY004702,CUST0399,2025-01-01,29,paid
PAY004703,CUST0399,2025-02-01,29,paid
PAY004704,CUST0399,2025-03-01,99,paid
PAY004705,CUST0399,2025-04-01,99,paid
PAY004706,CUST0399,2025-05-01,99,paid
PAY004707,CUST0399,2025-06-01,99,paid
PAY004708,CUST0399,2025-07-01,99,paid
PAY004709,CUST0399,2025-08-01,99,paid
PAY004710,CUST0399,2025-09-01,99,paid
PAY004711,CUST0399,2025-10-01,99,paid
PAY004712,CUST0399,2025-11-01,99,paid
PAY004713,CUST0399,2025-12-01,99,paid
PAY004714,CUST0400,2025-02-01,99,paid
PAY004715,CUST0400,2025-03-01,99,paid
PAY004716,CUST0400,2025-04-01,99,paid
PAY004717,CUST0400,2025-05-01,99,paid
PAY004718,CUST0400,2025-06-01,99,paid
PAY004719,CUST0400,2025-07-01,99,paid
PAY004720,CUST0400,2025-08-01,99,paid
PAY004721,CUST0400,2025-09-01,99,paid
PAY004722,CUST0400,2025-10-01,99,failed
PAY004723,CUST0400,2025-11-01,99,paid
PAY004724,CUST0400,2025-12-01,99,paid
PAY004725,CUST0401,2024-10-01,299,paid
PAY004726,CUST0401,2024-11-01,299,paid
PAY004727,CUST0401,2024-12-01,299,paid
PAY004728,CUST0401,2025-01-01,299,paid
PAY004729,CUST0401,2025-02-01,299,paid
PAY004730,CUST0401,2025-03-01,299,paid
PAY004731,CUST0401,2025-04-01,299,paid
PAY004732,CUST0401,2025-05-01,299,paid
PAY004733,CUST0401,2025-06-01,299,paid
PAY004734,CUST0401,2025-07-01,299,paid
PAY004735,CUST0401,2025-08-01,299,paid
PAY004736,CUST0401,2025-09-01,299,paid
PAY004737,CUST0401,2025-10-01,299,paid
PAY004738,CUST0401,2025-11-01,299,paid
PAY004739,CUST0401,2025-12-01,299,paid
PAY004740,CUST0402,2024-02-01,29,paid
PAY004741,CUST0402,2024-03-01,29,paid
PAY004742,CUST0402,2024-04-01,29,paid
PAY004743,CUST0402,2024-05-01,29,paid
PAY004744,CUST0402,2024-06-01,29,failed
PAY004745,CUST0402,2024-07-01,29,paid
PAY004746,CUST0402,2024-08-01,29,failed
PAY004747,CUST0402,2024-09-01,29,paid
PAY004748,CUST0402,2024-10-01,29,paid
PAY004749,CUST0402,2024-11-01,29,paid
PAY004750,CUST0402,2024-12-01,29,paid
PAY004751,CUST0402,2025-01-01,29,paid
PAY004752,CUST0402,2025-02-01,29,paid
PAY004753,CUST0402,2025-03-01,29,paid
PAY004754,CUST0402,2025-04-01,29,paid
PAY004755,CUST0402,2025-05-01,29,paid
PAY004756,CUST0402,2025-06-01,29,paid
PAY004757,CUST0402,2025-07-01,29,paid
PAY004758,CUST0402,2025-08-01,29,paid
PAY004759,CUST0402,2025-09-01,29,paid
PAY004760,CUST0403,2024-06-01,29,paid
PAY004761,CUST0403,2024-07-01,29,paid
PAY004762,CUST0403,2024-08-01,29,paid
PAY004763,CUST0403,2024-09-01,29,paid
PAY004764,CUST0403,2024-10-01,29,paid
PAY004765,CUST0403,2024-11-01,29,paid
PAY004766,CUST0403,2024-12-01,29,paid
PAY004767,CUST0403,2025-01-01,29,paid
PAY004768,CUST0403,2025-02-01,29,paid
PAY004769,CUST0403,2025-03-01,29,paid
PAY004770,CUST0403,2025-04-01,29,paid
PAY004771,CUST0403,2025-05-01,29,paid
PAY004772,CUST0403,2025-06-01,29,paid
PAY004773,CUST0403,2025-07-01,29,paid
PAY004774,CUST0403,2025-08-01,29,paid
PAY004775,CUST0403,2025-09-01,29,paid
PAY004776,CUST0403,2025-10-01,29,paid
PAY004777,CUST0403,2025-11-01,29,paid
PAY004778,CUST0403,2025-12-01,29,paid
PAY004779,CUST0404,2024-07-01,29,paid
PAY004780,CUST0404,2024-08-01,29,paid
PAY004781,CUST0404,2024-09-01,29,paid
PAY004782,CUST0404,2024-10-01,29,paid
PAY004783,CUST0404,2024-11-01,29,paid
PAY004784,CUST0404,2024-12-01,29,paid
PAY004785,CUST0404,2025-01-01,29,paid
PAY004786,CUST0404,2025-02-01,29,paid
PAY004787,CUST0404,2025-03-01,29,paid
PAY004788,CUST0404,2025-04-01,29,paid
PAY004789,CUST0404,2025-05-01,29,paid
PAY004790,CUST0404,2025-06-01,29,paid
PAY004791,CUST0404,2025-07-01,29,paid
PAY004792,CUST0404,2025-08-01,29,paid
PAY004793,CUST0404,2025-09-01,29,paid
PAY004794,CUST0404,2025-10-01,29,paid
PAY004795,CUST0404,2025-11-01,29,paid
PAY004796,CUST0404,2025-12-01,29,paid
PAY004797,CUST0405,2024-09-01,29,paid
PAY004798,CUST0405,2024-10-01,29,paid
PAY004799,CUST0405,2024-11-01,29,paid
PAY004800,CUST0405,2024-12-01,29,paid
PAY004801,CUST0405,2025-01-01,29,paid
PAY004802,CUST0405,2025-02-01,29,paid
PAY004803,CUST0405,2025-03-01,29,paid
PAY004804,CUST0405,2025-04-01,29,paid
PAY004805,CUST0405,2025-05-01,29,paid
PAY004806,CUST0405,2025-06-01,29,paid
PAY004807,CUST0405,2025-07-01,29,paid
PAY004808,CUST0405,2025-08-01,29,paid
PAY004809,CUST0405,2025-09-01,29,paid
PAY004810,CUST0405,2025-10-01,29,paid
PAY004811,CUST0405,2025-11-01,29,paid
PAY004812,CUST0405,2025-12-01,29,paid
PAY004813,CUST0406,2024-12-01,299,paid
PAY004814,CUST0406,2025-01-01,299,paid
PAY004815,CUST0406,2025-02-01,299,paid
PAY004816,CUST0406,2025-03-01,299,paid
PAY004817,CUST0406,2025-04-01,299,paid
PAY004818,CUST0406,2025-05-01,299,paid
PAY004819,CUST0406,2025-06-01,299,paid
PAY004820,CUST0406,2025-07-01,299,paid
PAY004821,CUST0406,2025-08-01,299,paid
PAY004822,CUST0406,2025-09-01,299,paid
PAY004823,CUST0406,2025-10-01,299,paid
PAY004824,CUST0406,2025-11-01,299,paid
PAY004825,CUST0406,2025-12-01,299,paid
PAY004826,CUST0407,2024-03-01,299,failed
PAY004827,CUST0407,2024-04-01,299,paid
PAY004828,CUST0407,2024-05-01,299,paid
PAY004829,CUST0407,2024-06-01,299,paid
PAY004830,CUST0407,2024-07-01,299,paid
PAY004831,CUST0407,2024-08-01,299,paid
PAY004832,CUST0407,2024-09-01,299,paid
PAY004833,CUST0407,2024-10-01,299,paid
PAY004834,CUST0407,2024-11-01,299,paid
PAY004835,CUST0407,2024-12-01,299,paid
PAY004836,CUST0407,2025-01-01,299,paid
PAY004837,CUST0407,2025-02-01,299,paid
PAY004838,CUST0407,2025-03-01,299,paid
PAY004839,CUST0407,2025-04-01,299,paid
PAY004840,CUST0407,2025-05-01,299,paid
PAY004841,CUST0407,2025-06-01,299,paid
PAY004842,CUST0407,2025-07-01,299,paid
PAY004843,CUST0407,2025-08-01,299,paid
PAY004844,CUST0407,2025-09-01,299,paid
PAY004845,CUST0407,2025-10-01,299,paid
PAY004846,CUST0407,2025-11-01,299,paid
PAY004847,CUST0407,2025-12-01,299,paid
PAY004848,CUST0408,2024-04-01,99,paid
PAY004849,CUST0408,2024-05-01,99,paid
PAY004850,CUST0408,2024-06-01,99,paid
PAY004851,CUST0408,2024-07-01,99,paid
PAY004852,CUST0408,2024-08-01,99,paid
PAY004853,CUST0408,2024-09-01,99,paid
PAY004854,CUST0408,2024-10-01,99,paid
PAY004855,CUST0408,2024-11-01,99,paid
PAY004856,CUST0408,2024-12-01,99,paid
PAY004857,CUST0408,2025-01-01,99,paid
PAY004858,CUST0408,2025-02-01,99,paid
PAY004859,CUST0408,2025-03-01,99,paid
PAY004860,CUST0408,2025-04-01,99,paid
PAY004861,CUST0408,2025-05-01,99,paid
PAY004862,CUST0408,2025-06-01,99,paid
PAY004863,CUST0408,2025-07-01,99,paid
PAY004864,CUST0408,2025-08-01,99,paid
PAY004865,CUST0408,2025-09-01,99,paid
PAY004866,CUST0408,2025-10-01,99,paid
PAY004867,CUST0408,2025-11-01,99,paid
PAY004868,CUST0408,2025-12-01,99,paid
PAY004869,CUST0409,2024-09-01,29,paid
PAY004870,CUST0409,2024-10-01,29,paid
PAY004871,CUST0409,2024-11-01,29,failed
PAY004872,CUST0409,2024-12-01,29,paid
PAY004873,CUST0409,2025-01-01,29,paid
PAY004874,CUST0409,2025-02-01,29,paid
PAY004875,CUST0409,2025-03-01,29,paid
PAY004876,CUST0409,2025-04-01,29,paid
PAY004877,CUST0409,2025-05-01,29,paid
PAY004878,CUST0409,2025-06-01,29,paid
PAY004879,CUST0409,2025-07-01,29,paid
PAY004880,CUST0409,2025-08-01,29,paid
PAY004881,CUST0409,2025-09-01,29,paid
PAY004882,CUST0409,2025-10-01,29,paid
PAY004883,CUST0409,2025-11-01,29,paid
PAY004884,CUST0409,2025-12-01,29,paid
PAY004885,CUST0410,2025-04-01,99,paid
PAY004886,CUST0410,2025-05-01,99,paid
PAY004887,CUST0410,2025-06-01,99,paid
PAY004888,CUST0410,2025-07-01,99,paid
PAY004889,CUST0410,2025-08-01,99,paid
PAY004890,CUST0410,2025-09-01,99,paid
PAY004891,CUST0410,2025-10-01,99,paid
PAY004892,CUST0410,2025-11-01,99,paid
PAY004893,CUST0410,2025-12-01,99,paid
PAY004894,CUST0411,2024-12-01,29,paid
PAY004895,CUST0411,2025-01-01,29,paid
PAY004896,CUST0411,2025-02-01,29,paid
PAY004897,CUST0411,2025-03-01,29,paid
PAY004898,CUST0411,2025-04-01,29,paid
PAY004899,CUST0411,2025-05-01,29,paid
PAY004900,CUST0411,2025-06-01,29,paid
PAY004901,CUST0411,2025-07-01,29,paid
PAY004902,CUST0411,2025-08-01,29,paid
PAY004903,CUST0411,2025-09-01,29,paid
PAY004904,CUST0411,2025-10-01,29,paid
PAY004905,CUST0411,2025-11-01,29,paid
PAY004906,CUST0411,2025-12-01,29,paid
PAY004907,CUST0412,2024-04-01,29,paid
PAY004908,CUST0412,2024-05-01,29,paid
PAY004909,CUST0412,2024-06-01,29,paid
PAY004910,CUST0412,2024-07-01,29,paid
PAY004911,CUST0412,2024-08-01,29,paid
PAY004912,CUST0412,2024-09-01,29,paid
PAY004913,CUST0412,2024-10-01,29,paid
PAY004914,CUST0412,2024-11-01,29,paid
PAY004915,CUST0412,2024-12-01,29,paid
PAY004916,CUST0413,2024-03-01,99,paid
PAY004917,CUST0413,2024-04-01,99,paid
PAY004918,CUST0413,2024-05-01,99,paid
PAY004919,CUST0413,2024-06-01,99,paid
PAY004920,CUST0413,2024-07-01,99,paid
PAY004921,CUST0413,2024-08-01,99,paid
PAY004922,CUST0413,2024-09-01,299,paid
PAY004923,CUST0413,2024-10-01,299,paid
PAY004924,CUST0413,2024-11-01,299,paid
PAY004925,CUST0413,2024-12-01,299,paid
PAY004926,CUST0413,2025-01-01,299,paid
PAY004927,CUST0413,2025-02-01,299,paid
PAY004928,CUST0413,2025-03-01,299,paid
PAY004929,CUST0413,2025-04-01,299,paid
PAY004930,CUST0413,2025-05-01,299,paid
PAY004931,CUST0413,2025-06-01,299,paid
PAY004932,CUST0413,2025-07-01,299,paid
PAY004933,CUST0413,2025-08-01,299,paid
PAY004934,CUST0413,2025-09-01,299,paid
PAY004935,CUST0413,2025-10-01,299,paid
PAY004936,CUST0413,2025-11-01,299,paid
PAY004937,CUST0413,2025-12-01,299,paid
PAY004938,CUST0414,2024-08-01,99,paid
PAY004939,CUST0414,2024-09-01,99,paid
PAY004940,CUST0414,2024-10-01,99,paid
PAY004941,CUST0414,2024-11-01,99,paid
PAY004942,CUST0414,2024-12-01,99,paid
PAY004943,CUST0414,2025-01-01,99,paid
PAY004944,CUST0414,2025-02-01,99,paid
PAY004945,CUST0414,2025-03-01,99,paid
PAY004946,CUST0414,2025-04-01,99,paid
PAY004947,CUST0414,2025-05-01,99,paid
PAY004948,CUST0414,2025-06-01,99,paid
PAY004949,CUST0414,2025-07-01,99,paid
PAY004950,CUST0414,2025-08-01,99,paid
PAY004951,CUST0414,2025-09-01,99,paid
PAY004952,CUST0414,2025-10-01,99,paid
PAY004953,CUST0414,2025-11-01,99,failed
PAY004954,CUST0414,2025-12-01,99,failed
PAY004955,CUST0415,2024-10-01,299,paid
PAY004956,CUST0415,2024-11-01,299,paid
PAY004957,CUST0415,2024-12-01,299,paid
PAY004958,CUST0415,2025-01-01,299,paid
PAY004959,CUST0415,2025-02-01,299,paid
PAY004960,CUST0415,2025-03-01,299,paid
PAY004961,CUST0415,2025-04-01,299,paid
PAY004962,CUST0415,2025-05-01,299,paid
PAY004963,CUST0415,2025-06-01,299,paid
PAY004964,CUST0415,2025-07-01,299,paid
PAY004965,CUST0415,2025-08-01,299,paid
PAY004966,CUST0415,2025-09-01,299,paid
PAY004967,CUST0415,2025-10-01,299,paid
PAY004968,CUST0415,2025-11-01,299,paid
PAY004969,CUST0415,2025-12-01,299,paid
PAY004970,CUST0416,2025-05-01,299,paid
PAY004971,CUST0416,2025-06-01,299,paid
PAY004972,CUST0416,2025-07-01,299,paid
PAY004973,CUST0416,2025-08-01,299,paid
PAY004974,CUST0416,2025-09-01,299,paid
PAY004975,CUST0416,2025-10-01,299,paid
PAY004976,CUST0416,2025-11-01,299,paid
PAY004977,CUST0416,2025-12-01,299,paid
PAY004978,CUST0417,2024-04-01,29,paid
PAY004979,CUST0417,2024-05-01,29,paid
PAY004980,CUST0417,2024-06-01,29,paid
PAY004981,CUST0417,2024-07-01,29,paid
PAY004982,CUST0417,2024-08-01,29,paid
PAY004983,CUST0417,2024-09-01,29,paid
PAY004984,CUST0417,2024-10-01,29,paid
PAY004985,CUST0417,2024-11-01,29,paid
PAY004986,CUST0417,2024-12-01,29,paid
PAY004987,CUST0417,2025-01-01,29,paid
PAY004988,CUST0417,2025-02-01,29,paid
PAY004989,CUST0417,2025-03-01,29,paid
PAY004990,CUST0417,2025-04-01,29,paid
PAY004991,CUST0417,2025-05-01,29,paid
PAY004992,CUST0417,2025-06-01,29,paid
PAY004993,CUST0417,2025-07-01,29,paid
PAY004994,CUST0417,2025-08-01,29,paid
PAY004995,CUST0417,2025-09-01,29,paid
PAY004996,CUST0417,2025-10-01,29,paid
PAY004997,CUST0417,2025-11-01,29,paid
PAY004998,CUST0417,2025-12-01,29,paid
PAY004999,CUST0418,2025-03-01,99,paid
PAY005000,CUST0418,2025-04-01,99,paid
PAY005001,CUST0418,2025-05-01,99,paid
PAY005002,CUST0418,2025-06-01,99,paid
PAY005003,CUST0418,2025-07-01,99,paid
PAY005004,CUST0418,2025-08-01,99,paid
PAY005005,CUST0418,2025-09-01,99,paid
PAY005006,CUST0418,2025-10-01,99,paid
PAY005007,CUST0418,2025-11-01,99,paid
PAY005008,CUST0418,2025-12-01,99,paid
PAY005009,CUST0419,2024-06-01,99,paid
PAY005010,CUST0419,2024-07-01,99,paid
PAY005011,CUST0419,2024-08-01,99,paid
PAY005012,CUST0419,2024-09-01,99,paid
PAY005013,CUST0419,2024-10-01,99,paid
PAY005014,CUST0419,2024-11-01,99,paid
PAY005015,CUST0419,2024-12-01,299,paid
PAY005016,CUST0419,2025-01-01,299,paid
PAY005017,CUST0419,2025-02-01,299,paid
PAY005018,CUST0419,2025-03-01,299,paid
PAY005019,CUST0419,2025-04-01,299,paid
PAY005020,CUST0419,2025-05-01,299,paid
PAY005021,CUST0419,2025-06-01,299,paid
PAY005022,CUST0419,2025-07-01,299,paid
PAY005023,CUST0419,2025-08-01,299,paid
PAY005024,CUST0419,2025-09-01,299,paid
PAY005025,CUST0419,2025-10-01,299,paid
PAY005026,CUST0419,2025-11-01,299,paid
PAY005027,CUST0420,2025-05-01,29,paid
PAY005028,CUST0420,2025-06-01,29,paid
PAY005029,CUST0420,2025-07-01,29,paid
PAY005030,CUST0420,2025-08-01,29,paid
PAY005031,CUST0421,2025-02-01,99,paid
PAY005032,CUST0421,2025-03-01,99,paid
PAY005033,CUST0421,2025-04-01,99,paid
PAY005034,CUST0421,2025-05-01,99,paid
PAY005035,CUST0421,2025-06-01,99,paid
PAY005036,CUST0421,2025-07-01,99,paid
PAY005037,CUST0421,2025-08-01,299,paid
PAY005038,CUST0421,2025-09-01,299,paid
PAY005039,CUST0421,2025-10-01,299,paid
PAY005040,CUST0421,2025-11-01,299,paid
PAY005041,CUST0421,2025-12-01,299,paid
PAY005042,CUST0422,2025-02-01,29,paid
PAY005043,CUST0422,2025-03-01,29,paid
PAY005044,CUST0422,2025-04-01,29,paid
PAY005045,CUST0422,2025-05-01,29,paid
PAY005046,CUST0423,2025-04-01,99,paid
PAY005047,CUST0423,2025-05-01,99,paid
PAY005048,CUST0423,2025-06-01,99,paid
PAY005049,CUST0423,2025-07-01,99,paid
PAY005050,CUST0423,2025-08-01,99,paid
PAY005051,CUST0423,2025-09-01,99,paid
PAY005052,CUST0423,2025-10-01,99,paid
PAY005053,CUST0423,2025-11-01,99,paid
PAY005054,CUST0423,2025-12-01,99,paid
PAY005055,CUST0424,2024-07-01,299,failed
PAY005056,CUST0424,2024-08-01,299,paid
PAY005057,CUST0424,2024-09-01,299,paid
PAY005058,CUST0424,2024-10-01,299,paid
PAY005059,CUST0424,2024-11-01,299,paid
PAY005060,CUST0424,2024-12-01,299,paid
PAY005061,CUST0424,2025-01-01,299,paid
PAY005062,CUST0424,2025-02-01,299,paid
PAY005063,CUST0424,2025-03-01,299,paid
PAY005064,CUST0424,2025-04-01,299,paid
PAY005065,CUST0424,2025-05-01,299,paid
PAY005066,CUST0424,2025-06-01,299,paid
PAY005067,CUST0424,2025-07-01,299,paid
PAY005068,CUST0424,2025-08-01,299,paid
PAY005069,CUST0424,2025-09-01,299,paid
PAY005070,CUST0424,2025-10-01,299,paid
PAY005071,CUST0424,2025-11-01,299,paid
PAY005072,CUST0424,2025-12-01,299,failed
PAY005073,CUST0425,2025-07-01,99,paid
PAY005074,CUST0425,2025-08-01,99,paid
PAY005075,CUST0425,2025-09-01,99,paid
PAY005076,CUST0425,2025-10-01,99,paid
PAY005077,CUST0425,2025-11-01,99,failed
PAY005078,CUST0425,2025-12-01,99,paid
PAY005079,CUST0426,2024-09-01,299,paid
PAY005080,CUST0426,2024-10-01,299,paid
PAY005081,CUST0426,2024-11-01,299,paid
PAY005082,CUST0426,2024-12-01,299,paid
PAY005083,CUST0426,2025-01-01,299,paid
PAY005084,CUST0426,2025-02-01,299,paid
PAY005085,CUST0426,2025-03-01,299,paid
PAY005086,CUST0426,2025-04-01,299,paid
PAY005087,CUST0426,2025-05-01,299,paid
PAY005088,CUST0426,2025-06-01,299,paid
PAY005089,CUST0426,2025-07-01,299,paid
PAY005090,CUST0426,2025-08-01,299,paid
PAY005091,CUST0426,2025-09-01,299,paid
PAY005092,CUST0426,2025-10-01,299,paid
PAY005093,CUST0426,2025-11-01,299,paid
PAY005094,CUST0426,2025-12-01,299,paid
PAY005095,CUST0427,2025-02-01,299,paid
PAY005096,CUST0427,2025-03-01,299,paid
PAY005097,CUST0427,2025-04-01,299,paid
PAY005098,CUST0427,2025-05-01,299,paid
PAY005099,CUST0427,2025-06-01,299,paid
PAY005100,CUST0427,2025-07-01,299,paid
PAY005101,CUST0427,2025-08-01,299,paid
PAY005102,CUST0427,2025-09-01,299,paid
PAY005103,CUST0427,2025-10-01,299,paid
PAY005104,CUST0427,2025-11-01,299,paid
PAY005105,CUST0427,2025-12-01,299,paid
PAY005106,CUST0428,2025-06-01,99,paid
PAY005107,CUST0428,2025-07-01,99,paid
PAY005108,CUST0428,2025-08-01,99,paid
PAY005109,CUST0428,2025-09-01,99,paid
PAY005110,CUST0428,2025-10-01,99,paid
PAY005111,CUST0428,2025-11-01,99,paid
PAY005112,CUST0428,2025-12-01,99,paid
PAY005113,CUST0429,2024-02-01,299,paid
PAY005114,CUST0429,2024-03-01,299,paid
PAY005115,CUST0429,2024-04-01,299,paid
PAY005116,CUST0429,2024-05-01,299,paid
PAY005117,CUST0429,2024-06-01,299,paid
PAY005118,CUST0429,2024-07-01,299,paid
PAY005119,CUST0429,2024-08-01,299,paid
PAY005120,CUST0429,2024-09-01,299,paid
PAY005121,CUST0429,2024-10-01,299,paid
PAY005122,CUST0429,2024-11-01,299,paid
PAY005123,CUST0429,2024-12-01,299,paid
PAY005124,CUST0429,2025-01-01,299,paid
PAY005125,CUST0429,2025-02-01,299,paid
PAY005126,CUST0429,2025-03-01,299,paid
PAY005127,CUST0429,2025-04-01,299,paid
PAY005128,CUST0429,2025-05-01,299,paid
PAY005129,CUST0429,2025-06-01,299,paid
PAY005130,CUST0429,2025-07-01,299,paid
PAY005131,CUST0429,2025-08-01,299,paid
PAY005132,CUST0429,2025-09-01,299,paid
PAY005133,CUST0429,2025-10-01,299,paid
PAY005134,CUST0429,2025-11-01,299,paid
PAY005135,CUST0429,2025-12-01,299,paid
PAY005136,CUST0430,2025-04-01,99,paid
PAY005137,CUST0430,2025-05-01,99,paid
PAY005138,CUST0430,2025-06-01,99,paid
PAY005139,CUST0430,2025-07-01,99,paid
PAY005140,CUST0430,2025-08-01,99,paid
PAY005141,CUST0430,2025-09-01,99,paid
PAY005142,CUST0430,2025-10-01,299,paid
PAY005143,CUST0430,2025-11-01,299,paid
PAY005144,CUST0430,2025-12-01,299,paid
PAY005145,CUST0431,2025-04-01,29,paid
PAY005146,CUST0431,2025-05-01,29,paid
PAY005147,CUST0431,2025-06-01,29,paid
PAY005148,CUST0431,2025-07-01,29,paid
PAY005149,CUST0431,2025-08-01,29,paid
PAY005150,CUST0432,2025-03-01,99,paid
PAY005151,CUST0432,2025-04-01,99,paid
PAY005152,CUST0432,2025-05-01,99,paid
PAY005153,CUST0432,2025-06-01,99,paid
PAY005154,CUST0432,2025-07-01,99,paid
PAY005155,CUST0432,2025-08-01,99,paid
PAY005156,CUST0432,2025-09-01,99,paid
PAY005157,CUST0432,2025-10-01,99,paid
PAY005158,CUST0432,2025-11-01,99,paid
PAY005159,CUST0432,2025-12-01,99,paid
PAY005160,CUST0433,2024-05-01,29,paid
PAY005161,CUST0433,2024-06-01,29,paid
PAY005162,CUST0433,2024-07-01,29,paid
PAY005163,CUST0433,2024-08-01,29,paid
PAY005164,CUST0433,2024-09-01,29,paid
PAY005165,CUST0433,2024-10-01,29,paid
PAY005166,CUST0433,2024-11-01,99,paid
PAY005167,CUST0433,2024-12-01,99,paid
PAY005168,CUST0433,2025-01-01,99,paid
PAY005169,CUST0433,2025-02-01,99,paid
PAY005170,CUST0433,2025-03-01,99,paid
PAY005171,CUST0433,2025-04-01,99,paid
PAY005172,CUST0433,2025-05-01,99,paid
PAY005173,CUST0434,2024-05-01,99,paid
PAY005174,CUST0434,2024-06-01,99,paid
PAY005175,CUST0434,2024-07-01,99,paid
PAY005176,CUST0434,2024-08-01,99,paid
PAY005177,CUST0434,2024-09-01,99,paid
PAY005178,CUST0434,2024-10-01,99,paid
PAY005179,CUST0434,2024-11-01,99,paid
PAY005180,CUST0434,2024-12-01,99,paid
PAY005181,CUST0434,2025-01-01,99,paid
PAY005182,CUST0434,2025-02-01,99,paid
PAY005183,CUST0434,2025-03-01,99,paid
PAY005184,CUST0434,2025-04-01,99,paid
PAY005185,CUST0434,2025-05-01,99,paid
PAY005186,CUST0435,2024-09-01,99,paid
PAY005187,CUST0435,2024-10-01,99,paid
PAY005188,CUST0435,2024-11-01,99,paid
PAY005189,CUST0435,2024-12-01,99,paid
PAY005190,CUST0435,2025-01-01,99,paid
PAY005191,CUST0435,2025-02-01,99,paid
PAY005192,CUST0435,2025-03-01,99,paid
PAY005193,CUST0435,2025-04-01,99,paid
PAY005194,CUST0435,2025-05-01,99,paid
PAY005195,CUST0435,2025-06-01,99,paid
PAY005196,CUST0435,2025-07-01,99,paid
PAY005197,CUST0435,2025-08-01,99,paid
PAY005198,CUST0435,2025-09-01,99,paid
PAY005199,CUST0435,2025-10-01,99,paid
PAY005200,CUST0435,2025-11-01,99,paid
PAY005201,CUST0435,2025-12-01,99,paid
PAY005202,CUST0436,2024-10-01,29,paid
PAY005203,CUST0436,2024-11-01,29,paid
PAY005204,CUST0436,2024-12-01,29,paid
PAY005205,CUST0436,2025-01-01,29,paid
PAY005206,CUST0436,2025-02-01,29,paid
PAY005207,CUST0436,2025-03-01,29,paid
PAY005208,CUST0436,2025-04-01,29,paid
PAY005209,CUST0436,2025-05-01,29,paid
PAY005210,CUST0436,2025-06-01,29,paid
PAY005211,CUST0436,2025-07-01,29,paid
PAY005212,CUST0436,2025-08-01,29,paid
PAY005213,CUST0436,2025-09-01,29,paid
PAY005214,CUST0436,2025-10-01,29,paid
PAY005215,CUST0436,2025-11-01,29,paid
PAY005216,CUST0436,2025-12-01,29,paid
PAY005217,CUST0437,2024-07-01,99,paid
PAY005218,CUST0437,2024-08-01,99,paid
PAY005219,CUST0437,2024-09-01,99,paid
PAY005220,CUST0438,2025-05-01,99,paid
PAY005221,CUST0438,2025-06-01,99,paid
PAY005222,CUST0438,2025-07-01,99,paid
PAY005223,CUST0439,2024-01-01,29,paid
PAY005224,CUST0439,2024-02-01,29,paid
PAY005225,CUST0440,2024-08-01,99,paid
PAY005226,CUST0440,2024-09-01,99,paid
PAY005227,CUST0440,2024-10-01,99,paid
PAY005228,CUST0440,2024-11-01,99,paid
PAY005229,CUST0440,2024-12-01,99,paid
PAY005230,CUST0440,2025-01-01,99,paid
PAY005231,CUST0440,2025-02-01,99,paid
PAY005232,CUST0440,2025-03-01,99,paid
PAY005233,CUST0440,2025-04-01,99,paid
PAY005234,CUST0440,2025-05-01,99,paid
PAY005235,CUST0440,2025-06-01,99,paid
PAY005236,CUST0440,2025-07-01,99,paid
PAY005237,CUST0440,2025-08-01,99,paid
PAY005238,CUST0440,2025-09-01,99,paid
PAY005239,CUST0440,2025-10-01,99,paid
PAY005240,CUST0440,2025-11-01,99,paid
PAY005241,CUST0440,2025-12-01,99,paid
PAY005242,CUST0441,2024-04-01,299,paid
PAY005243,CUST0441,2024-05-01,299,paid
PAY005244,CUST0441,2024-06-01,299,paid
PAY005245,CUST0441,2024-07-01,299,paid
PAY005246,CUST0441,2024-08-01,299,paid
PAY005247,CUST0441,2024-09-01,299,paid
PAY005248,CUST0441,2024-10-01,299,paid
PAY005249,CUST0441,2024-11-01,299,paid
PAY005250,CUST0441,2024-12-01,299,paid
PAY005251,CUST0442,2025-07-01,299,paid
PAY005252,CUST0442,2025-08-01,299,paid
PAY005253,CUST0442,2025-09-01,299,paid
PAY005254,CUST0442,2025-10-01,299,paid
PAY005255,CUST0442,2025-11-01,299,paid
PAY005256,CUST0442,2025-12-01,299,paid
PAY005257,CUST0443,2024-12-01,99,paid
PAY005258,CUST0443,2025-01-01,99,paid
PAY005259,CUST0443,2025-02-01,99,paid
PAY005260,CUST0443,2025-03-01,99,paid
PAY005261,CUST0443,2025-04-01,99,paid
PAY005262,CUST0443,2025-05-01,99,paid
PAY005263,CUST0443,2025-06-01,99,paid
PAY005264,CUST0443,2025-07-01,99,paid
PAY005265,CUST0443,2025-08-01,99,paid
PAY005266,CUST0443,2025-09-01,99,paid
PAY005267,CUST0443,2025-10-01,99,paid
PAY005268,CUST0443,2025-11-01,99,paid
PAY005269,CUST0443,2025-12-01,99,paid
PAY005270,CUST0444,2024-09-01,299,paid
PAY005271,CUST0444,2024-10-01,299,paid
PAY005272,CUST0444,2024-11-01,299,paid
PAY005273,CUST0444,2024-12-01,299,paid
PAY005274,CUST0444,2025-01-01,299,paid
PAY005275,CUST0444,2025-02-01,299,paid
PAY005276,CUST0444,2025-03-01,299,paid
PAY005277,CUST0444,2025-04-01,299,paid
PAY005278,CUST0444,2025-05-01,299,paid
PAY005279,CUST0444,2025-06-01,299,paid
PAY005280,CUST0444,2025-07-01,299,paid
PAY005281,CUST0444,2025-08-01,299,paid
PAY005282,CUST0444,2025-09-01,299,paid
PAY005283,CUST0444,2025-10-01,299,paid
PAY005284,CUST0444,2025-11-01,299,paid
PAY005285,CUST0444,2025-12-01,299,paid
PAY005286,CUST0445,2024-05-01,299,paid
PAY005287,CUST0445,2024-06-01,299,paid
PAY005288,CUST0445,2024-07-01,299,paid
PAY005289,CUST0445,2024-08-01,299,paid
PAY005290,CUST0445,2024-09-01,299,paid
PAY005291,CUST0445,2024-10-01,299,paid
PAY005292,CUST0445,2024-11-01,299,paid
PAY005293,CUST0445,2024-12-01,299,paid
PAY005294,CUST0445,2025-01-01,299,failed
PAY005295,CUST0445,2025-02-01,299,paid
PAY005296,CUST0445,2025-03-01,299,paid
PAY005297,CUST0445,2025-04-01,299,paid
PAY005298,CUST0445,2025-05-01,299,paid
PAY005299,CUST0445,2025-06-01,299,paid
PAY005300,CUST0445,2025-07-01,299,paid
PAY005301,CUST0445,2025-08-01,299,paid
PAY005302,CUST0445,2025-09-01,299,paid
PAY005303,CUST0445,2025-10-01,299,paid
PAY005304,CUST0445,2025-11-01,299,paid
PAY005305,CUST0445,2025-12-01,299,paid
PAY005306,CUST0446,2024-12-01,29,paid
PAY005307,CUST0446,2025-01-01,29,paid
PAY005308,CUST0447,2024-04-01,99,paid
PAY005309,CUST0447,2024-05-01,99,paid
PAY005310,CUST0447,2024-06-01,99,paid
PAY005311,CUST0447,2024-07-01,99,paid
PAY005312,CUST0447,2024-08-01,99,paid
PAY005313,CUST0447,2024-09-01,99,paid
PAY005314,CUST0447,2024-10-01,99,paid
PAY005315,CUST0447,2024-11-01,99,paid
PAY005316,CUST0447,2024-12-01,99,paid
PAY005317,CUST0448,2024-11-01,99,paid
PAY005318,CUST0448,2024-12-01,99,paid
PAY005319,CUST0448,2025-01-01,99,paid
PAY005320,CUST0448,2025-02-01,99,paid
PAY005321,CUST0449,2025-06-01,29,paid
PAY005322,CUST0449,2025-07-01,29,paid
PAY005323,CUST0449,2025-08-01,29,paid
PAY005324,CUST0449,2025-09-01,29,paid
PAY005325,CUST0449,2025-10-01,29,paid
PAY005326,CUST0450,2025-06-01,29,paid
PAY005327,CUST0450,2025-07-01,29,paid
PAY005328,CUST0450,2025-08-01,29,paid
PAY005329,CUST0450,2025-09-01,29,paid
PAY005330,CUST0450,2025-10-01,29,paid
PAY005331,CUST0450,2025-11-01,29,paid
PAY005332,CUST0450,2025-12-01,29,paid
PAY005333,CUST0451,2024-05-01,29,paid
PAY005334,CUST0451,2024-06-01,29,paid
PAY005335,CUST0451,2024-07-01,29,paid
PAY005336,CUST0451,2024-08-01,29,paid
PAY005337,CUST0451,2024-09-01,29,paid
PAY005338,CUST0451,2024-10-01,29,paid
PAY005339,CUST0451,2024-11-01,29,paid
PAY005340,CUST0451,2024-12-01,29,paid
PAY005341,CUST0452,2025-05-01,99,paid
PAY005342,CUST0452,2025-06-01,99,paid
PAY005343,CUST0452,2025-07-01,99,paid
PAY005344,CUST0452,2025-08-01,99,paid
PAY005345,CUST0452,2025-09-01,99,paid
PAY005346,CUST0452,2025-10-01,99,paid
PAY005347,CUST0452,2025-11-01,99,paid
PAY005348,CUST0452,2025-12-01,99,paid
PAY005349,CUST0453,2024-02-01,29,paid
PAY005350,CUST0453,2024-03-01,29,paid
PAY005351,CUST0453,2024-04-01,29,paid
PAY005352,CUST0453,2024-05-01,29,paid
PAY005353,CUST0453,2024-06-01,29,paid
PAY005354,CUST0453,2024-07-01,29,paid
PAY005355,CUST0453,2024-08-01,29,paid
PAY005356,CUST0454,2024-08-01,29,paid
PAY005357,CUST0454,2024-09-01,29,paid
PAY005358,CUST0454,2024-10-01,29,paid
PAY005359,CUST0454,2024-11-01,29,paid
PAY005360,CUST0454,2024-12-01,29,paid
PAY005361,CUST0454,2025-01-01,29,paid
PAY005362,CUST0454,2025-02-01,29,paid
PAY005363,CUST0454,2025-03-01,29,paid
PAY005364,CUST0454,2025-04-01,29,paid
PAY005365,CUST0454,2025-05-01,29,paid
PAY005366,CUST0454,2025-06-01,29,paid
PAY005367,CUST0454,2025-07-01,29,paid
PAY005368,CUST0454,2025-08-01,29,paid
PAY005369,CUST0454,2025-09-01,29,paid
PAY005370,CUST0454,2025-10-01,29,paid
PAY005371,CUST0454,2025-11-01,29,paid
PAY005372,CUST0454,2025-12-01,29,paid
PAY005373,CUST0455,2024-06-01,299,paid
PAY005374,CUST0455,2024-07-01,299,paid
PAY005375,CUST0455,2024-08-01,299,failed
PAY005376,CUST0455,2024-09-01,299,paid
PAY005377,CUST0455,2024-10-01,299,paid
PAY005378,CUST0455,2024-11-01,299,paid
PAY005379,CUST0455,2024-12-01,299,paid
PAY005380,CUST0455,2025-01-01,299,paid
PAY005381,CUST0455,2025-02-01,299,paid
PAY005382,CUST0455,2025-03-01,299,paid
PAY005383,CUST0455,2025-04-01,299,paid
PAY005384,CUST0455,2025-05-01,299,paid
PAY005385,CUST0455,2025-06-01,299,paid
PAY005386,CUST0455,2025-07-01,299,paid
PAY005387,CUST0455,2025-08-01,299,paid
PAY005388,CUST0455,2025-09-01,299,paid
PAY005389,CUST0455,2025-10-01,299,paid
PAY005390,CUST0455,2025-11-01,299,paid
PAY005391,CUST0455,2025-12-01,299,paid
PAY005392,CUST0456,2024-01-01,299,paid
PAY005393,CUST0456,2024-02-01,299,paid
PAY005394,CUST0456,2024-03-01,299,paid
PAY005395,CUST0456,2024-04-01,299,paid
PAY005396,CUST0456,2024-05-01,299,paid
PAY005397,CUST0456,2024-06-01,299,paid
PAY005398,CUST0456,2024-07-01,299,paid
PAY005399,CUST0456,2024-08-01,299,paid
PAY005400,CUST0456,2024-09-01,299,failed
PAY005401,CUST0456,2024-10-01,299,paid
PAY005402,CUST0456,2024-11-01,299,paid
PAY005403,CUST0456,2024-12-01,299,paid
PAY005404,CUST0456,2025-01-01,299,paid
PAY005405,CUST0456,2025-02-01,299,paid
PAY005406,CUST0456,2025-03-01,299,paid
PAY005407,CUST0456,2025-04-01,299,paid
PAY005408,CUST0456,2025-05-01,299,paid
PAY005409,CUST0456,2025-06-01,299,paid
PAY005410,CUST0456,2025-07-01,299,paid
PAY005411,CUST0456,2025-08-01,299,paid
PAY005412,CUST0456,2025-09-01,299,paid
PAY005413,CUST0456,2025-10-01,299,paid
PAY005414,CUST0456,2025-11-01,299,paid
PAY005415,CUST0456,2025-12-01,299,paid
PAY005416,CUST0457,2025-02-01,299,paid
PAY005417,CUST0457,2025-03-01,299,paid
PAY005418,CUST0457,2025-04-01,299,paid
PAY005419,CUST0457,2025-05-01,299,paid
PAY005420,CUST0457,2025-06-01,299,paid
PAY005421,CUST0457,2025-07-01,299,paid
PAY005422,CUST0457,2025-08-01,299,paid
PAY005423,CUST0457,2025-09-01,299,paid
PAY005424,CUST0457,2025-10-01,299,paid
PAY005425,CUST0457,2025-11-01,299,paid
PAY005426,CUST0457,2025-12-01,299,paid
PAY005427,CUST0458,2025-04-01,99,paid
PAY005428,CUST0458,2025-05-01,99,paid
PAY005429,CUST0458,2025-06-01,99,paid
PAY005430,CUST0458,2025-07-01,99,paid
PAY005431,CUST0458,2025-08-01,99,paid
PAY005432,CUST0458,2025-09-01,99,paid
PAY005433,CUST0458,2025-10-01,99,paid
PAY005434,CUST0458,2025-11-01,99,paid
PAY005435,CUST0458,2025-12-01,99,paid
PAY005436,CUST0459,2025-04-01,29,paid
PAY005437,CUST0459,2025-05-01,29,paid
PAY005438,CUST0459,2025-06-01,29,paid
PAY005439,CUST0459,2025-07-01,29,paid
PAY005440,CUST0459,2025-08-01,29,paid
PAY005441,CUST0459,2025-09-01,29,paid
PAY005442,CUST0459,2025-10-01,29,paid
PAY005443,CUST0459,2025-11-01,29,paid
PAY005444,CUST0459,2025-12-01,29,paid
PAY005445,CUST0460,2024-12-01,299,paid
PAY005446,CUST0460,2025-01-01,299,failed
PAY005447,CUST0460,2025-02-01,299,paid
PAY005448,CUST0460,2025-03-01,299,paid
PAY005449,CUST0460,2025-04-01,299,paid
PAY005450,CUST0460,2025-05-01,299,paid
PAY005451,CUST0460,2025-06-01,299,paid
PAY005452,CUST0460,2025-07-01,299,paid
PAY005453,CUST0460,2025-08-01,299,paid
PAY005454,CUST0460,2025-09-01,299,paid
PAY005455,CUST0460,2025-10-01,299,paid
PAY005456,CUST0460,2025-11-01,299,paid
PAY005457,CUST0460,2025-12-01,299,paid
PAY005458,CUST0461,2024-12-01,29,paid
PAY005459,CUST0461,2025-01-01,29,paid
PAY005460,CUST0461,2025-02-01,29,paid
PAY005461,CUST0461,2025-03-01,29,paid
PAY005462,CUST0461,2025-04-01,29,paid
PAY005463,CUST0461,2025-05-01,29,paid
PAY005464,CUST0461,2025-06-01,29,paid
PAY005465,CUST0462,2025-08-01,29,paid
PAY005466,CUST0462,2025-09-01,29,paid
PAY005467,CUST0462,2025-10-01,29,paid
PAY005468,CUST0462,2025-11-01,29,paid
PAY005469,CUST0462,2025-12-01,29,paid
PAY005470,CUST0463,2024-08-01,29,failed
PAY005471,CUST0463,2024-09-01,29,paid
PAY005472,CUST0463,2024-10-01,29,paid
PAY005473,CUST0463,2024-11-01,29,paid
PAY005474,CUST0463,2024-12-01,29,paid
PAY005475,CUST0463,2025-01-01,29,paid
PAY005476,CUST0463,2025-02-01,29,paid
PAY005477,CUST0463,2025-03-01,29,paid
PAY005478,CUST0463,2025-04-01,29,paid
PAY005479,CUST0463,2025-05-01,29,paid
PAY005480,CUST0463,2025-06-01,29,paid
PAY005481,CUST0463,2025-07-01,29,paid
PAY005482,CUST0463,2025-08-01,29,paid
PAY005483,CUST0463,2025-09-01,29,paid
PAY005484,CUST0463,2025-10-01,29,paid
PAY005485,CUST0463,2025-11-01,29,paid
PAY005486,CUST0463,2025-12-01,29,paid
PAY005487,CUST0464,2024-12-01,29,paid
PAY005488,CUST0464,2025-01-01,29,paid
PAY005489,CUST0464,2025-02-01,29,paid
PAY005490,CUST0464,2025-03-01,29,paid
PAY005491,CUST0464,2025-04-01,29,paid
PAY005492,CUST0464,2025-05-01,29,paid
PAY005493,CUST0464,2025-06-01,29,paid
PAY005494,CUST0465,2024-06-01,99,paid
PAY005495,CUST0465,2024-07-01,99,paid
PAY005496,CUST0465,2024-08-01,99,paid
PAY005497,CUST0465,2024-09-01,99,paid
PAY005498,CUST0465,2024-10-01,99,paid
PAY005499,CUST0465,2024-11-01,99,paid
PAY005500,CUST0465,2024-12-01,299,paid
PAY005501,CUST0465,2025-01-01,299,paid
PAY005502,CUST0465,2025-02-01,299,paid
PAY005503,CUST0465,2025-03-01,299,paid
PAY005504,CUST0465,2025-04-01,299,paid
PAY005505,CUST0465,2025-05-01,299,paid
PAY005506,CUST0465,2025-06-01,299,paid
PAY005507,CUST0465,2025-07-01,299,paid
PAY005508,CUST0465,2025-08-01,299,paid
PAY005509,CUST0465,2025-09-01,299,paid
PAY005510,CUST0465,2025-10-01,299,paid
PAY005511,CUST0465,2025-11-01,299,paid
PAY005512,CUST0465,2025-12-01,299,paid
PAY005513,CUST0466,2025-04-01,299,paid
PAY005514,CUST0466,2025-05-01,299,paid
PAY005515,CUST0466,2025-06-01,299,paid
PAY005516,CUST0466,2025-07-01,299,paid
PAY005517,CUST0466,2025-08-01,299,paid
PAY005518,CUST0466,2025-09-01,299,paid
PAY005519,CUST0466,2025-10-01,299,paid
PAY005520,CUST0466,2025-11-01,299,paid
PAY005521,CUST0466,2025-12-01,299,paid
PAY005522,CUST0467,2025-03-01,29,paid
PAY005523,CUST0467,2025-04-01,29,paid
PAY005524,CUST0467,2025-05-01,29,paid
PAY005525,CUST0467,2025-06-01,29,paid
PAY005526,CUST0468,2024-11-01,299,paid
PAY005527,CUST0468,2024-12-01,299,paid
PAY005528,CUST0468,2025-01-01,299,paid
PAY005529,CUST0468,2025-02-01,299,paid
PAY005530,CUST0468,2025-03-01,299,paid
PAY005531,CUST0468,2025-04-01,299,paid
PAY005532,CUST0468,2025-05-01,299,paid
PAY005533,CUST0468,2025-06-01,299,paid
PAY005534,CUST0468,2025-07-01,299,paid
PAY005535,CUST0468,2025-08-01,299,paid
PAY005536,CUST0469,2024-12-01,29,paid
PAY005537,CUST0469,2025-01-01,29,paid
PAY005538,CUST0469,2025-02-01,29,paid
PAY005539,CUST0469,2025-03-01,29,paid
PAY005540,CUST0469,2025-04-01,29,paid
PAY005541,CUST0469,2025-05-01,29,paid
PAY005542,CUST0469,2025-06-01,29,paid
PAY005543,CUST0469,2025-07-01,29,paid
PAY005544,CUST0469,2025-08-01,29,paid
PAY005545,CUST0469,2025-09-01,29,paid
PAY005546,CUST0469,2025-10-01,29,paid
PAY005547,CUST0469,2025-11-01,29,paid
PAY005548,CUST0469,2025-12-01,29,paid
PAY005549,CUST0470,2024-10-01,29,paid
PAY005550,CUST0470,2024-11-01,29,paid
PAY005551,CUST0470,2024-12-01,29,paid
PAY005552,CUST0470,2025-01-01,29,paid
PAY005553,CUST0471,2024-12-01,299,paid
PAY005554,CUST0471,2025-01-01,299,paid
PAY005555,CUST0471,2025-02-01,299,paid
PAY005556,CUST0471,2025-03-01,299,paid
PAY005557,CUST0471,2025-04-01,299,paid
PAY005558,CUST0471,2025-05-01,299,paid
PAY005559,CUST0471,2025-06-01,299,paid
PAY005560,CUST0471,2025-07-01,299,paid
PAY005561,CUST0471,2025-08-01,299,paid
PAY005562,CUST0471,2025-09-01,299,paid
PAY005563,CUST0471,2025-10-01,299,paid
PAY005564,CUST0471,2025-11-01,299,paid
PAY005565,CUST0471,2025-12-01,299,paid
PAY005566,CUST0472,2024-02-01,29,paid
PAY005567,CUST0472,2024-03-01,29,paid
PAY005568,CUST0472,2024-04-01,29,paid
PAY005569,CUST0472,2024-05-01,29,paid
PAY005570,CUST0472,2024-06-01,29,paid
PAY005571,CUST0472,2024-07-01,29,paid
PAY005572,CUST0472,2024-08-01,29,paid
PAY005573,CUST0472,2024-09-01,29,paid
PAY005574,CUST0472,2024-10-01,29,paid
PAY005575,CUST0472,2024-11-01,29,paid
PAY005576,CUST0472,2024-12-01,29,paid
PAY005577,CUST0472,2025-01-01,29,paid
PAY005578,CUST0472,2025-02-01,29,paid
PAY005579,CUST0473,2024-12-01,99,paid
PAY005580,CUST0473,2025-01-01,99,paid
PAY005581,CUST0473,2025-02-01,99,paid
PAY005582,CUST0473,2025-03-01,99,paid
PAY005583,CUST0473,2025-04-01,99,paid
PAY005584,CUST0473,2025-05-01,99,paid
PAY005585,CUST0473,2025-06-01,99,paid
PAY005586,CUST0473,2025-07-01,99,paid
PAY005587,CUST0473,2025-08-01,99,paid
PAY005588,CUST0473,2025-09-01,99,paid
PAY005589,CUST0473,2025-10-01,99,paid
PAY005590,CUST0473,2025-11-01,99,paid
PAY005591,CUST0473,2025-12-01,99,paid
PAY005592,CUST0474,2025-07-01,99,paid
PAY005593,CUST0474,2025-08-01,99,paid
PAY005594,CUST0474,2025-09-01,99,paid
PAY005595,CUST0474,2025-10-01,99,paid
PAY005596,CUST0474,2025-11-01,99,paid
PAY005597,CUST0474,2025-12-01,99,paid
PAY005598,CUST0475,2024-07-01,299,paid
PAY005599,CUST0475,2024-08-01,299,paid
PAY005600,CUST0475,2024-09-01,299,paid
PAY005601,CUST0475,2024-10-01,299,paid
PAY005602,CUST0475,2024-11-01,299,paid
PAY005603,CUST0475,2024-12-01,299,paid
PAY005604,CUST0475,2025-01-01,299,paid
PAY005605,CUST0475,2025-02-01,299,paid
PAY005606,CUST0475,2025-03-01,299,paid
PAY005607,CUST0475,2025-04-01,299,paid
PAY005608,CUST0475,2025-05-01,299,paid
PAY005609,CUST0475,2025-06-01,299,paid
PAY005610,CUST0475,2025-07-01,299,paid
PAY005611,CUST0475,2025-08-01,299,paid
PAY005612,CUST0475,2025-09-01,299,paid
PAY005613,CUST0475,2025-10-01,299,paid
PAY005614,CUST0475,2025-11-01,299,paid
PAY005615,CUST0475,2025-12-01,299,paid
PAY005616,CUST0476,2024-11-01,29,paid
PAY005617,CUST0476,2024-12-01,29,paid
PAY005618,CUST0476,2025-01-01,29,paid
PAY005619,CUST0476,2025-02-01,29,paid
PAY005620,CUST0476,2025-03-01,29,paid
PAY005621,CUST0476,2025-04-01,29,paid
PAY005622,CUST0476,2025-05-01,29,paid
PAY005623,CUST0476,2025-06-01,29,paid
PAY005624,CUST0476,2025-07-01,29,paid
PAY005625,CUST0476,2025-08-01,29,paid
PAY005626,CUST0477,2024-09-01,99,paid
PAY005627,CUST0477,2024-10-01,99,paid
PAY005628,CUST0477,2024-11-01,99,paid
PAY005629,CUST0477,2024-12-01,99,paid
PAY005630,CUST0478,2024-07-01,29,paid
PAY005631,CUST0478,2024-08-01,29,paid
PAY005632,CUST0478,2024-09-01,29,paid
PAY005633,CUST0478,2024-10-01,29,paid
PAY005634,CUST0478,2024-11-01,29,paid
PAY005635,CUST0478,2024-12-01,29,paid
PAY005636,CUST0478,2025-01-01,29,paid
PAY005637,CUST0479,2025-03-01,99,paid
PAY005638,CUST0479,2025-04-01,99,paid
PAY005639,CUST0479,2025-05-01,99,paid
PAY005640,CUST0479,2025-06-01,99,paid
PAY005641,CUST0479,2025-07-01,99,paid
PAY005642,CUST0479,2025-08-01,99,paid
PAY005643,CUST0479,2025-09-01,99,paid
PAY005644,CUST0480,2024-07-01,29,paid
PAY005645,CUST0480,2024-08-01,29,paid
PAY005646,CUST0480,2024-09-01,29,paid
PAY005647,CUST0480,2024-10-01,29,paid
PAY005648,CUST0481,2025-03-01,29,paid
PAY005649,CUST0481,2025-04-01,29,paid
PAY005650,CUST0481,2025-05-01,29,paid
PAY005651,CUST0481,2025-06-01,29,paid
PAY005652,CUST0481,2025-07-01,29,paid
PAY005653,CUST0481,2025-08-01,29,paid
PAY005654,CUST0481,2025-09-01,29,paid
PAY005655,CUST0481,2025-10-01,29,paid
PAY005656,CUST0481,2025-11-01,29,paid
PAY005657,CUST0481,2025-12-01,29,paid
PAY005658,CUST0482,2024-11-01,29,paid
PAY005659,CUST0482,2024-12-01,29,paid
PAY005660,CUST0482,2025-01-01,29,paid
PAY005661,CUST0482,2025-02-01,29,paid
PAY005662,CUST0483,2024-03-01,29,paid
PAY005663,CUST0483,2024-04-01,29,paid
PAY005664,CUST0483,2024-05-01,29,paid
PAY005665,CUST0483,2024-06-01,29,paid
PAY005666,CUST0483,2024-07-01,29,paid
PAY005667,CUST0483,2024-08-01,29,paid
PAY005668,CUST0483,2024-09-01,29,paid
PAY005669,CUST0483,2024-10-01,29,paid
PAY005670,CUST0483,2024-11-01,29,paid
PAY005671,CUST0483,2024-12-01,29,paid
PAY005672,CUST0483,2025-01-01,29,paid
PAY005673,CUST0483,2025-02-01,29,paid
PAY005674,CUST0483,2025-03-01,29,paid
PAY005675,CUST0483,2025-04-01,29,paid
PAY005676,CUST0483,2025-05-01,29,paid
PAY005677,CUST0483,2025-06-01,29,paid
PAY005678,CUST0483,2025-07-01,29,paid
PAY005679,CUST0483,2025-08-01,29,paid
PAY005680,CUST0483,2025-09-01,29,paid
PAY005681,CUST0483,2025-10-01,29,paid
PAY005682,CUST0483,2025-11-01,29,paid
PAY005683,CUST0483,2025-12-01,29,paid
PAY005684,CUST0484,2024-06-01,99,failed
PAY005685,CUST0484,2024-07-01,99,paid
PAY005686,CUST0484,2024-08-01,99,paid
PAY005687,CUST0484,2024-09-01,99,paid
PAY005688,CUST0484,2024-10-01,99,paid
PAY005689,CUST0484,2024-11-01,99,paid
PAY005690,CUST0484,2024-12-01,299,paid
PAY005691,CUST0484,2025-01-01,299,paid
PAY005692,CUST0484,2025-02-01,299,paid
PAY005693,CUST0484,2025-03-01,299,paid
PAY005694,CUST0484,2025-04-01,299,paid
PAY005695,CUST0484,2025-05-01,299,paid
PAY005696,CUST0484,2025-06-01,299,paid
PAY005697,CUST0484,2025-07-01,299,paid
PAY005698,CUST0484,2025-08-01,299,paid
PAY005699,CUST0484,2025-09-01,299,paid
PAY005700,CUST0484,2025-10-01,299,paid
PAY005701,CUST0484,2025-11-01,299,paid
PAY005702,CUST0484,2025-12-01,299,paid
PAY005703,CUST0485,2024-11-01,299,paid
PAY005704,CUST0485,2024-12-01,299,paid
PAY005705,CUST0485,2025-01-01,299,paid
PAY005706,CUST0485,2025-02-01,299,paid
PAY005707,CUST0485,2025-03-01,299,paid
PAY005708,CUST0485,2025-04-01,299,paid
PAY005709,CUST0485,2025-05-01,299,paid
PAY005710,CUST0485,2025-06-01,299,paid
PAY005711,CUST0485,2025-07-01,299,paid
PAY005712,CUST0485,2025-08-01,299,paid
PAY005713,CUST0485,2025-09-01,299,paid
PAY005714,CUST0485,2025-10-01,299,paid
PAY005715,CUST0485,2025-11-01,299,paid
PAY005716,CUST0485,2025-12-01,299,paid
PAY005717,CUST0486,2024-09-01,29,paid
PAY005718,CUST0486,2024-10-01,29,paid
PAY005719,CUST0486,2024-11-01,29,paid
PAY005720,CUST0486,2024-12-01,29,paid
PAY005721,CUST0486,2025-01-01,29,paid
PAY005722,CUST0486,2025-02-01,29,paid
PAY005723,CUST0486,2025-03-01,29,paid
PAY005724,CUST0486,2025-04-01,29,paid
PAY005725,CUST0486,2025-05-01,29,paid
PAY005726,CUST0486,2025-06-01,29,paid
PAY005727,CUST0486,2025-07-01,29,paid
PAY005728,CUST0486,2025-08-01,29,paid
PAY005729,CUST0486,2025-09-01,29,paid
PAY005730,CUST0486,2025-10-01,29,paid
PAY005731,CUST0486,2025-11-01,29,paid
PAY005732,CUST0486,2025-12-01,29,paid
PAY005733,CUST0487,2024-08-01,99,paid
PAY005734,CUST0487,2024-09-01,99,paid
PAY005735,CUST0487,2024-10-01,99,paid
PAY005736,CUST0487,2024-11-01,99,paid
PAY005737,CUST0488,2024-10-01,299,paid
PAY005738,CUST0488,2024-11-01,299,paid
PAY005739,CUST0488,2024-12-01,299,failed
PAY005740,CUST0488,2025-01-01,299,paid
PAY005741,CUST0488,2025-02-01,299,paid
PAY005742,CUST0488,2025-03-01,299,paid
PAY005743,CUST0488,2025-04-01,299,paid
PAY005744,CUST0488,2025-05-01,299,paid
PAY005745,CUST0488,2025-06-01,299,paid
PAY005746,CUST0488,2025-07-01,299,paid
PAY005747,CUST0488,2025-08-01,299,paid
PAY005748,CUST0488,2025-09-01,299,paid
PAY005749,CUST0488,2025-10-01,299,paid
PAY005750,CUST0488,2025-11-01,299,paid
PAY005751,CUST0488,2025-12-01,299,paid
PAY005752,CUST0489,2024-06-01,29,paid
PAY005753,CUST0489,2024-07-01,29,paid
PAY005754,CUST0489,2024-08-01,29,paid
PAY005755,CUST0489,2024-09-01,29,paid
PAY005756,CUST0489,2024-10-01,29,paid
PAY005757,CUST0489,2024-11-01,29,paid
PAY005758,CUST0489,2024-12-01,99,failed
PAY005759,CUST0489,2025-01-01,99,paid
PAY005760,CUST0489,2025-02-01,99,paid
PAY005761,CUST0489,2025-03-01,99,paid
PAY005762,CUST0489,2025-04-01,99,paid
PAY005763,CUST0489,2025-05-01,99,paid
PAY005764,CUST0489,2025-06-01,99,paid
PAY005765,CUST0489,2025-07-01,99,paid
PAY005766,CUST0489,2025-08-01,99,paid
PAY005767,CUST0489,2025-09-01,99,paid
PAY005768,CUST0489,2025-10-01,99,paid
PAY005769,CUST0489,2025-11-01,99,paid
PAY005770,CUST0489,2025-12-01,99,paid
PAY005771,CUST0490,2024-05-01,29,paid
PAY005772,CUST0490,2024-06-01,29,paid
PAY005773,CUST0490,2024-07-01,29,paid
PAY005774,CUST0490,2024-08-01,29,paid
PAY005775,CUST0490,2024-09-01,29,paid
PAY005776,CUST0490,2024-10-01,29,paid
PAY005777,CUST0490,2024-11-01,29,paid
PAY005778,CUST0490,2024-12-01,29,paid
PAY005779,CUST0491,2024-12-01,29,paid
PAY005780,CUST0491,2025-01-01,29,paid
PAY005781,CUST0491,2025-02-01,29,paid
PAY005782,CUST0491,2025-03-01,29,paid
PAY005783,CUST0491,2025-04-01,29,paid
PAY005784,CUST0491,2025-05-01,29,paid
PAY005785,CUST0491,2025-06-01,29,paid
PAY005786,CUST0491,2025-07-01,29,paid
PAY005787,CUST0491,2025-08-01,29,paid
PAY005788,CUST0491,2025-09-01,29,paid
PAY005789,CUST0491,2025-10-01,29,paid
PAY005790,CUST0491,2025-11-01,29,paid
PAY005791,CUST0491,2025-12-01,29,paid
PAY005792,CUST0492,2024-11-01,99,paid
PAY005793,CUST0492,2024-12-01,99,paid
PAY005794,CUST0492,2025-01-01,99,paid
PAY005795,CUST0492,2025-02-01,99,paid
PAY005796,CUST0492,2025-03-01,99,paid
PAY005797,CUST0492,2025-04-01,99,paid
PAY005798,CUST0492,2025-05-01,99,paid
PAY005799,CUST0492,2025-06-01,99,paid
PAY005800,CUST0492,2025-07-01,99,paid
PAY005801,CUST0492,2025-08-01,99,paid
PAY005802,CUST0492,2025-09-01,99,paid
PAY005803,CUST0492,2025-10-01,99,paid
PAY005804,CUST0492,2025-11-01,99,paid
PAY005805,CUST0492,2025-12-01,99,paid
PAY005806,CUST0493,2024-10-01,99,paid
PAY005807,CUST0493,2024-11-01,99,paid
PAY005808,CUST0493,2024-12-01,99,paid
PAY005809,CUST0493,2025-01-01,99,paid
PAY005810,CUST0493,2025-02-01,99,paid
PAY005811,CUST0494,2025-03-01,299,paid
PAY005812,CUST0494,2025-04-01,299,paid
PAY005813,CUST0494,2025-05-01,299,paid
PAY005814,CUST0494,2025-06-01,299,paid
PAY005815,CUST0494,2025-07-01,299,paid
PAY005816,CUST0494,2025-08-01,299,paid
PAY005817,CUST0494,2025-09-01,299,paid
PAY005818,CUST0494,2025-10-01,299,failed
PAY005819,CUST0494,2025-11-01,299,paid
PAY005820,CUST0494,2025-12-01,299,paid
PAY005821,CUST0495,2024-03-01,29,paid
PAY005822,CUST0495,2024-04-01,29,paid
PAY005823,CUST0495,2024-05-01,29,paid
PAY005824,CUST0495,2024-06-01,29,paid
PAY005825,CUST0495,2024-07-01,29,paid
PAY005826,CUST0495,2024-08-01,29,paid
PAY005827,CUST0495,2024-09-01,29,paid
PAY005828,CUST0495,2024-10-01,29,paid
PAY005829,CUST0495,2024-11-01,29,paid
PAY005830,CUST0495,2024-12-01,29,paid
PAY005831,CUST0495,2025-01-01,29,paid
PAY005832,CUST0495,2025-02-01,29,paid
PAY005833,CUST0495,2025-03-01,29,paid
PAY005834,CUST0495,2025-04-01,29,paid
PAY005835,CUST0495,2025-05-01,29,paid
PAY005836,CUST0495,2025-06-01,29,paid
PAY005837,CUST0496,2024-05-01,299,paid
PAY005838,CUST0496,2024-06-01,299,paid
PAY005839,CUST0496,2024-07-01,299,paid
PAY005840,CUST0496,2024-08-01,299,paid
PAY005841,CUST0496,2024-09-01,299,paid
PAY005842,CUST0496,2024-10-01,299,paid
PAY005843,CUST0496,2024-11-01,299,paid
PAY005844,CUST0496,2024-12-01,299,paid
PAY005845,CUST0496,2025-01-01,299,paid
PAY005846,CUST0496,2025-02-01,299,paid
PAY005847,CUST0496,2025-03-01,299,paid
PAY005848,CUST0496,2025-04-01,299,paid
PAY005849,CUST0496,2025-05-01,299,paid
PAY005850,CUST0496,2025-06-01,299,paid
PAY005851,CUST0496,2025-07-01,299,paid
PAY005852,CUST0496,2025-08-01,299,paid
PAY005853,CUST0496,2025-09-01,299,paid
PAY005854,CUST0496,2025-10-01,299,paid
PAY005855,CUST0496,2025-11-01,299,paid
PAY005856,CUST0496,2025-12-01,299,paid
PAY005857,CUST0497,2024-12-01,99,paid
PAY005858,CUST0497,2025-01-01,99,paid
PAY005859,CUST0497,2025-02-01,99,paid
PAY005860,CUST0497,2025-03-01,99,paid
PAY005861,CUST0497,2025-04-01,99,paid
PAY005862,CUST0497,2025-05-01,99,paid
PAY005863,CUST0497,2025-06-01,99,paid
PAY005864,CUST0497,2025-07-01,99,paid
PAY005865,CUST0497,2025-08-01,99,failed
PAY005866,CUST0497,2025-09-01,99,paid
PAY005867,CUST0497,2025-10-01,99,paid
PAY005868,CUST0497,2025-11-01,99,paid
PAY005869,CUST0497,2025-12-01,99,paid
PAY005870,CUST0498,2024-11-01,29,paid
PAY005871,CUST0498,2024-12-01,29,paid
PAY005872,CUST0498,2025-01-01,29,paid
PAY005873,CUST0498,2025-02-01,29,paid
PAY005874,CUST0498,2025-03-01,29,paid
PAY005875,CUST0498,2025-04-01,29,paid
PAY005876,CUST0498,2025-05-01,99,paid
PAY005877,CUST0498,2025-06-01,99,paid
PAY005878,CUST0498,2025-07-01,99,paid
PAY005879,CUST0498,2025-08-01,99,failed
PAY005880,CUST0498,2025-09-01,99,paid
PAY005881,CUST0498,2025-10-01,99,paid
PAY005882,CUST0498,2025-11-01,99,paid
PAY005883,CUST0498,2025-12-01,99,paid
PAY005884,CUST0499,2024-03-01,99,paid
PAY005885,CUST0499,2024-04-01,99,paid
PAY005886,CUST0499,2024-05-01,99,paid
PAY005887,CUST0499,2024-06-01,99,paid
PAY005888,CUST0499,2024-07-01,99,paid
PAY005889,CUST0499,2024-08-01,99,failed
PAY005890,CUST0499,2024-09-01,99,paid
PAY005891,CUST0499,2024-10-01,99,failed
PAY005892,CUST0499,2024-11-01,99,paid
PAY005893,CUST0499,2024-12-01,99,paid
PAY005894,CUST0499,2025-01-01,99,paid
PAY005895,CUST0500,2025-05-01,299,paid
PAY005896,CUST0500,2025-06-01,299,paid
PAY005897,CUST0500,2025-07-01,299,paid
PAY005898,CUST0500,2025-08-01,299,paid
PAY005899,CUST0500,2025-09-01,299,paid
PAY005900,CUST0500,2025-10-01,299,paid
PAY005901,CUST0500,2025-11-01,299,paid
PAY005902,CUST0500,2025-12-01,299,paid
PAY005903,CUST0501,2024-12-01,299,paid
PAY005904,CUST0501,2025-01-01,299,paid
PAY005905,CUST0502,2024-10-01,99,paid
PAY005906,CUST0502,2024-11-01,99,paid
PAY005907,CUST0502,2024-12-01,99,paid
PAY005908,CUST0502,2025-01-01,99,paid
PAY005909,CUST0502,2025-02-01,99,paid
PAY005910,CUST0502,2025-03-01,99,paid
PAY005911,CUST0502,2025-04-01,99,paid
PAY005912,CUST0502,2025-05-01,99,paid
PAY005913,CUST0502,2025-06-01,99,paid
PAY005914,CUST0502,2025-07-01,99,paid
PAY005915,CUST0502,2025-08-01,99,paid
PAY005916,CUST0502,2025-09-01,99,paid
PAY005917,CUST0502,2025-10-01,99,paid
PAY005918,CUST0502,2025-11-01,99,paid
PAY005919,CUST0502,2025-12-01,99,paid
PAY005920,CUST0503,2024-04-01,99,paid
PAY005921,CUST0503,2024-05-01,99,paid
PAY005922,CUST0503,2024-06-01,99,paid
PAY005923,CUST0503,2024-07-01,99,paid
PAY005924,CUST0503,2024-08-01,99,paid
PAY005925,CUST0503,2024-09-01,99,paid
PAY005926,CUST0503,2024-10-01,99,paid
PAY005927,CUST0503,2024-11-01,99,failed
PAY005928,CUST0503,2024-12-01,99,paid
PAY005929,CUST0503,2025-01-01,99,paid
PAY005930,CUST0503,2025-02-01,99,paid
PAY005931,CUST0503,2025-03-01,99,paid
PAY005932,CUST0503,2025-04-01,99,paid
PAY005933,CUST0503,2025-05-01,99,paid
PAY005934,CUST0503,2025-06-01,99,paid
PAY005935,CUST0503,2025-07-01,99,paid
PAY005936,CUST0503,2025-08-01,99,paid
PAY005937,CUST0503,2025-09-01,99,paid
PAY005938,CUST0503,2025-10-01,99,paid
PAY005939,CUST0503,2025-11-01,99,paid
PAY005940,CUST0503,2025-12-01,99,paid
PAY005941,CUST0504,2025-01-01,29,paid
PAY005942,CUST0504,2025-02-01,29,paid
PAY005943,CUST0504,2025-03-01,29,paid
PAY005944,CUST0504,2025-04-01,29,paid
PAY005945,CUST0504,2025-05-01,29,paid
PAY005946,CUST0504,2025-06-01,29,paid
PAY005947,CUST0505,2024-02-01,299,paid
PAY005948,CUST0505,2024-03-01,299,paid
PAY005949,CUST0505,2024-04-01,299,paid
PAY005950,CUST0506,2025-02-01,99,paid
PAY005951,CUST0506,2025-03-01,99,paid
PAY005952,CUST0506,2025-04-01,99,paid
PAY005953,CUST0506,2025-05-01,99,paid
PAY005954,CUST0506,2025-06-01,99,paid
PAY005955,CUST0506,2025-07-01,99,paid
PAY005956,CUST0506,2025-08-01,299,paid
PAY005957,CUST0506,2025-09-01,299,paid
PAY005958,CUST0506,2025-10-01,299,paid
PAY005959,CUST0506,2025-11-01,299,paid
PAY005960,CUST0506,2025-12-01,299,paid
PAY005961,CUST0507,2024-06-01,99,paid
PAY005962,CUST0507,2024-07-01,99,paid
PAY005963,CUST0507,2024-08-01,99,paid
PAY005964,CUST0507,2024-09-01,99,paid
PAY005965,CUST0507,2024-10-01,99,paid
PAY005966,CUST0507,2024-11-01,99,paid
PAY005967,CUST0507,2024-12-01,99,paid
PAY005968,CUST0507,2025-01-01,99,paid
PAY005969,CUST0507,2025-02-01,99,paid
PAY005970,CUST0507,2025-03-01,99,paid
PAY005971,CUST0507,2025-04-01,99,paid
PAY005972,CUST0507,2025-05-01,99,paid
PAY005973,CUST0507,2025-06-01,99,paid
PAY005974,CUST0507,2025-07-01,99,paid
PAY005975,CUST0507,2025-08-01,99,paid
PAY005976,CUST0507,2025-09-01,99,paid
PAY005977,CUST0507,2025-10-01,99,paid
PAY005978,CUST0507,2025-11-01,99,paid
PAY005979,CUST0507,2025-12-01,99,paid
PAY005980,CUST0508,2025-10-01,99,paid
PAY005981,CUST0508,2025-11-01,99,paid
PAY005982,CUST0508,2025-12-01,99,paid
PAY005983,CUST0509,2024-07-01,29,paid
PAY005984,CUST0509,2024-08-01,29,paid
PAY005985,CUST0509,2024-09-01,29,paid
PAY005986,CUST0509,2024-10-01,29,paid
PAY005987,CUST0509,2024-11-01,29,paid
PAY005988,CUST0510,2024-10-01,29,paid
PAY005989,CUST0510,2024-11-01,29,paid
PAY005990,CUST0510,2024-12-01,29,paid
PAY005991,CUST0510,2025-01-01,29,paid
PAY005992,CUST0510,2025-02-01,29,paid
PAY005993,CUST0510,2025-03-01,29,paid
PAY005994,CUST0510,2025-04-01,29,paid
PAY005995,CUST0510,2025-05-01,29,paid
PAY005996,CUST0510,2025-06-01,29,paid
PAY005997,CUST0510,2025-07-01,29,paid
PAY005998,CUST0510,2025-08-01,29,paid
PAY005999,CUST0510,2025-09-01,29,paid
PAY006000,CUST0510,2025-10-01,29,paid
PAY006001,CUST0510,2025-11-01,29,paid
PAY006002,CUST0510,2025-12-01,29,paid
PAY006003,CUST0511,2024-12-01,29,paid
PAY006004,CUST0511,2025-01-01,29,paid
PAY006005,CUST0511,2025-02-01,29,paid
PAY006006,CUST0511,2025-03-01,29,paid
PAY006007,CUST0511,2025-04-01,29,paid
PAY006008,CUST0511,2025-05-01,29,paid
PAY006009,CUST0511,2025-06-01,29,paid
PAY006010,CUST0511,2025-07-01,29,paid
PAY006011,CUST0512,2024-07-01,99,paid
PAY006012,CUST0512,2024-08-01,99,paid
PAY006013,CUST0512,2024-09-01,99,paid
PAY006014,CUST0512,2024-10-01,99,paid
PAY006015,CUST0512,2024-11-01,99,paid
PAY006016,CUST0512,2024-12-01,99,paid
PAY006017,CUST0512,2025-01-01,99,paid
PAY006018,CUST0512,2025-02-01,99,paid
PAY006019,CUST0512,2025-03-01,99,paid
PAY006020,CUST0512,2025-04-01,99,failed
PAY006021,CUST0512,2025-05-01,99,paid
PAY006022,CUST0512,2025-06-01,99,paid
PAY006023,CUST0512,2025-07-01,99,paid
PAY006024,CUST0512,2025-08-01,99,paid
PAY006025,CUST0512,2025-09-01,99,paid
PAY006026,CUST0512,2025-10-01,99,paid
PAY006027,CUST0512,2025-11-01,99,paid
PAY006028,CUST0512,2025-12-01,99,paid
PAY006029,CUST0513,2025-05-01,29,paid
PAY006030,CUST0513,2025-06-01,29,paid
PAY006031,CUST0513,2025-07-01,29,paid
PAY006032,CUST0513,2025-08-01,29,paid
PAY006033,CUST0513,2025-09-01,29,paid
PAY006034,CUST0514,2024-11-01,99,paid
PAY006035,CUST0514,2024-12-01,99,paid
PAY006036,CUST0514,2025-01-01,99,paid
PAY006037,CUST0514,2025-02-01,99,paid
PAY006038,CUST0514,2025-03-01,99,paid
PAY006039,CUST0514,2025-04-01,99,paid
PAY006040,CUST0514,2025-05-01,299,paid
PAY006041,CUST0514,2025-06-01,299,paid
PAY006042,CUST0514,2025-07-01,299,paid
PAY006043,CUST0514,2025-08-01,299,paid
PAY006044,CUST0514,2025-09-01,299,paid
PAY006045,CUST0514,2025-10-01,299,paid
PAY006046,CUST0514,2025-11-01,299,paid
PAY006047,CUST0514,2025-12-01,299,paid
PAY006048,CUST0515,2024-02-01,99,paid
PAY006049,CUST0515,2024-03-01,99,paid
PAY006050,CUST0515,2024-04-01,99,paid
PAY006051,CUST0515,2024-05-01,99,paid
PAY006052,CUST0515,2024-06-01,99,paid
PAY006053,CUST0515,2024-07-01,99,paid
PAY006054,CUST0515,2024-08-01,99,paid
PAY006055,CUST0515,2024-09-01,99,paid
PAY006056,CUST0515,2024-10-01,99,paid
PAY006057,CUST0515,2024-11-01,99,paid
PAY006058,CUST0515,2024-12-01,99,paid
PAY006059,CUST0515,2025-01-01,99,paid
PAY006060,CUST0515,2025-02-01,99,paid
PAY006061,CUST0515,2025-03-01,99,paid
PAY006062,CUST0515,2025-04-01,99,failed
PAY006063,CUST0515,2025-05-01,99,paid
PAY006064,CUST0515,2025-06-01,99,paid
PAY006065,CUST0515,2025-07-01,99,paid
PAY006066,CUST0515,2025-08-01,99,paid
PAY006067,CUST0515,2025-09-01,99,paid
PAY006068,CUST0515,2025-10-01,99,paid
PAY006069,CUST0515,2025-11-01,99,paid
PAY006070,CUST0515,2025-12-01,99,paid
PAY006071,CUST0516,2024-03-01,99,paid
PAY006072,CUST0516,2024-04-01,99,paid
PAY006073,CUST0516,2024-05-01,99,paid
PAY006074,CUST0516,2024-06-01,99,paid
PAY006075,CUST0516,2024-07-01,99,paid
PAY006076,CUST0516,2024-08-01,99,paid
PAY006077,CUST0517,2025-05-01,299,paid
PAY006078,CUST0517,2025-06-01,299,paid
PAY006079,CUST0517,2025-07-01,299,paid
PAY006080,CUST0517,2025-08-01,299,paid
PAY006081,CUST0517,2025-09-01,299,paid
PAY006082,CUST0517,2025-10-01,299,paid
PAY006083,CUST0517,2025-11-01,299,paid
PAY006084,CUST0517,2025-12-01,299,paid
PAY006085,CUST0518,2024-09-01,299,paid
PAY006086,CUST0518,2024-10-01,299,failed
PAY006087,CUST0518,2024-11-01,299,paid
PAY006088,CUST0518,2024-12-01,299,paid
PAY006089,CUST0518,2025-01-01,299,paid
PAY006090,CUST0518,2025-02-01,299,paid
PAY006091,CUST0518,2025-03-01,299,paid
PAY006092,CUST0518,2025-04-01,299,paid
PAY006093,CUST0518,2025-05-01,299,paid
PAY006094,CUST0518,2025-06-01,299,paid
PAY006095,CUST0518,2025-07-01,299,paid
PAY006096,CUST0518,2025-08-01,299,failed
PAY006097,CUST0518,2025-09-01,299,paid
PAY006098,CUST0518,2025-10-01,299,paid
PAY006099,CUST0518,2025-11-01,299,paid
PAY006100,CUST0518,2025-12-01,299,paid
PAY006101,CUST0519,2024-09-01,29,paid
PAY006102,CUST0519,2024-10-01,29,paid
PAY006103,CUST0519,2024-11-01,29,paid
PAY006104,CUST0519,2024-12-01,29,paid
PAY006105,CUST0519,2025-01-01,29,paid
PAY006106,CUST0520,2024-09-01,29,paid
PAY006107,CUST0520,2024-10-01,29,paid
PAY006108,CUST0520,2024-11-01,29,paid
PAY006109,CUST0520,2024-12-01,29,paid
PAY006110,CUST0520,2025-01-01,29,paid
PAY006111,CUST0520,2025-02-01,29,paid
PAY006112,CUST0520,2025-03-01,99,paid
PAY006113,CUST0520,2025-04-01,99,paid
PAY006114,CUST0520,2025-05-01,99,paid
PAY006115,CUST0520,2025-06-01,99,paid
PAY006116,CUST0520,2025-07-01,99,paid
PAY006117,CUST0520,2025-08-01,99,paid
PAY006118,CUST0521,2024-05-01,29,paid
PAY006119,CUST0521,2024-06-01,29,paid
PAY006120,CUST0521,2024-07-01,29,paid
PAY006121,CUST0521,2024-08-01,29,paid
PAY006122,CUST0521,2024-09-01,29,paid
PAY006123,CUST0521,2024-10-01,29,paid
PAY006124,CUST0521,2024-11-01,29,paid
PAY006125,CUST0521,2024-12-01,29,paid
PAY006126,CUST0521,2025-01-01,29,paid
PAY006127,CUST0521,2025-02-01,29,paid
PAY006128,CUST0521,2025-03-01,29,paid
PAY006129,CUST0521,2025-04-01,29,paid
PAY006130,CUST0521,2025-05-01,29,paid
PAY006131,CUST0521,2025-06-01,29,paid
PAY006132,CUST0521,2025-07-01,29,paid
PAY006133,CUST0521,2025-08-01,29,paid
PAY006134,CUST0521,2025-09-01,29,paid
PAY006135,CUST0521,2025-10-01,29,paid
PAY006136,CUST0521,2025-11-01,29,paid
PAY006137,CUST0521,2025-12-01,29,paid
PAY006138,CUST0522,2024-09-01,99,paid
PAY006139,CUST0522,2024-10-01,99,paid
PAY006140,CUST0522,2024-11-01,99,paid
PAY006141,CUST0522,2024-12-01,99,paid
PAY006142,CUST0522,2025-01-01,99,paid
PAY006143,CUST0522,2025-02-01,99,paid
PAY006144,CUST0522,2025-03-01,299,paid
PAY006145,CUST0522,2025-04-01,299,paid
PAY006146,CUST0522,2025-05-01,299,paid
PAY006147,CUST0522,2025-06-01,299,paid
PAY006148,CUST0522,2025-07-01,299,paid
PAY006149,CUST0522,2025-08-01,299,paid
PAY006150,CUST0522,2025-09-01,299,paid
PAY006151,CUST0522,2025-10-01,299,paid
PAY006152,CUST0522,2025-11-01,299,paid
PAY006153,CUST0522,2025-12-01,299,paid
PAY006154,CUST0523,2024-09-01,299,paid
PAY006155,CUST0523,2024-10-01,299,paid
PAY006156,CUST0523,2024-11-01,299,paid
PAY006157,CUST0523,2024-12-01,299,paid
PAY006158,CUST0523,2025-01-01,299,paid
PAY006159,CUST0523,2025-02-01,299,paid
PAY006160,CUST0523,2025-03-01,299,paid
PAY006161,CUST0523,2025-04-01,299,paid
PAY006162,CUST0523,2025-05-01,299,paid
PAY006163,CUST0523,2025-06-01,299,paid
PAY006164,CUST0523,2025-07-01,299,paid
PAY006165,CUST0523,2025-08-01,299,paid
PAY006166,CUST0523,2025-09-01,299,paid
PAY006167,CUST0523,2025-10-01,299,paid
PAY006168,CUST0523,2025-11-01,299,paid
PAY006169,CUST0523,2025-12-01,299,paid
PAY006170,CUST0524,2025-09-01,29,paid
PAY006171,CUST0524,2025-10-01,29,paid
PAY006172,CUST0525,2024-08-01,99,paid
PAY006173,CUST0525,2024-09-01,99,paid
PAY006174,CUST0525,2024-10-01,99,paid
PAY006175,CUST0525,2024-11-01,99,paid
PAY006176,CUST0525,2024-12-01,99,paid
PAY006177,CUST0525,2025-01-01,99,paid
PAY006178,CUST0525,2025-02-01,99,paid
PAY006179,CUST0525,2025-03-01,99,paid
PAY006180,CUST0525,2025-04-01,99,paid
PAY006181,CUST0525,2025-05-01,99,paid
PAY006182,CUST0525,2025-06-01,99,paid
PAY006183,CUST0525,2025-07-01,99,paid
PAY006184,CUST0525,2025-08-01,99,paid
PAY006185,CUST0526,2024-05-01,99,paid
PAY006186,CUST0526,2024-06-01,99,paid
PAY006187,CUST0526,2024-07-01,99,paid
PAY006188,CUST0526,2024-08-01,99,paid
PAY006189,CUST0526,2024-09-01,99,paid
PAY006190,CUST0526,2024-10-01,99,paid
PAY006191,CUST0526,2024-11-01,99,paid
PAY006192,CUST0526,2024-12-01,99,paid
PAY006193,CUST0526,2025-01-01,99,paid
PAY006194,CUST0526,2025-02-01,99,paid
PAY006195,CUST0526,2025-03-01,99,paid
PAY006196,CUST0526,2025-04-01,99,paid
PAY006197,CUST0526,2025-05-01,99,paid
PAY006198,CUST0526,2025-06-01,99,paid
PAY006199,CUST0526,2025-07-01,99,paid
PAY006200,CUST0526,2025-08-01,99,paid
PAY006201,CUST0526,2025-09-01,99,paid
PAY006202,CUST0526,2025-10-01,99,paid
PAY006203,CUST0526,2025-11-01,99,paid
PAY006204,CUST0526,2025-12-01,99,paid
PAY006205,CUST0527,2024-12-01,99,paid
PAY006206,CUST0527,2025-01-01,99,paid
PAY006207,CUST0527,2025-02-01,99,paid
PAY006208,CUST0527,2025-03-01,99,paid
PAY006209,CUST0527,2025-04-01,99,paid
PAY006210,CUST0527,2025-05-01,99,paid
PAY006211,CUST0527,2025-06-01,99,paid
PAY006212,CUST0527,2025-07-01,99,paid
PAY006213,CUST0527,2025-08-01,99,paid
PAY006214,CUST0527,2025-09-01,99,paid
PAY006215,CUST0527,2025-10-01,99,paid
PAY006216,CUST0527,2025-11-01,99,paid
PAY006217,CUST0527,2025-12-01,99,paid
PAY006218,CUST0528,2024-11-01,29,paid
PAY006219,CUST0528,2024-12-01,29,paid
PAY006220,CUST0528,2025-01-01,29,paid
PAY006221,CUST0528,2025-02-01,29,paid
PAY006222,CUST0528,2025-03-01,29,paid
PAY006223,CUST0528,2025-04-01,29,paid
PAY006224,CUST0528,2025-05-01,29,paid
PAY006225,CUST0528,2025-06-01,29,paid
PAY006226,CUST0528,2025-07-01,29,paid
PAY006227,CUST0528,2025-08-01,29,paid
PAY006228,CUST0528,2025-09-01,29,paid
PAY006229,CUST0528,2025-10-01,29,paid
PAY006230,CUST0528,2025-11-01,29,paid
PAY006231,CUST0528,2025-12-01,29,paid
PAY006232,CUST0529,2024-04-01,299,paid
PAY006233,CUST0529,2024-05-01,299,paid
PAY006234,CUST0529,2024-06-01,299,paid
PAY006235,CUST0529,2024-07-01,299,paid
PAY006236,CUST0529,2024-08-01,299,paid
PAY006237,CUST0529,2024-09-01,299,paid
PAY006238,CUST0529,2024-10-01,299,paid
PAY006239,CUST0529,2024-11-01,299,paid
PAY006240,CUST0529,2024-12-01,299,paid
PAY006241,CUST0529,2025-01-01,299,paid
PAY006242,CUST0529,2025-02-01,299,paid
PAY006243,CUST0529,2025-03-01,299,paid
PAY006244,CUST0529,2025-04-01,299,paid
PAY006245,CUST0529,2025-05-01,299,paid
PAY006246,CUST0529,2025-06-01,299,paid
PAY006247,CUST0529,2025-07-01,299,paid
PAY006248,CUST0529,2025-08-01,299,paid
PAY006249,CUST0529,2025-09-01,299,paid
PAY006250,CUST0529,2025-10-01,299,paid
PAY006251,CUST0529,2025-11-01,299,paid
PAY006252,CUST0529,2025-12-01,299,paid
PAY006253,CUST0530,2025-02-01,299,paid
PAY006254,CUST0530,2025-03-01,299,paid
PAY006255,CUST0530,2025-04-01,299,paid
PAY006256,CUST0530,2025-05-01,299,paid
PAY006257,CUST0530,2025-06-01,299,paid
PAY006258,CUST0530,2025-07-01,299,paid
PAY006259,CUST0530,2025-08-01,299,paid
PAY006260,CUST0530,2025-09-01,299,paid
PAY006261,CUST0530,2025-10-01,299,paid
PAY006262,CUST0530,2025-11-01,299,paid
PAY006263,CUST0530,2025-12-01,299,paid
PAY006264,CUST0531,2024-08-01,29,paid
PAY006265,CUST0531,2024-09-01,29,paid
PAY006266,CUST0531,2024-10-01,29,paid
PAY006267,CUST0531,2024-11-01,29,paid
PAY006268,CUST0531,2024-12-01,29,paid
PAY006269,CUST0531,2025-01-01,29,paid
PAY006270,CUST0531,2025-02-01,29,failed
PAY006271,CUST0531,2025-03-01,29,paid
PAY006272,CUST0532,2024-04-01,29,paid
PAY006273,CUST0532,2024-05-01,29,paid
PAY006274,CUST0532,2024-06-01,29,paid
PAY006275,CUST0532,2024-07-01,29,paid
PAY006276,CUST0532,2024-08-01,29,failed
PAY006277,CUST0532,2024-09-01,29,paid
PAY006278,CUST0532,2024-10-01,29,paid
PAY006279,CUST0532,2024-11-01,29,paid
PAY006280,CUST0532,2024-12-01,29,paid
PAY006281,CUST0532,2025-01-01,29,paid
PAY006282,CUST0532,2025-02-01,29,paid
PAY006283,CUST0532,2025-03-01,29,paid
PAY006284,CUST0532,2025-04-01,29,paid
PAY006285,CUST0532,2025-05-01,29,paid
PAY006286,CUST0532,2025-06-01,29,paid
PAY006287,CUST0532,2025-07-01,29,paid
PAY006288,CUST0532,2025-08-01,29,paid
PAY006289,CUST0532,2025-09-01,29,paid
PAY006290,CUST0533,2024-11-01,99,paid
PAY006291,CUST0533,2024-12-01,99,paid
PAY006292,CUST0533,2025-01-01,99,paid
PAY006293,CUST0533,2025-02-01,99,paid
PAY006294,CUST0533,2025-03-01,99,paid
PAY006295,CUST0533,2025-04-01,99,paid
PAY006296,CUST0533,2025-05-01,299,paid
PAY006297,CUST0533,2025-06-01,299,paid
PAY006298,CUST0533,2025-07-01,299,paid
PAY006299,CUST0533,2025-08-01,299,paid
PAY006300,CUST0533,2025-09-01,299,paid
PAY006301,CUST0533,2025-10-01,299,paid
PAY006302,CUST0533,2025-11-01,299,paid
PAY006303,CUST0533,2025-12-01,299,paid
PAY006304,CUST0534,2024-08-01,99,paid
PAY006305,CUST0534,2024-09-01,99,paid
PAY006306,CUST0534,2024-10-01,99,paid
PAY006307,CUST0534,2024-11-01,99,paid
PAY006308,CUST0534,2024-12-01,99,paid
PAY006309,CUST0534,2025-01-01,99,paid
PAY006310,CUST0534,2025-02-01,99,paid
PAY006311,CUST0534,2025-03-01,99,paid
PAY006312,CUST0534,2025-04-01,99,paid
PAY006313,CUST0534,2025-05-01,99,paid
PAY006314,CUST0534,2025-06-01,99,paid
PAY006315,CUST0534,2025-07-01,99,paid
PAY006316,CUST0534,2025-08-01,99,paid
PAY006317,CUST0534,2025-09-01,99,paid
PAY006318,CUST0534,2025-10-01,99,paid
PAY006319,CUST0534,2025-11-01,99,paid
PAY006320,CUST0534,2025-12-01,99,paid
PAY006321,CUST0535,2024-01-01,99,paid
PAY006322,CUST0535,2024-02-01,99,paid
PAY006323,CUST0535,2024-03-01,99,paid
PAY006324,CUST0535,2024-04-01,99,paid
PAY006325,CUST0535,2024-05-01,99,failed
PAY006326,CUST0535,2024-06-01,99,paid
PAY006327,CUST0535,2024-07-01,99,paid
PAY006328,CUST0535,2024-08-01,99,paid
PAY006329,CUST0535,2024-09-01,99,paid
PAY006330,CUST0535,2024-10-01,99,paid
PAY006331,CUST0535,2024-11-01,99,paid
PAY006332,CUST0535,2024-12-01,99,paid
PAY006333,CUST0535,2025-01-01,99,paid
PAY006334,CUST0535,2025-02-01,99,paid
PAY006335,CUST0535,2025-03-01,99,paid
PAY006336,CUST0535,2025-04-01,99,paid
PAY006337,CUST0535,2025-05-01,99,paid
PAY006338,CUST0536,2025-08-01,29,paid
PAY006339,CUST0536,2025-09-01,29,paid
PAY006340,CUST0536,2025-10-01,29,paid
PAY006341,CUST0536,2025-11-01,29,paid
PAY006342,CUST0536,2025-12-01,29,paid
PAY006343,CUST0537,2024-08-01,99,paid
PAY006344,CUST0537,2024-09-01,99,paid
PAY006345,CUST0537,2024-10-01,99,paid
PAY006346,CUST0537,2024-11-01,99,paid
PAY006347,CUST0537,2024-12-01,99,paid
PAY006348,CUST0537,2025-01-01,99,paid
PAY006349,CUST0537,2025-02-01,99,paid
PAY006350,CUST0537,2025-03-01,99,paid
PAY006351,CUST0537,2025-04-01,99,paid
PAY006352,CUST0537,2025-05-01,99,paid
PAY006353,CUST0537,2025-06-01,99,paid
PAY006354,CUST0537,2025-07-01,99,paid
PAY006355,CUST0537,2025-08-01,99,paid
PAY006356,CUST0537,2025-09-01,99,paid
PAY006357,CUST0537,2025-10-01,99,paid
PAY006358,CUST0537,2025-11-01,99,paid
PAY006359,CUST0537,2025-12-01,99,paid
PAY006360,CUST0538,2024-08-01,29,paid
PAY006361,CUST0538,2024-09-01,29,paid
PAY006362,CUST0538,2024-10-01,29,paid
PAY006363,CUST0538,2024-11-01,29,paid
PAY006364,CUST0538,2024-12-01,29,paid
PAY006365,CUST0538,2025-01-01,29,paid
PAY006366,CUST0538,2025-02-01,99,paid
PAY006367,CUST0538,2025-03-01,99,paid
PAY006368,CUST0538,2025-04-01,99,paid
PAY006369,CUST0538,2025-05-01,99,paid
PAY006370,CUST0538,2025-06-01,99,paid
PAY006371,CUST0538,2025-07-01,99,paid
PAY006372,CUST0538,2025-08-01,99,paid
PAY006373,CUST0538,2025-09-01,99,paid
PAY006374,CUST0538,2025-10-01,99,paid
PAY006375,CUST0538,2025-11-01,99,paid
PAY006376,CUST0538,2025-12-01,99,paid
PAY006377,CUST0539,2024-09-01,29,paid
PAY006378,CUST0539,2024-10-01,29,paid
PAY006379,CUST0539,2024-11-01,29,paid
PAY006380,CUST0539,2024-12-01,29,paid
PAY006381,CUST0539,2025-01-01,29,paid
PAY006382,CUST0539,2025-02-01,29,paid
PAY006383,CUST0539,2025-03-01,29,paid
PAY006384,CUST0539,2025-04-01,29,paid
PAY006385,CUST0539,2025-05-01,29,paid
PAY006386,CUST0539,2025-06-01,29,failed
PAY006387,CUST0539,2025-07-01,29,paid
PAY006388,CUST0539,2025-08-01,29,paid
PAY006389,CUST0539,2025-09-01,29,paid
PAY006390,CUST0539,2025-10-01,29,paid
PAY006391,CUST0539,2025-11-01,29,paid
PAY006392,CUST0539,2025-12-01,29,paid
PAY006393,CUST0540,2025-01-01,99,paid
PAY006394,CUST0540,2025-02-01,99,paid
PAY006395,CUST0540,2025-03-01,99,paid
PAY006396,CUST0540,2025-04-01,99,paid
PAY006397,CUST0540,2025-05-01,99,paid
PAY006398,CUST0540,2025-06-01,99,paid
PAY006399,CUST0540,2025-07-01,299,paid
PAY006400,CUST0540,2025-08-01,299,paid
PAY006401,CUST0540,2025-09-01,299,paid
PAY006402,CUST0540,2025-10-01,299,paid
PAY006403,CUST0540,2025-11-01,299,paid
PAY006404,CUST0540,2025-12-01,299,paid
PAY006405,CUST0541,2025-02-01,29,paid
PAY006406,CUST0541,2025-03-01,29,paid
PAY006407,CUST0541,2025-04-01,29,paid
PAY006408,CUST0541,2025-05-01,29,paid
PAY006409,CUST0541,2025-06-01,29,paid
PAY006410,CUST0541,2025-07-01,29,paid
PAY006411,CUST0541,2025-08-01,29,paid
PAY006412,CUST0541,2025-09-01,29,paid
PAY006413,CUST0541,2025-10-01,29,paid
PAY006414,CUST0541,2025-11-01,29,paid
PAY006415,CUST0541,2025-12-01,29,paid
PAY006416,CUST0542,2024-12-01,99,paid
PAY006417,CUST0542,2025-01-01,99,paid
PAY006418,CUST0542,2025-02-01,99,paid
PAY006419,CUST0542,2025-03-01,99,paid
PAY006420,CUST0542,2025-04-01,99,paid
PAY006421,CUST0542,2025-05-01,99,paid
PAY006422,CUST0542,2025-06-01,99,paid
PAY006423,CUST0542,2025-07-01,99,failed
PAY006424,CUST0542,2025-08-01,99,paid
PAY006425,CUST0542,2025-09-01,99,paid
PAY006426,CUST0542,2025-10-01,99,paid
PAY006427,CUST0543,2024-01-01,29,paid
PAY006428,CUST0543,2024-02-01,29,paid
PAY006429,CUST0543,2024-03-01,29,paid
PAY006430,CUST0543,2024-04-01,29,paid
PAY006431,CUST0543,2024-05-01,29,paid
PAY006432,CUST0543,2024-06-01,29,paid
PAY006433,CUST0543,2024-07-01,29,paid
PAY006434,CUST0543,2024-08-01,29,paid
PAY006435,CUST0543,2024-09-01,29,paid
PAY006436,CUST0543,2024-10-01,29,paid
PAY006437,CUST0543,2024-11-01,29,paid
PAY006438,CUST0543,2024-12-01,29,failed
PAY006439,CUST0543,2025-01-01,29,paid
PAY006440,CUST0543,2025-02-01,29,paid
PAY006441,CUST0543,2025-03-01,29,failed
PAY006442,CUST0543,2025-04-01,29,paid
PAY006443,CUST0543,2025-05-01,29,paid
PAY006444,CUST0543,2025-06-01,29,paid
PAY006445,CUST0543,2025-07-01,29,paid
PAY006446,CUST0543,2025-08-01,29,paid
PAY006447,CUST0543,2025-09-01,29,paid
PAY006448,CUST0543,2025-10-01,29,paid
PAY006449,CUST0543,2025-11-01,29,paid
PAY006450,CUST0543,2025-12-01,29,paid
PAY006451,CUST0544,2024-04-01,29,paid
PAY006452,CUST0544,2024-05-01,29,paid
PAY006453,CUST0544,2024-06-01,29,paid
PAY006454,CUST0544,2024-07-01,29,paid
PAY006455,CUST0544,2024-08-01,29,paid
PAY006456,CUST0544,2024-09-01,29,paid
PAY006457,CUST0544,2024-10-01,29,paid
PAY006458,CUST0544,2024-11-01,29,paid
PAY006459,CUST0544,2024-12-01,29,paid
PAY006460,CUST0544,2025-01-01,29,paid
PAY006461,CUST0545,2025-02-01,29,paid
PAY006462,CUST0545,2025-03-01,29,paid
PAY006463,CUST0545,2025-04-01,29,paid
PAY006464,CUST0545,2025-05-01,29,paid
PAY006465,CUST0545,2025-06-01,29,paid
PAY006466,CUST0545,2025-07-01,29,paid
PAY006467,CUST0545,2025-08-01,29,paid
PAY006468,CUST0545,2025-09-01,29,paid
PAY006469,CUST0545,2025-10-01,29,paid
PAY006470,CUST0545,2025-11-01,29,paid
PAY006471,CUST0545,2025-12-01,29,paid
PAY006472,CUST0546,2024-10-01,29,paid
PAY006473,CUST0546,2024-11-01,29,paid
PAY006474,CUST0546,2024-12-01,29,paid
PAY006475,CUST0546,2025-01-01,29,paid
PAY006476,CUST0546,2025-02-01,29,paid
PAY006477,CUST0546,2025-03-01,29,paid
PAY006478,CUST0546,2025-04-01,29,paid
PAY006479,CUST0546,2025-05-01,29,paid
PAY006480,CUST0546,2025-06-01,29,paid
PAY006481,CUST0546,2025-07-01,29,paid
PAY006482,CUST0546,2025-08-01,29,paid
PAY006483,CUST0546,2025-09-01,29,paid
PAY006484,CUST0547,2024-09-01,299,paid
PAY006485,CUST0547,2024-10-01,299,paid
PAY006486,CUST0547,2024-11-01,299,paid
PAY006487,CUST0547,2024-12-01,299,paid
PAY006488,CUST0547,2025-01-01,299,paid
PAY006489,CUST0547,2025-02-01,299,paid
PAY006490,CUST0547,2025-03-01,299,paid
PAY006491,CUST0547,2025-04-01,299,paid
PAY006492,CUST0547,2025-05-01,299,paid
PAY006493,CUST0547,2025-06-01,299,paid
PAY006494,CUST0547,2025-07-01,299,paid
PAY006495,CUST0547,2025-08-01,299,paid
PAY006496,CUST0547,2025-09-01,299,paid
PAY006497,CUST0547,2025-10-01,299,paid
PAY006498,CUST0547,2025-11-01,299,paid
PAY006499,CUST0547,2025-12-01,299,paid
PAY006500,CUST0548,2025-01-01,29,paid
PAY006501,CUST0548,2025-02-01,29,paid
PAY006502,CUST0548,2025-03-01,29,paid
PAY006503,CUST0548,2025-04-01,29,paid
PAY006504,CUST0548,2025-05-01,29,paid
PAY006505,CUST0548,2025-06-01,29,paid
PAY006506,CUST0548,2025-07-01,29,paid
PAY006507,CUST0548,2025-08-01,29,paid
PAY006508,CUST0548,2025-09-01,29,paid
PAY006509,CUST0548,2025-10-01,29,paid
PAY006510,CUST0548,2025-11-01,29,paid
PAY006511,CUST0548,2025-12-01,29,paid
PAY006512,CUST0549,2024-11-01,99,paid
PAY006513,CUST0549,2024-12-01,99,paid
PAY006514,CUST0549,2025-01-01,99,paid
PAY006515,CUST0549,2025-02-01,99,paid
PAY006516,CUST0549,2025-03-01,99,paid
PAY006517,CUST0549,2025-04-01,99,paid
PAY006518,CUST0549,2025-05-01,99,paid
PAY006519,CUST0549,2025-06-01,99,paid
PAY006520,CUST0549,2025-07-01,99,paid
PAY006521,CUST0549,2025-08-01,99,paid
PAY006522,CUST0549,2025-09-01,99,paid
PAY006523,CUST0549,2025-10-01,99,paid
PAY006524,CUST0549,2025-11-01,99,paid
PAY006525,CUST0549,2025-12-01,99,paid
PAY006526,CUST0550,2025-03-01,299,paid
PAY006527,CUST0550,2025-04-01,299,paid
PAY006528,CUST0550,2025-05-01,299,paid
PAY006529,CUST0550,2025-06-01,299,paid
PAY006530,CUST0550,2025-07-01,299,paid
PAY006531,CUST0550,2025-08-01,299,paid
PAY006532,CUST0550,2025-09-01,299,paid
PAY006533,CUST0550,2025-10-01,299,paid
PAY006534,CUST0550,2025-11-01,299,paid
PAY006535,CUST0550,2025-12-01,299,paid
PAY006536,CUST0551,2024-10-01,99,paid
PAY006537,CUST0551,2024-11-01,99,paid
PAY006538,CUST0551,2024-12-01,99,paid
PAY006539,CUST0551,2025-01-01,99,paid
PAY006540,CUST0551,2025-02-01,99,paid
PAY006541,CUST0551,2025-03-01,99,paid
PAY006542,CUST0551,2025-04-01,299,paid
PAY006543,CUST0551,2025-05-01,299,paid
PAY006544,CUST0551,2025-06-01,299,paid
PAY006545,CUST0551,2025-07-01,299,paid
PAY006546,CUST0551,2025-08-01,299,paid
PAY006547,CUST0551,2025-09-01,299,paid
PAY006548,CUST0551,2025-10-01,299,paid
PAY006549,CUST0551,2025-11-01,299,paid
PAY006550,CUST0551,2025-12-01,299,paid
PAY006551,CUST0552,2024-09-01,29,paid
PAY006552,CUST0552,2024-10-01,29,paid
PAY006553,CUST0552,2024-11-01,29,paid
PAY006554,CUST0552,2024-12-01,29,paid
PAY006555,CUST0552,2025-01-01,29,paid
PAY006556,CUST0552,2025-02-01,29,paid
PAY006557,CUST0552,2025-03-01,99,paid
PAY006558,CUST0552,2025-04-01,99,paid
PAY006559,CUST0552,2025-05-01,99,paid
PAY006560,CUST0552,2025-06-01,99,paid
PAY006561,CUST0552,2025-07-01,99,paid
PAY006562,CUST0552,2025-08-01,99,paid
PAY006563,CUST0552,2025-09-01,99,paid
PAY006564,CUST0552,2025-10-01,99,paid
PAY006565,CUST0552,2025-11-01,99,paid
PAY006566,CUST0552,2025-12-01,99,paid
PAY006567,CUST0553,2024-09-01,99,paid
PAY006568,CUST0553,2024-10-01,99,paid
PAY006569,CUST0553,2024-11-01,99,paid
PAY006570,CUST0553,2024-12-01,99,paid
PAY006571,CUST0553,2025-01-01,99,paid
PAY006572,CUST0553,2025-02-01,99,paid
PAY006573,CUST0553,2025-03-01,99,paid
PAY006574,CUST0553,2025-04-01,99,failed
PAY006575,CUST0553,2025-05-01,99,paid
PAY006576,CUST0553,2025-06-01,99,paid
PAY006577,CUST0553,2025-07-01,99,paid
PAY006578,CUST0553,2025-08-01,99,paid
PAY006579,CUST0553,2025-09-01,99,paid
PAY006580,CUST0553,2025-10-01,99,paid
PAY006581,CUST0553,2025-11-01,99,paid
PAY006582,CUST0553,2025-12-01,99,paid
PAY006583,CUST0554,2024-12-01,29,paid
PAY006584,CUST0554,2025-01-01,29,paid
PAY006585,CUST0554,2025-02-01,29,paid
PAY006586,CUST0554,2025-03-01,29,paid
PAY006587,CUST0554,2025-04-01,29,paid
PAY006588,CUST0554,2025-05-01,29,paid
PAY006589,CUST0554,2025-06-01,29,paid
PAY006590,CUST0554,2025-07-01,29,paid
PAY006591,CUST0554,2025-08-01,29,paid
PAY006592,CUST0555,2025-03-01,99,paid
PAY006593,CUST0555,2025-04-01,99,paid
PAY006594,CUST0555,2025-05-01,99,paid
PAY006595,CUST0555,2025-06-01,99,paid
PAY006596,CUST0555,2025-07-01,99,paid
PAY006597,CUST0555,2025-08-01,99,paid
PAY006598,CUST0555,2025-09-01,99,paid
PAY006599,CUST0555,2025-10-01,99,paid
PAY006600,CUST0555,2025-11-01,99,paid
PAY006601,CUST0555,2025-12-01,99,paid
PAY006602,CUST0556,2024-09-01,29,paid
PAY006603,CUST0556,2024-10-01,29,paid
PAY006604,CUST0556,2024-11-01,29,paid
PAY006605,CUST0556,2024-12-01,29,paid
PAY006606,CUST0556,2025-01-01,29,paid
PAY006607,CUST0556,2025-02-01,29,paid
PAY006608,CUST0556,2025-03-01,29,paid
PAY006609,CUST0556,2025-04-01,29,paid
PAY006610,CUST0556,2025-05-01,29,paid
PAY006611,CUST0556,2025-06-01,29,paid
PAY006612,CUST0556,2025-07-01,29,paid
PAY006613,CUST0556,2025-08-01,29,paid
PAY006614,CUST0556,2025-09-01,29,paid
PAY006615,CUST0556,2025-10-01,29,paid
PAY006616,CUST0556,2025-11-01,29,paid
PAY006617,CUST0556,2025-12-01,29,paid
PAY006618,CUST0557,2025-06-01,299,paid
PAY006619,CUST0557,2025-07-01,299,paid
PAY006620,CUST0557,2025-08-01,299,paid
PAY006621,CUST0557,2025-09-01,299,paid
PAY006622,CUST0557,2025-10-01,299,paid
PAY006623,CUST0557,2025-11-01,299,paid
PAY006624,CUST0557,2025-12-01,299,failed
PAY006625,CUST0558,2024-08-01,99,paid
PAY006626,CUST0558,2024-09-01,99,paid
PAY006627,CUST0558,2024-10-01,99,paid
PAY006628,CUST0558,2024-11-01,99,paid
PAY006629,CUST0558,2024-12-01,99,paid
PAY006630,CUST0558,2025-01-01,99,paid
PAY006631,CUST0558,2025-02-01,99,paid
PAY006632,CUST0558,2025-03-01,99,paid
PAY006633,CUST0558,2025-04-01,99,paid
PAY006634,CUST0558,2025-05-01,99,paid
PAY006635,CUST0558,2025-06-01,99,paid
PAY006636,CUST0558,2025-07-01,99,paid
PAY006637,CUST0558,2025-08-01,99,paid
PAY006638,CUST0558,2025-09-01,99,paid
PAY006639,CUST0558,2025-10-01,99,paid
PAY006640,CUST0558,2025-11-01,99,paid
PAY006641,CUST0558,2025-12-01,99,paid
PAY006642,CUST0559,2025-08-01,99,paid
PAY006643,CUST0559,2025-09-01,99,paid
PAY006644,CUST0559,2025-10-01,99,paid
PAY006645,CUST0559,2025-11-01,99,paid
PAY006646,CUST0559,2025-12-01,99,paid
PAY006647,CUST0560,2024-04-01,99,paid
PAY006648,CUST0560,2024-05-01,99,paid
PAY006649,CUST0560,2024-06-01,99,paid
PAY006650,CUST0560,2024-07-01,99,paid
PAY006651,CUST0560,2024-08-01,99,paid
PAY006652,CUST0560,2024-09-01,99,paid
PAY006653,CUST0560,2024-10-01,299,paid
PAY006654,CUST0560,2024-11-01,299,paid
PAY006655,CUST0560,2024-12-01,299,paid
PAY006656,CUST0560,2025-01-01,299,paid
PAY006657,CUST0560,2025-02-01,299,paid
PAY006658,CUST0560,2025-03-01,299,paid
PAY006659,CUST0560,2025-04-01,299,paid
PAY006660,CUST0560,2025-05-01,299,paid
PAY006661,CUST0560,2025-06-01,299,paid
PAY006662,CUST0560,2025-07-01,299,paid
PAY006663,CUST0560,2025-08-01,299,paid
PAY006664,CUST0560,2025-09-01,299,paid
PAY006665,CUST0560,2025-10-01,299,paid
PAY006666,CUST0560,2025-11-01,299,paid
PAY006667,CUST0560,2025-12-01,299,paid
PAY006668,CUST0561,2024-07-01,299,paid
PAY006669,CUST0561,2024-08-01,299,paid
PAY006670,CUST0561,2024-09-01,299,paid
PAY006671,CUST0561,2024-10-01,299,paid
PAY006672,CUST0561,2024-11-01,299,paid
PAY006673,CUST0561,2024-12-01,299,paid
PAY006674,CUST0561,2025-01-01,299,paid
PAY006675,CUST0561,2025-02-01,299,paid
PAY006676,CUST0561,2025-03-01,299,paid
PAY006677,CUST0561,2025-04-01,299,paid
PAY006678,CUST0561,2025-05-01,299,paid
PAY006679,CUST0561,2025-06-01,299,paid
PAY006680,CUST0561,2025-07-01,299,paid
PAY006681,CUST0561,2025-08-01,299,paid
PAY006682,CUST0561,2025-09-01,299,paid
PAY006683,CUST0561,2025-10-01,299,paid
PAY006684,CUST0561,2025-11-01,299,paid
PAY006685,CUST0561,2025-12-01,299,paid
PAY006686,CUST0562,2024-02-01,29,paid
PAY006687,CUST0562,2024-03-01,29,paid
PAY006688,CUST0562,2024-04-01,29,paid
PAY006689,CUST0562,2024-05-01,29,paid
PAY006690,CUST0562,2024-06-01,29,paid
PAY006691,CUST0562,2024-07-01,29,paid
PAY006692,CUST0562,2024-08-01,29,paid
PAY006693,CUST0562,2024-09-01,29,paid
PAY006694,CUST0562,2024-10-01,29,paid
PAY006695,CUST0562,2024-11-01,29,paid
PAY006696,CUST0562,2024-12-01,29,paid
PAY006697,CUST0562,2025-01-01,29,paid
PAY006698,CUST0562,2025-02-01,29,failed
PAY006699,CUST0562,2025-03-01,29,paid
PAY006700,CUST0562,2025-04-01,29,paid
PAY006701,CUST0562,2025-05-01,29,paid
PAY006702,CUST0562,2025-06-01,29,paid
PAY006703,CUST0562,2025-07-01,29,paid
PAY006704,CUST0562,2025-08-01,29,failed
PAY006705,CUST0562,2025-09-01,29,paid
PAY006706,CUST0562,2025-10-01,29,paid
PAY006707,CUST0562,2025-11-01,29,paid
PAY006708,CUST0562,2025-12-01,29,paid
PAY006709,CUST0563,2024-03-01,99,paid
PAY006710,CUST0563,2024-04-01,99,paid
PAY006711,CUST0563,2024-05-01,99,paid
PAY006712,CUST0563,2024-06-01,99,paid
PAY006713,CUST0563,2024-07-01,99,paid
PAY006714,CUST0563,2024-08-01,99,paid
PAY006715,CUST0563,2024-09-01,299,paid
PAY006716,CUST0563,2024-10-01,299,paid
PAY006717,CUST0563,2024-11-01,299,paid
PAY006718,CUST0563,2024-12-01,299,paid
PAY006719,CUST0563,2025-01-01,299,paid
PAY006720,CUST0563,2025-02-01,299,paid
PAY006721,CUST0563,2025-03-01,299,paid
PAY006722,CUST0563,2025-04-01,299,paid
PAY006723,CUST0563,2025-05-01,299,paid
PAY006724,CUST0563,2025-06-01,299,paid
PAY006725,CUST0563,2025-07-01,299,paid
PAY006726,CUST0563,2025-08-01,299,paid
PAY006727,CUST0563,2025-09-01,299,paid
PAY006728,CUST0563,2025-10-01,299,paid
PAY006729,CUST0563,2025-11-01,299,paid
PAY006730,CUST0563,2025-12-01,299,paid
PAY006731,CUST0564,2025-01-01,29,paid
PAY006732,CUST0564,2025-02-01,29,paid
PAY006733,CUST0564,2025-03-01,29,paid
PAY006734,CUST0564,2025-04-01,29,paid
PAY006735,CUST0564,2025-05-01,29,paid
PAY006736,CUST0564,2025-06-01,29,paid
PAY006737,CUST0564,2025-07-01,29,paid
PAY006738,CUST0564,2025-08-01,29,paid
PAY006739,CUST0564,2025-09-01,29,paid
PAY006740,CUST0564,2025-10-01,29,paid
PAY006741,CUST0564,2025-11-01,29,paid
PAY006742,CUST0564,2025-12-01,29,paid
PAY006743,CUST0565,2024-10-01,29,paid
PAY006744,CUST0565,2024-11-01,29,paid
PAY006745,CUST0565,2024-12-01,29,paid
PAY006746,CUST0565,2025-01-01,29,paid
PAY006747,CUST0565,2025-02-01,29,paid
PAY006748,CUST0565,2025-03-01,29,paid
PAY006749,CUST0565,2025-04-01,29,paid
PAY006750,CUST0565,2025-05-01,29,paid
PAY006751,CUST0565,2025-06-01,29,paid
PAY006752,CUST0565,2025-07-01,29,paid
PAY006753,CUST0565,2025-08-01,29,paid
PAY006754,CUST0565,2025-09-01,29,paid
PAY006755,CUST0565,2025-10-01,29,paid
PAY006756,CUST0565,2025-11-01,29,paid
PAY006757,CUST0565,2025-12-01,29,paid
PAY006758,CUST0566,2025-02-01,29,paid
PAY006759,CUST0566,2025-03-01,29,paid
PAY006760,CUST0566,2025-04-01,29,paid
PAY006761,CUST0566,2025-05-01,29,paid
PAY006762,CUST0566,2025-06-01,29,paid
PAY006763,CUST0566,2025-07-01,29,paid
PAY006764,CUST0566,2025-08-01,29,paid
PAY006765,CUST0566,2025-09-01,29,paid
PAY006766,CUST0567,2024-08-01,29,paid
PAY006767,CUST0567,2024-09-01,29,paid
PAY006768,CUST0567,2024-10-01,29,paid
PAY006769,CUST0567,2024-11-01,29,paid
PAY006770,CUST0567,2024-12-01,29,paid
PAY006771,CUST0567,2025-01-01,29,paid
PAY006772,CUST0567,2025-02-01,29,paid
PAY006773,CUST0567,2025-03-01,29,paid
PAY006774,CUST0567,2025-04-01,29,paid
PAY006775,CUST0567,2025-05-01,29,paid
PAY006776,CUST0567,2025-06-01,29,failed
PAY006777,CUST0567,2025-07-01,29,paid
PAY006778,CUST0567,2025-08-01,29,paid
PAY006779,CUST0567,2025-09-01,29,paid
PAY006780,CUST0567,2025-10-01,29,paid
PAY006781,CUST0567,2025-11-01,29,failed
PAY006782,CUST0567,2025-12-01,29,paid
PAY006783,CUST0568,2024-03-01,29,paid
PAY006784,CUST0568,2024-04-01,29,paid
PAY006785,CUST0568,2024-05-01,29,paid
PAY006786,CUST0568,2024-06-01,29,paid
PAY006787,CUST0568,2024-07-01,29,paid
PAY006788,CUST0568,2024-08-01,29,paid
PAY006789,CUST0568,2024-09-01,29,paid
PAY006790,CUST0568,2024-10-01,29,paid
PAY006791,CUST0568,2024-11-01,29,paid
PAY006792,CUST0568,2024-12-01,29,paid
PAY006793,CUST0568,2025-01-01,29,paid
PAY006794,CUST0568,2025-02-01,29,paid
PAY006795,CUST0568,2025-03-01,29,paid
PAY006796,CUST0568,2025-04-01,29,paid
PAY006797,CUST0568,2025-05-01,29,paid
PAY006798,CUST0568,2025-06-01,29,paid
PAY006799,CUST0568,2025-07-01,29,paid
PAY006800,CUST0568,2025-08-01,29,paid
PAY006801,CUST0568,2025-09-01,29,paid
PAY006802,CUST0568,2025-10-01,29,paid
PAY006803,CUST0568,2025-11-01,29,paid
PAY006804,CUST0568,2025-12-01,29,paid
PAY006805,CUST0569,2024-08-01,29,paid
PAY006806,CUST0569,2024-09-01,29,paid
PAY006807,CUST0570,2025-05-01,99,paid
PAY006808,CUST0570,2025-06-01,99,paid
PAY006809,CUST0570,2025-07-01,99,paid
PAY006810,CUST0571,2024-06-01,99,paid
PAY006811,CUST0571,2024-07-01,99,paid
PAY006812,CUST0571,2024-08-01,99,paid
PAY006813,CUST0571,2024-09-01,99,paid
PAY006814,CUST0571,2024-10-01,99,paid
PAY006815,CUST0571,2024-11-01,99,paid
PAY006816,CUST0571,2024-12-01,99,paid
PAY006817,CUST0571,2025-01-01,99,paid
PAY006818,CUST0571,2025-02-01,99,paid
PAY006819,CUST0571,2025-03-01,99,paid
PAY006820,CUST0571,2025-04-01,99,paid
PAY006821,CUST0572,2024-10-01,29,paid
PAY006822,CUST0572,2024-11-01,29,paid
PAY006823,CUST0572,2024-12-01,29,paid
PAY006824,CUST0572,2025-01-01,29,paid
PAY006825,CUST0572,2025-02-01,29,paid
PAY006826,CUST0572,2025-03-01,29,paid
PAY006827,CUST0572,2025-04-01,29,paid
PAY006828,CUST0572,2025-05-01,29,paid
PAY006829,CUST0572,2025-06-01,29,failed
PAY006830,CUST0572,2025-07-01,29,paid
PAY006831,CUST0572,2025-08-01,29,paid
PAY006832,CUST0572,2025-09-01,29,paid
PAY006833,CUST0572,2025-10-01,29,paid
PAY006834,CUST0572,2025-11-01,29,paid
PAY006835,CUST0572,2025-12-01,29,paid
PAY006836,CUST0573,2024-12-01,99,paid
PAY006837,CUST0573,2025-01-01,99,paid
PAY006838,CUST0573,2025-02-01,99,paid
PAY006839,CUST0573,2025-03-01,99,paid
PAY006840,CUST0573,2025-04-01,99,paid
PAY006841,CUST0573,2025-05-01,99,paid
PAY006842,CUST0573,2025-06-01,299,paid
PAY006843,CUST0574,2024-06-01,99,paid
PAY006844,CUST0574,2024-07-01,99,paid
PAY006845,CUST0574,2024-08-01,99,paid
PAY006846,CUST0574,2024-09-01,99,paid
PAY006847,CUST0574,2024-10-01,99,paid
PAY006848,CUST0574,2024-11-01,99,paid
PAY006849,CUST0574,2024-12-01,99,paid
PAY006850,CUST0574,2025-01-01,99,paid
PAY006851,CUST0574,2025-02-01,99,paid
PAY006852,CUST0574,2025-03-01,99,paid
PAY006853,CUST0574,2025-04-01,99,paid
PAY006854,CUST0574,2025-05-01,99,paid
PAY006855,CUST0574,2025-06-01,99,paid
PAY006856,CUST0574,2025-07-01,99,paid
PAY006857,CUST0574,2025-08-01,99,failed
PAY006858,CUST0574,2025-09-01,99,paid
PAY006859,CUST0574,2025-10-01,99,paid
PAY006860,CUST0574,2025-11-01,99,paid
PAY006861,CUST0574,2025-12-01,99,paid
PAY006862,CUST0575,2025-03-01,29,paid
PAY006863,CUST0575,2025-04-01,29,paid
PAY006864,CUST0575,2025-05-01,29,paid
PAY006865,CUST0576,2024-08-01,29,paid
PAY006866,CUST0576,2024-09-01,29,paid
PAY006867,CUST0576,2024-10-01,29,paid
PAY006868,CUST0576,2024-11-01,29,paid
PAY006869,CUST0576,2024-12-01,29,paid
PAY006870,CUST0576,2025-01-01,29,paid
PAY006871,CUST0576,2025-02-01,29,paid
PAY006872,CUST0576,2025-03-01,29,paid
PAY006873,CUST0576,2025-04-01,29,paid
PAY006874,CUST0576,2025-05-01,29,paid
PAY006875,CUST0576,2025-06-01,29,paid
PAY006876,CUST0576,2025-07-01,29,paid
PAY006877,CUST0576,2025-08-01,29,paid
PAY006878,CUST0576,2025-09-01,29,paid
PAY006879,CUST0576,2025-10-01,29,paid
PAY006880,CUST0576,2025-11-01,29,paid
PAY006881,CUST0576,2025-12-01,29,paid
PAY006882,CUST0577,2025-03-01,29,paid
PAY006883,CUST0577,2025-04-01,29,paid
PAY006884,CUST0577,2025-05-01,29,paid
PAY006885,CUST0577,2025-06-01,29,paid
PAY006886,CUST0577,2025-07-01,29,paid
PAY006887,CUST0577,2025-08-01,29,paid
PAY006888,CUST0577,2025-09-01,29,paid
PAY006889,CUST0577,2025-10-01,29,paid
PAY006890,CUST0577,2025-11-01,29,paid
PAY006891,CUST0577,2025-12-01,29,paid
PAY006892,CUST0578,2025-03-01,29,paid
PAY006893,CUST0578,2025-04-01,29,paid
PAY006894,CUST0578,2025-05-01,29,paid
PAY006895,CUST0578,2025-06-01,29,paid
PAY006896,CUST0578,2025-07-01,29,paid
PAY006897,CUST0578,2025-08-01,29,paid
PAY006898,CUST0578,2025-09-01,29,paid
PAY006899,CUST0578,2025-10-01,29,paid
PAY006900,CUST0578,2025-11-01,29,paid
PAY006901,CUST0578,2025-12-01,29,paid
PAY006902,CUST0579,2024-05-01,29,paid
PAY006903,CUST0579,2024-06-01,29,paid
PAY006904,CUST0579,2024-07-01,29,paid
PAY006905,CUST0579,2024-08-01,29,paid
PAY006906,CUST0579,2024-09-01,29,paid
PAY006907,CUST0579,2024-10-01,29,paid
PAY006908,CUST0579,2024-11-01,29,paid
PAY006909,CUST0579,2024-12-01,29,paid
PAY006910,CUST0579,2025-01-01,29,paid
PAY006911,CUST0579,2025-02-01,29,paid
PAY006912,CUST0579,2025-03-01,29,paid
PAY006913,CUST0579,2025-04-01,29,paid
PAY006914,CUST0579,2025-05-01,29,paid
PAY006915,CUST0579,2025-06-01,29,paid
PAY006916,CUST0579,2025-07-01,29,paid
PAY006917,CUST0579,2025-08-01,29,paid
PAY006918,CUST0579,2025-09-01,29,paid
PAY006919,CUST0579,2025-10-01,29,paid
PAY006920,CUST0579,2025-11-01,29,paid
PAY006921,CUST0579,2025-12-01,29,paid
PAY006922,CUST0580,2025-01-01,99,paid
PAY006923,CUST0580,2025-02-01,99,paid
PAY006924,CUST0580,2025-03-01,99,paid
PAY006925,CUST0581,2024-03-01,29,paid
PAY006926,CUST0581,2024-04-01,29,paid
PAY006927,CUST0581,2024-05-01,29,paid
PAY006928,CUST0581,2024-06-01,29,paid
PAY006929,CUST0581,2024-07-01,29,paid
PAY006930,CUST0581,2024-08-01,29,paid
PAY006931,CUST0581,2024-09-01,29,paid
PAY006932,CUST0581,2024-10-01,29,paid
PAY006933,CUST0581,2024-11-01,29,paid
PAY006934,CUST0581,2024-12-01,29,paid
PAY006935,CUST0581,2025-01-01,29,paid
PAY006936,CUST0581,2025-02-01,29,paid
PAY006937,CUST0581,2025-03-01,29,paid
PAY006938,CUST0581,2025-04-01,29,paid
PAY006939,CUST0581,2025-05-01,29,paid
PAY006940,CUST0581,2025-06-01,29,paid
PAY006941,CUST0581,2025-07-01,29,paid
PAY006942,CUST0581,2025-08-01,29,paid
PAY006943,CUST0581,2025-09-01,29,paid
PAY006944,CUST0581,2025-10-01,29,paid
PAY006945,CUST0581,2025-11-01,29,paid
PAY006946,CUST0581,2025-12-01,29,paid
PAY006947,CUST0582,2024-04-01,29,paid
PAY006948,CUST0582,2024-05-01,29,paid
PAY006949,CUST0582,2024-06-01,29,paid
PAY006950,CUST0582,2024-07-01,29,paid
PAY006951,CUST0582,2024-08-01,29,paid
PAY006952,CUST0582,2024-09-01,29,paid
PAY006953,CUST0582,2024-10-01,29,paid
PAY006954,CUST0582,2024-11-01,29,paid
PAY006955,CUST0582,2024-12-01,29,paid
PAY006956,CUST0582,2025-01-01,29,paid
PAY006957,CUST0582,2025-02-01,29,paid
PAY006958,CUST0582,2025-03-01,29,paid
PAY006959,CUST0582,2025-04-01,29,paid
PAY006960,CUST0582,2025-05-01,29,paid
PAY006961,CUST0582,2025-06-01,29,paid
PAY006962,CUST0582,2025-07-01,29,paid
PAY006963,CUST0582,2025-08-01,29,paid
PAY006964,CUST0582,2025-09-01,29,failed
PAY006965,CUST0582,2025-10-01,29,paid
PAY006966,CUST0582,2025-11-01,29,paid
PAY006967,CUST0582,2025-12-01,29,paid
PAY006968,CUST0583,2024-10-01,99,paid
PAY006969,CUST0583,2024-11-01,99,paid
PAY006970,CUST0583,2024-12-01,99,paid
PAY006971,CUST0583,2025-01-01,99,paid
PAY006972,CUST0583,2025-02-01,99,paid
PAY006973,CUST0583,2025-03-01,99,paid
PAY006974,CUST0583,2025-04-01,299,paid
PAY006975,CUST0583,2025-05-01,299,paid
PAY006976,CUST0583,2025-06-01,299,paid
PAY006977,CUST0583,2025-07-01,299,paid
PAY006978,CUST0583,2025-08-01,299,paid
PAY006979,CUST0583,2025-09-01,299,paid
PAY006980,CUST0583,2025-10-01,299,paid
PAY006981,CUST0583,2025-11-01,299,paid
PAY006982,CUST0583,2025-12-01,299,failed
PAY006983,CUST0584,2025-06-01,99,paid
PAY006984,CUST0584,2025-07-01,99,paid
PAY006985,CUST0584,2025-08-01,99,paid
PAY006986,CUST0584,2025-09-01,99,paid
PAY006987,CUST0584,2025-10-01,99,paid
PAY006988,CUST0584,2025-11-01,99,paid
PAY006989,CUST0584,2025-12-01,99,paid
PAY006990,CUST0585,2024-12-01,99,paid
PAY006991,CUST0585,2025-01-01,99,paid
PAY006992,CUST0585,2025-02-01,99,paid
PAY006993,CUST0585,2025-03-01,99,paid
PAY006994,CUST0585,2025-04-01,99,paid
PAY006995,CUST0585,2025-05-01,99,paid
PAY006996,CUST0585,2025-06-01,99,paid
PAY006997,CUST0585,2025-07-01,99,paid
PAY006998,CUST0585,2025-08-01,99,paid
PAY006999,CUST0585,2025-09-01,99,paid
PAY007000,CUST0585,2025-10-01,99,paid
PAY007001,CUST0586,2024-06-01,99,paid
PAY007002,CUST0586,2024-07-01,99,paid
PAY007003,CUST0586,2024-08-01,99,paid
PAY007004,CUST0586,2024-09-01,99,paid
PAY007005,CUST0586,2024-10-01,99,paid
PAY007006,CUST0586,2024-11-01,99,paid
PAY007007,CUST0586,2024-12-01,99,paid
PAY007008,CUST0586,2025-01-01,99,paid
PAY007009,CUST0586,2025-02-01,99,paid
PAY007010,CUST0586,2025-03-01,99,paid
PAY007011,CUST0586,2025-04-01,99,paid
PAY007012,CUST0586,2025-05-01,99,paid
PAY007013,CUST0586,2025-06-01,99,paid
PAY007014,CUST0586,2025-07-01,99,paid
PAY007015,CUST0586,2025-08-01,99,paid
PAY007016,CUST0586,2025-09-01,99,paid
PAY007017,CUST0586,2025-10-01,99,paid
PAY007018,CUST0586,2025-11-01,99,paid
PAY007019,CUST0586,2025-12-01,99,paid
PAY007020,CUST0587,2024-02-01,29,paid
PAY007021,CUST0587,2024-03-01,29,paid
PAY007022,CUST0587,2024-04-01,29,paid
PAY007023,CUST0587,2024-05-01,29,paid
PAY007024,CUST0587,2024-06-01,29,paid
PAY007025,CUST0587,2024-07-01,29,paid
PAY007026,CUST0587,2024-08-01,29,paid
PAY007027,CUST0587,2024-09-01,29,paid
PAY007028,CUST0587,2024-10-01,29,paid
PAY007029,CUST0587,2024-11-01,29,paid
PAY007030,CUST0587,2024-12-01,29,paid
PAY007031,CUST0587,2025-01-01,29,paid
PAY007032,CUST0588,2025-01-01,99,paid
PAY007033,CUST0588,2025-02-01,99,paid
PAY007034,CUST0588,2025-03-01,99,paid
PAY007035,CUST0588,2025-04-01,99,paid
PAY007036,CUST0588,2025-05-01,99,paid
PAY007037,CUST0588,2025-06-01,99,paid
PAY007038,CUST0588,2025-07-01,99,paid
PAY007039,CUST0588,2025-08-01,99,paid
PAY007040,CUST0588,2025-09-01,99,paid
PAY007041,CUST0588,2025-10-01,99,paid
PAY007042,CUST0588,2025-11-01,99,paid
PAY007043,CUST0588,2025-12-01,99,paid
PAY007044,CUST0589,2024-10-01,29,paid
PAY007045,CUST0589,2024-11-01,29,paid
PAY007046,CUST0589,2024-12-01,29,paid
PAY007047,CUST0589,2025-01-01,29,paid
PAY007048,CUST0589,2025-02-01,29,paid
PAY007049,CUST0589,2025-03-01,29,paid
PAY007050,CUST0589,2025-04-01,29,paid
PAY007051,CUST0589,2025-05-01,29,paid
PAY007052,CUST0589,2025-06-01,29,paid
PAY007053,CUST0589,2025-07-01,29,paid
PAY007054,CUST0589,2025-08-01,29,paid
PAY007055,CUST0589,2025-09-01,29,paid
PAY007056,CUST0589,2025-10-01,29,paid
PAY007057,CUST0589,2025-11-01,29,paid
PAY007058,CUST0590,2024-10-01,29,paid
PAY007059,CUST0590,2024-11-01,29,paid
PAY007060,CUST0590,2024-12-01,29,paid
PAY007061,CUST0590,2025-01-01,29,paid
PAY007062,CUST0590,2025-02-01,29,paid
PAY007063,CUST0590,2025-03-01,29,paid
PAY007064,CUST0590,2025-04-01,29,paid
PAY007065,CUST0590,2025-05-01,29,paid
PAY007066,CUST0591,2024-12-01,99,paid
PAY007067,CUST0591,2025-01-01,99,paid
PAY007068,CUST0591,2025-02-01,99,paid
PAY007069,CUST0591,2025-03-01,99,paid
PAY007070,CUST0591,2025-04-01,99,paid
PAY007071,CUST0591,2025-05-01,99,paid
PAY007072,CUST0591,2025-06-01,299,paid
PAY007073,CUST0591,2025-07-01,299,paid
PAY007074,CUST0591,2025-08-01,299,paid
PAY007075,CUST0591,2025-09-01,299,paid
PAY007076,CUST0591,2025-10-01,299,paid
PAY007077,CUST0591,2025-11-01,299,paid
PAY007078,CUST0591,2025-12-01,299,paid
PAY007079,CUST0592,2025-03-01,29,paid
PAY007080,CUST0592,2025-04-01,29,paid
PAY007081,CUST0592,2025-05-01,29,paid
PAY007082,CUST0592,2025-06-01,29,paid
PAY007083,CUST0592,2025-07-01,29,paid
PAY007084,CUST0592,2025-08-01,29,paid
PAY007085,CUST0592,2025-09-01,99,paid
PAY007086,CUST0592,2025-10-01,99,paid
PAY007087,CUST0592,2025-11-01,99,paid
PAY007088,CUST0592,2025-12-01,99,paid
PAY007089,CUST0593,2024-09-01,99,paid
PAY007090,CUST0593,2024-10-01,99,paid
PAY007091,CUST0593,2024-11-01,99,paid
PAY007092,CUST0593,2024-12-01,99,paid
PAY007093,CUST0593,2025-01-01,99,paid
PAY007094,CUST0593,2025-02-01,99,paid
PAY007095,CUST0593,2025-03-01,99,paid
PAY007096,CUST0593,2025-04-01,99,paid
PAY007097,CUST0593,2025-05-01,99,paid
PAY007098,CUST0593,2025-06-01,99,paid
PAY007099,CUST0593,2025-07-01,99,paid
PAY007100,CUST0593,2025-08-01,99,paid
PAY007101,CUST0593,2025-09-01,99,paid
PAY007102,CUST0593,2025-10-01,99,paid
PAY007103,CUST0593,2025-11-01,99,paid
PAY007104,CUST0593,2025-12-01,99,paid
PAY007105,CUST0594,2025-07-01,299,paid
PAY007106,CUST0594,2025-08-01,299,paid
PAY007107,CUST0594,2025-09-01,299,paid
PAY007108,CUST0594,2025-10-01,299,paid
PAY007109,CUST0594,2025-11-01,299,paid
PAY007110,CUST0594,2025-12-01,299,paid
PAY007111,CUST0595,2024-06-01,29,paid
PAY007112,CUST0595,2024-07-01,29,paid
PAY007113,CUST0595,2024-08-01,29,paid
PAY007114,CUST0595,2024-09-01,29,paid
PAY007115,CUST0595,2024-10-01,29,paid
PAY007116,CUST0595,2024-11-01,29,paid
PAY007117,CUST0595,2024-12-01,29,paid
PAY007118,CUST0596,2024-02-01,99,paid
PAY007119,CUST0596,2024-03-01,99,paid
PAY007120,CUST0596,2024-04-01,99,paid
PAY007121,CUST0596,2024-05-01,99,paid
PAY007122,CUST0596,2024-06-01,99,paid
PAY007123,CUST0596,2024-07-01,99,paid
PAY007124,CUST0596,2024-08-01,99,paid
PAY007125,CUST0596,2024-09-01,99,paid
PAY007126,CUST0596,2024-10-01,99,paid
PAY007127,CUST0596,2024-11-01,99,paid
PAY007128,CUST0596,2024-12-01,99,paid
PAY007129,CUST0596,2025-01-01,99,paid
PAY007130,CUST0596,2025-02-01,99,paid
PAY007131,CUST0596,2025-03-01,99,paid
PAY007132,CUST0596,2025-04-01,99,paid
PAY007133,CUST0596,2025-05-01,99,paid
PAY007134,CUST0596,2025-06-01,99,paid
PAY007135,CUST0596,2025-07-01,99,paid
PAY007136,CUST0596,2025-08-01,99,paid
PAY007137,CUST0596,2025-09-01,99,paid
PAY007138,CUST0596,2025-10-01,99,paid
PAY007139,CUST0596,2025-11-01,99,paid
PAY007140,CUST0596,2025-12-01,99,paid
PAY007141,CUST0597,2025-05-01,99,paid
PAY007142,CUST0597,2025-06-01,99,paid
PAY007143,CUST0597,2025-07-01,99,paid
PAY007144,CUST0597,2025-08-01,99,paid
PAY007145,CUST0597,2025-09-01,99,paid
PAY007146,CUST0597,2025-10-01,99,paid
PAY007147,CUST0597,2025-11-01,99,paid
PAY007148,CUST0597,2025-12-01,99,paid
PAY007149,CUST0598,2024-04-01,299,paid
PAY007150,CUST0598,2024-05-01,299,paid
PAY007151,CUST0598,2024-06-01,299,paid
PAY007152,CUST0598,2024-07-01,299,paid
PAY007153,CUST0598,2024-08-01,299,paid
PAY007154,CUST0598,2024-09-01,299,paid
PAY007155,CUST0598,2024-10-01,299,paid
PAY007156,CUST0598,2024-11-01,299,paid
PAY007157,CUST0598,2024-12-01,299,paid
PAY007158,CUST0598,2025-01-01,299,paid
PAY007159,CUST0598,2025-02-01,299,paid
PAY007160,CUST0598,2025-03-01,299,paid
PAY007161,CUST0598,2025-04-01,299,paid
PAY007162,CUST0598,2025-05-01,299,paid
PAY007163,CUST0598,2025-06-01,299,paid
PAY007164,CUST0598,2025-07-01,299,paid
PAY007165,CUST0598,2025-08-01,299,paid
PAY007166,CUST0598,2025-09-01,299,paid
PAY007167,CUST0598,2025-10-01,299,paid
PAY007168,CUST0598,2025-11-01,299,paid
PAY007169,CUST0598,2025-12-01,299,paid
PAY007170,CUST0599,2024-10-01,29,paid
PAY007171,CUST0599,2024-11-01,29,paid
PAY007172,CUST0599,2024-12-01,29,paid
PAY007173,CUST0599,2025-01-01,29,paid
PAY007174,CUST0599,2025-02-01,29,paid
PAY007175,CUST0599,2025-03-01,29,paid
PAY007176,CUST0599,2025-04-01,99,paid
PAY007177,CUST0599,2025-05-01,99,paid
PAY007178,CUST0599,2025-06-01,99,paid
PAY007179,CUST0599,2025-07-01,99,paid
PAY007180,CUST0599,2025-08-01,99,paid
PAY007181,CUST0599,2025-09-01,99,paid
PAY007182,CUST0599,2025-10-01,99,paid
PAY007183,CUST0599,2025-11-01,99,paid
PAY007184,CUST0599,2025-12-01,99,paid
PAY007185,CUST0600,2025-06-01,29,paid
PAY007186,CUST0600,2025-07-01,29,paid
PAY007187,CUST0600,2025-08-01,29,paid
PAY007188,CUST0600,2025-09-01,29,paid
PAY007189,CUST0600,2025-10-01,29,paid
PAY007190,CUST0600,2025-11-01,29,paid
PAY007191,CUST0600,2025-12-01,29,paid
