customer_id,month,logins,active_seats,support_tickets,nps_score,plan_at_time
CUST0001,2025-01-01,11,2,0,18,Growth
CUST0001,2025-02-01,24,2,0,12,Growth
CUST0001,2025-03-01,18,4,0,40,Growth
CUST0001,2025-04-01,8,3,0,31,Growth
CUST0001,2025-05-01,15,3,0,25,Growth
CUST0001,2025-06-01,19,2,0,51,Growth
CUST0001,2025-07-01,22,2,1,0,Growth
CUST0001,2025-08-01,23,3,0,44,Growth
CUST0001,2025-09-01,15,4,0,50,Growth
CUST0001,2025-10-01,20,4,0,85,Growth
CUST0001,2025-11-01,18,2,0,16,Growth
CUST0001,2025-12-01,23,3,1,55,Growth
CUST0002,2024-10-01,7,1,0,22,Starter
CUST0002,2024-11-01,4,1,0,6,Starter
CUST0002,2024-12-01,5,1,0,20,Starter
CUST0002,2025-01-01,8,1,0,6,Starter
CUST0002,2025-02-01,3,1,2,39,Starter
CUST0002,2025-03-01,6,1,0,74,Starter
CUST0002,2025-04-01,4,1,0,-28,Starter
CUST0002,2025-05-01,8,1,0,45,Starter
CUST0002,2025-06-01,7,1,1,89,Starter
CUST0002,2025-07-01,3,1,1,29,Starter
CUST0002,2025-08-01,7,1,1,36,Starter
CUST0002,2025-09-01,12,1,0,8,Starter
CUST0002,2025-10-01,9,1,1,40,Starter
CUST0002,2025-11-01,9,1,1,70,Starter
CUST0003,2025-01-01,5,4,0,-4,Starter
CUST0003,2025-02-01,8,3,0,48,Starter
CUST0003,2025-03-01,6,1,0,23,Starter
CUST0003,2025-04-01,8,4,0,12,Starter
CUST0003,2025-05-01,4,2,0,26,Starter
CUST0003,2025-06-01,4,4,1,-16,Starter
CUST0003,2025-07-01,11,4,1,29,Growth
CUST0003,2025-08-01,18,4,2,83,Growth
CUST0003,2025-09-01,26,2,0,19,Growth
CUST0003,2025-10-01,23,4,0,56,Growth
CUST0003,2025-11-01,9,2,0,0,Growth
CUST0003,2025-12-01,21,3,0,55,Growth
CUST0004,2024-06-01,18,4,0,31,Growth
CUST0004,2024-07-01,32,4,0,56,Growth
CUST0004,2024-08-01,22,2,1,7,Growth
CUST0005,2025-08-01,11,4,1,21,Growth
CUST0005,2025-09-01,31,4,0,12,Growth
CUST0005,2025-10-01,17,4,0,32,Growth
CUST0005,2025-11-01,19,4,0,2,Growth
CUST0005,2025-12-01,17,3,1,85,Growth
CUST0006,2024-04-01,20,44,0,46,Growth
CUST0006,2024-05-01,29,30,0,12,Growth
CUST0006,2024-06-01,12,44,0,-6,Growth
CUST0006,2024-07-01,25,37,0,41,Growth
CUST0006,2024-08-01,15,27,0,71,Growth
CUST0006,2024-09-01,9,28,0,-7,Growth
CUST0006,2024-10-01,18,42,0,85,Growth
CUST0006,2024-11-01,15,28,0,53,Growth
CUST0006,2024-12-01,18,38,0,10,Growth
CUST0006,2025-01-01,23,31,1,15,Growth
CUST0006,2025-02-01,13,31,1,6,Growth
CUST0006,2025-03-01,20,47,0,77,Growth
CUST0006,2025-04-01,15,39,0,12,Growth
CUST0006,2025-05-01,8,26,0,-33,Growth
CUST0006,2025-06-01,19,27,0,42,Growth
CUST0006,2025-07-01,22,21,0,37,Growth
CUST0006,2025-08-01,21,21,0,77,Growth
CUST0006,2025-09-01,28,26,0,69,Growth
CUST0006,2025-10-01,27,37,0,56,Growth
CUST0006,2025-11-01,9,44,1,23,Growth
CUST0006,2025-12-01,22,24,0,66,Growth
CUST0007,2025-05-01,11,1,0,1,Starter
CUST0007,2025-06-01,9,1,1,30,Starter
CUST0007,2025-07-01,9,1,1,39,Starter
CUST0007,2025-08-01,7,1,1,0,Starter
CUST0008,2024-07-01,6,6,0,40,Starter
CUST0008,2024-08-01,7,7,0,60,Starter
CUST0008,2024-09-01,5,4,0,48,Starter
CUST0008,2024-10-01,9,3,0,22,Starter
CUST0008,2024-11-01,5,5,0,82,Starter
CUST0008,2024-12-01,7,7,0,50,Starter
CUST0008,2025-01-01,23,8,1,52,Growth
CUST0008,2025-02-01,11,8,0,-9,Growth
CUST0008,2025-03-01,20,5,1,-2,Growth
CUST0008,2025-04-01,21,5,1,34,Growth
CUST0008,2025-05-01,30,7,0,24,Growth
CUST0008,2025-06-01,32,6,0,26,Growth
CUST0008,2025-07-01,26,6,0,40,Growth
CUST0008,2025-08-01,6,4,0,-2,Growth
CUST0008,2025-09-01,30,7,0,33,Growth
CUST0008,2025-10-01,18,4,0,59,Growth
CUST0008,2025-11-01,22,8,0,31,Growth
CUST0008,2025-12-01,15,5,0,100,Growth
CUST0009,2024-08-01,28,29,0,52,Growth
CUST0009,2024-09-01,23,27,2,42,Growth
CUST0009,2024-10-01,4,46,1,36,Growth
CUST0009,2024-11-01,5,33,0,20,Growth
CUST0010,2025-03-01,25,4,1,91,Growth
CUST0010,2025-04-01,12,2,0,23,Growth
CUST0010,2025-05-01,13,2,0,64,Growth
CUST0010,2025-06-01,26,3,0,22,Growth
CUST0010,2025-07-01,11,2,0,70,Growth
CUST0010,2025-08-01,23,2,0,5,Growth
CUST0010,2025-09-01,16,2,1,-12,Growth
CUST0010,2025-10-01,29,3,0,67,Growth
CUST0010,2025-11-01,27,2,0,65,Growth
CUST0010,2025-12-01,18,3,0,46,Growth
CUST0011,2025-07-01,5,1,0,50,Starter
CUST0011,2025-08-01,5,1,0,36,Starter
CUST0011,2025-09-01,8,1,0,38,Starter
CUST0011,2025-10-01,5,1,0,12,Starter
CUST0011,2025-11-01,10,1,0,71,Starter
CUST0011,2025-12-01,8,1,1,67,Starter
CUST0012,2024-08-01,35,64,0,19,Enterprise
CUST0012,2024-09-01,43,60,2,61,Enterprise
CUST0012,2024-10-01,9,95,0,-5,Enterprise
CUST0012,2024-11-01,48,60,1,13,Enterprise
CUST0012,2024-12-01,34,58,0,35,Enterprise
CUST0012,2025-01-01,35,65,1,56,Enterprise
CUST0012,2025-02-01,27,66,0,24,Enterprise
CUST0012,2025-03-01,55,70,0,51,Enterprise
CUST0012,2025-04-01,67,84,2,50,Enterprise
CUST0012,2025-05-01,31,74,1,43,Enterprise
CUST0012,2025-06-01,43,82,2,59,Enterprise
CUST0012,2025-07-01,49,72,1,85,Enterprise
CUST0012,2025-08-01,41,53,0,12,Enterprise
CUST0012,2025-09-01,32,50,0,40,Enterprise
CUST0012,2025-10-01,59,48,0,17,Enterprise
CUST0012,2025-11-01,68,86,1,63,Enterprise
CUST0012,2025-12-01,27,53,2,-10,Enterprise
CUST0013,2024-11-01,35,15,0,1,Enterprise
CUST0013,2024-12-01,54,15,2,16,Enterprise
CUST0013,2025-01-01,67,12,0,31,Enterprise
CUST0013,2025-02-01,52,14,0,9,Enterprise
CUST0013,2025-03-01,63,18,1,48,Enterprise
CUST0013,2025-04-01,49,10,1,69,Enterprise
CUST0013,2025-05-01,32,17,2,37,Enterprise
CUST0013,2025-06-01,37,9,0,70,Enterprise
CUST0013,2025-07-01,35,14,0,9,Enterprise
CUST0013,2025-08-01,55,7,1,49,Enterprise
CUST0013,2025-09-01,62,14,1,80,Enterprise
CUST0013,2025-10-01,72,19,1,19,Enterprise
CUST0013,2025-11-01,69,10,2,49,Enterprise
CUST0013,2025-12-01,11,10,3,27,Enterprise
CUST0014,2024-10-01,31,1,0,69,Growth
CUST0014,2024-11-01,28,1,1,89,Growth
CUST0014,2024-12-01,20,1,0,21,Growth
CUST0014,2025-01-01,16,1,0,54,Growth
CUST0014,2025-02-01,13,1,0,31,Growth
CUST0014,2025-03-01,22,1,1,61,Growth
CUST0014,2025-04-01,23,1,1,-23,Growth
CUST0014,2025-05-01,17,1,0,49,Growth
CUST0014,2025-06-01,18,1,0,28,Growth
CUST0014,2025-07-01,18,1,0,44,Growth
CUST0014,2025-08-01,14,1,1,50,Growth
CUST0014,2025-09-01,17,1,0,17,Growth
CUST0014,2025-10-01,26,1,1,46,Growth
CUST0014,2025-11-01,25,1,0,27,Growth
CUST0014,2025-12-01,18,1,1,23,Growth
CUST0015,2025-01-01,18,25,0,-3,Growth
CUST0015,2025-02-01,18,21,0,-2,Growth
CUST0015,2025-03-01,16,42,0,14,Growth
CUST0015,2025-04-01,14,22,0,74,Growth
CUST0015,2025-05-01,12,20,0,0,Growth
CUST0015,2025-06-01,22,29,1,39,Growth
CUST0015,2025-07-01,31,27,1,45,Enterprise
CUST0015,2025-08-01,28,33,0,4,Enterprise
CUST0015,2025-09-01,57,33,0,-7,Enterprise
CUST0015,2025-10-01,38,43,0,10,Enterprise
CUST0015,2025-11-01,8,40,1,22,Enterprise
CUST0015,2025-12-01,50,28,0,33,Enterprise
CUST0016,2024-11-01,58,9,0,38,Enterprise
CUST0016,2024-12-01,71,13,1,33,Enterprise
CUST0016,2025-01-01,61,11,0,27,Enterprise
CUST0016,2025-02-01,50,9,1,87,Enterprise
CUST0016,2025-03-01,70,13,1,-12,Enterprise
CUST0016,2025-04-01,58,15,0,7,Enterprise
CUST0016,2025-05-01,49,10,0,51,Enterprise
CUST0016,2025-06-01,38,10,2,31,Enterprise
CUST0016,2025-07-01,29,17,0,42,Enterprise
CUST0016,2025-08-01,31,17,1,12,Enterprise
CUST0016,2025-09-01,55,10,1,47,Enterprise
CUST0016,2025-10-01,50,15,1,-12,Enterprise
CUST0016,2025-11-01,35,8,0,16,Enterprise
CUST0016,2025-12-01,34,10,1,79,Enterprise
CUST0017,2024-09-01,7,23,0,88,Starter
CUST0017,2024-10-01,4,48,1,0,Starter
CUST0017,2024-11-01,9,19,0,43,Starter
CUST0017,2024-12-01,2,37,1,-6,Starter
CUST0017,2025-01-01,8,19,0,69,Starter
CUST0017,2025-02-01,7,23,0,1,Starter
CUST0017,2025-03-01,7,20,0,46,Starter
CUST0017,2025-04-01,5,27,0,70,Starter
CUST0017,2025-05-01,6,30,1,21,Starter
CUST0017,2025-06-01,10,39,0,35,Starter
CUST0017,2025-07-01,9,20,0,42,Starter
CUST0017,2025-08-01,11,42,0,35,Starter
CUST0017,2025-09-01,7,47,0,37,Starter
CUST0017,2025-10-01,8,37,0,61,Starter
CUST0017,2025-11-01,6,47,1,15,Starter
CUST0018,2025-05-01,5,4,0,64,Starter
CUST0018,2025-06-01,10,3,1,24,Starter
CUST0018,2025-07-01,7,3,0,64,Starter
CUST0018,2025-08-01,6,4,0,56,Starter
CUST0018,2025-09-01,7,2,0,48,Starter
CUST0019,2024-10-01,11,4,1,-31,Growth
CUST0019,2024-11-01,20,6,0,60,Growth
CUST0019,2024-12-01,25,7,1,16,Growth
CUST0019,2025-01-01,32,6,2,68,Growth
CUST0019,2025-02-01,12,5,0,-3,Growth
CUST0019,2025-03-01,12,6,1,15,Growth
CUST0019,2025-04-01,31,5,0,59,Growth
CUST0019,2025-05-01,8,6,0,13,Growth
CUST0019,2025-06-01,12,9,0,31,Growth
CUST0019,2025-07-01,28,9,1,58,Growth
CUST0019,2025-08-01,22,6,0,36,Growth
CUST0019,2025-09-01,20,7,0,77,Growth
CUST0019,2025-10-01,24,3,0,16,Growth
CUST0019,2025-11-01,20,4,0,48,Growth
CUST0019,2025-12-01,18,8,1,38,Growth
CUST0020,2024-06-01,9,5,0,43,Starter
CUST0020,2024-07-01,7,6,0,4,Starter
CUST0020,2024-08-01,9,7,0,50,Starter
CUST0020,2024-09-01,9,6,0,68,Starter
CUST0020,2024-10-01,6,5,0,38,Starter
CUST0021,2025-02-01,14,13,1,70,Growth
CUST0021,2025-03-01,16,17,0,-6,Growth
CUST0022,2024-07-01,38,93,0,44,Enterprise
CUST0022,2024-08-01,52,69,0,-22,Enterprise
CUST0022,2024-09-01,34,47,2,31,Enterprise
CUST0022,2024-10-01,47,62,0,55,Enterprise
CUST0022,2024-11-01,47,77,0,57,Enterprise
CUST0022,2024-12-01,12,61,2,-24,Enterprise
CUST0022,2025-01-01,33,43,0,83,Enterprise
CUST0022,2025-02-01,31,76,0,9,Enterprise
CUST0022,2025-03-01,38,46,1,10,Enterprise
CUST0022,2025-04-01,40,90,1,83,Enterprise
CUST0022,2025-05-01,45,94,0,45,Enterprise
CUST0022,2025-06-01,55,75,0,45,Enterprise
CUST0022,2025-07-01,70,78,0,59,Enterprise
CUST0022,2025-08-01,53,46,1,34,Enterprise
CUST0022,2025-09-01,63,60,1,38,Enterprise
CUST0022,2025-10-01,64,68,0,-5,Enterprise
CUST0022,2025-11-01,56,39,0,37,Enterprise
CUST0022,2025-12-01,51,81,0,66,Enterprise
CUST0023,2025-04-01,24,1,0,22,Growth
CUST0023,2025-05-01,25,1,0,81,Growth
CUST0023,2025-06-01,27,1,0,7,Growth
CUST0023,2025-07-01,24,1,0,10,Growth
CUST0023,2025-08-01,18,1,0,49,Growth
CUST0023,2025-09-01,21,1,0,66,Growth
CUST0023,2025-10-01,31,1,0,52,Growth
CUST0023,2025-11-01,17,1,0,-7,Growth
CUST0023,2025-12-01,29,1,0,37,Growth
CUST0024,2024-09-01,7,36,0,41,Starter
CUST0024,2024-10-01,9,27,0,51,Starter
CUST0024,2024-11-01,7,29,0,37,Starter
CUST0024,2024-12-01,6,43,1,55,Starter
CUST0024,2025-01-01,6,46,0,-9,Starter
CUST0025,2025-03-01,35,179,0,56,Enterprise
CUST0025,2025-04-01,32,81,0,-8,Enterprise
CUST0025,2025-05-01,34,122,0,46,Enterprise
CUST0025,2025-06-01,26,171,1,-1,Enterprise
CUST0025,2025-07-01,34,118,0,30,Enterprise
CUST0025,2025-08-01,47,79,0,16,Enterprise
CUST0025,2025-09-01,54,151,0,14,Enterprise
CUST0025,2025-10-01,33,124,0,64,Enterprise
CUST0025,2025-11-01,53,155,1,52,Enterprise
CUST0025,2025-12-01,34,118,1,62,Enterprise
CUST0026,2024-05-01,32,8,0,97,Growth
CUST0026,2024-06-01,15,6,0,57,Growth
CUST0027,2024-11-01,2,1,0,14,Starter
CUST0027,2024-12-01,9,1,0,16,Starter
CUST0027,2025-01-01,6,1,0,62,Starter
CUST0027,2025-02-01,9,1,0,81,Starter
CUST0027,2025-03-01,12,1,0,-1,Starter
CUST0027,2025-04-01,6,1,0,13,Starter
CUST0027,2025-05-01,10,1,1,66,Starter
CUST0027,2025-06-01,8,1,0,32,Starter
CUST0027,2025-07-01,2,1,0,2,Starter
CUST0027,2025-08-01,7,1,0,41,Starter
CUST0027,2025-09-01,7,1,0,26,Starter
CUST0027,2025-10-01,5,1,1,44,Starter
CUST0027,2025-11-01,10,1,0,-1,Starter
CUST0027,2025-12-01,10,1,0,51,Starter
CUST0028,2025-05-01,5,1,0,55,Starter
CUST0028,2025-06-01,8,1,0,49,Starter
CUST0029,2024-07-01,47,2,0,17,Enterprise
CUST0029,2024-08-01,33,3,1,69,Enterprise
CUST0029,2024-09-01,25,3,0,-9,Enterprise
CUST0029,2024-10-01,49,3,2,7,Enterprise
CUST0029,2024-11-01,33,1,0,55,Enterprise
CUST0029,2024-12-01,88,2,1,0,Enterprise
CUST0029,2025-01-01,68,2,0,24,Enterprise
CUST0029,2025-02-01,40,2,1,66,Enterprise
CUST0029,2025-03-01,46,4,1,9,Enterprise
CUST0029,2025-04-01,28,3,1,20,Enterprise
CUST0029,2025-05-01,38,3,0,83,Enterprise
CUST0029,2025-06-01,56,3,2,58,Enterprise
CUST0029,2025-07-01,67,2,0,28,Enterprise
CUST0029,2025-08-01,17,3,1,8,Enterprise
CUST0029,2025-09-01,29,3,0,44,Enterprise
CUST0029,2025-10-01,30,3,0,67,Enterprise
CUST0029,2025-11-01,52,1,0,12,Enterprise
CUST0029,2025-12-01,58,2,2,79,Enterprise
CUST0030,2025-06-01,9,118,0,5,Starter
CUST0030,2025-07-01,7,159,0,57,Starter
CUST0030,2025-08-01,7,77,0,14,Starter
CUST0030,2025-09-01,11,156,0,32,Starter
CUST0030,2025-10-01,12,124,1,45,Starter
CUST0031,2024-08-01,13,1,0,35,Growth
CUST0031,2024-09-01,16,1,0,-11,Growth
CUST0031,2024-10-01,15,1,0,34,Growth
CUST0031,2024-11-01,26,1,0,89,Growth
CUST0031,2024-12-01,14,1,2,100,Growth
CUST0031,2025-01-01,16,1,0,19,Growth
CUST0031,2025-02-01,39,1,0,18,Enterprise
CUST0031,2025-03-01,55,1,1,45,Enterprise
CUST0031,2025-04-01,61,1,1,43,Enterprise
CUST0031,2025-05-01,32,1,0,20,Enterprise
CUST0031,2025-06-01,38,1,0,21,Enterprise
CUST0031,2025-07-01,47,1,1,96,Enterprise
CUST0031,2025-08-01,38,1,1,53,Enterprise
CUST0031,2025-09-01,32,1,0,100,Enterprise
CUST0031,2025-10-01,53,1,1,23,Enterprise
CUST0031,2025-11-01,38,1,1,43,Enterprise
CUST0031,2025-12-01,35,1,0,32,Enterprise
CUST0032,2024-11-01,22,1,2,38,Enterprise
CUST0032,2024-12-01,36,1,1,51,Enterprise
CUST0032,2025-01-01,66,1,1,6,Enterprise
CUST0032,2025-02-01,52,1,1,43,Enterprise
CUST0032,2025-03-01,35,1,0,57,Enterprise
CUST0032,2025-04-01,27,1,0,0,Enterprise
CUST0032,2025-05-01,38,1,0,36,Enterprise
CUST0032,2025-06-01,36,1,0,67,Enterprise
CUST0032,2025-07-01,39,1,0,82,Enterprise
CUST0032,2025-08-01,74,1,1,92,Enterprise
CUST0032,2025-09-01,54,1,2,0,Enterprise
CUST0032,2025-10-01,46,1,3,64,Enterprise
CUST0032,2025-11-01,11,1,0,38,Enterprise
CUST0032,2025-12-01,66,1,0,30,Enterprise
CUST0033,2025-07-01,43,57,0,78,Enterprise
CUST0033,2025-08-01,55,56,0,31,Enterprise
CUST0033,2025-09-01,41,48,1,4,Enterprise
CUST0033,2025-10-01,86,92,0,17,Enterprise
CUST0033,2025-11-01,24,84,1,11,Enterprise
CUST0033,2025-12-01,45,50,0,48,Enterprise
CUST0034,2024-09-01,44,1,1,26,Enterprise
CUST0034,2024-10-01,70,1,3,20,Enterprise
CUST0034,2024-11-01,51,1,0,52,Enterprise
CUST0034,2024-12-01,5,1,0,-14,Enterprise
CUST0034,2025-01-01,70,1,0,25,Enterprise
CUST0034,2025-02-01,26,1,0,-35,Enterprise
CUST0034,2025-03-01,28,1,1,100,Enterprise
CUST0034,2025-04-01,23,1,0,40,Enterprise
CUST0034,2025-05-01,35,1,0,55,Enterprise
CUST0034,2025-06-01,73,1,1,12,Enterprise
CUST0034,2025-07-01,44,1,0,48,Enterprise
CUST0034,2025-08-01,84,1,0,-6,Enterprise
CUST0034,2025-09-01,44,1,0,56,Enterprise
CUST0034,2025-10-01,46,1,0,45,Enterprise
CUST0034,2025-11-01,33,1,0,63,Enterprise
CUST0034,2025-12-01,45,1,0,45,Enterprise
CUST0035,2025-07-01,27,9,0,32,Growth
CUST0035,2025-08-01,29,8,1,25,Growth
CUST0035,2025-09-01,14,4,0,53,Growth
CUST0035,2025-10-01,7,7,0,-8,Growth
CUST0035,2025-11-01,21,4,0,2,Growth
CUST0035,2025-12-01,20,5,0,73,Growth
CUST0036,2024-07-01,63,170,1,97,Enterprise
CUST0036,2024-08-01,21,154,3,26,Enterprise
CUST0036,2024-09-01,39,80,0,33,Enterprise
CUST0036,2024-10-01,52,101,0,40,Enterprise
CUST0036,2024-11-01,63,155,0,59,Enterprise
CUST0036,2024-12-01,57,112,0,53,Enterprise
CUST0036,2025-01-01,47,111,2,37,Enterprise
CUST0036,2025-02-01,51,90,1,5,Enterprise
CUST0036,2025-03-01,50,135,0,87,Enterprise
CUST0036,2025-04-01,30,164,0,1,Enterprise
CUST0036,2025-05-01,35,98,2,50,Enterprise
CUST0036,2025-06-01,49,176,0,36,Enterprise
CUST0036,2025-07-01,52,115,0,15,Enterprise
CUST0036,2025-08-01,44,104,0,46,Enterprise
CUST0036,2025-09-01,48,111,3,48,Enterprise
CUST0036,2025-10-01,47,156,0,95,Enterprise
CUST0036,2025-11-01,45,136,0,64,Enterprise
CUST0036,2025-12-01,35,178,0,36,Enterprise
CUST0037,2024-08-01,22,15,1,36,Growth
CUST0037,2024-09-01,22,17,0,65,Growth
CUST0037,2024-10-01,26,15,0,38,Growth
CUST0037,2024-11-01,20,8,0,69,Growth
CUST0037,2024-12-01,19,12,0,44,Growth
CUST0037,2025-01-01,28,9,0,100,Growth
CUST0037,2025-02-01,21,13,1,25,Growth
CUST0037,2025-03-01,22,17,0,15,Growth
CUST0037,2025-04-01,29,18,0,34,Growth
CUST0037,2025-05-01,13,18,0,41,Growth
CUST0038,2024-06-01,47,3,0,64,Enterprise
CUST0038,2024-07-01,33,3,0,40,Enterprise
CUST0038,2024-08-01,40,4,0,5,Enterprise
CUST0038,2024-09-01,25,3,0,10,Enterprise
CUST0038,2024-10-01,61,3,0,45,Enterprise
CUST0038,2024-11-01,36,3,0,74,Enterprise
CUST0038,2024-12-01,38,2,1,10,Enterprise
CUST0038,2025-01-01,8,2,1,32,Enterprise
CUST0038,2025-02-01,18,4,0,4,Enterprise
CUST0038,2025-03-01,54,2,0,4,Enterprise
CUST0038,2025-04-01,38,1,3,48,Enterprise
CUST0038,2025-05-01,47,3,0,-14,Enterprise
CUST0038,2025-06-01,47,2,1,37,Enterprise
CUST0038,2025-07-01,37,4,0,87,Enterprise
CUST0038,2025-08-01,35,3,2,34,Enterprise
CUST0038,2025-09-01,68,4,0,46,Enterprise
CUST0038,2025-10-01,19,4,1,-14,Enterprise
CUST0038,2025-11-01,65,1,0,56,Enterprise
CUST0038,2025-12-01,36,2,1,13,Enterprise
CUST0039,2025-03-01,5,103,0,45,Starter
CUST0039,2025-04-01,4,109,0,33,Starter
CUST0039,2025-05-01,7,183,0,21,Starter
CUST0039,2025-06-01,7,189,0,13,Starter
CUST0039,2025-07-01,5,113,0,30,Starter
CUST0039,2025-08-01,8,151,0,52,Starter
CUST0039,2025-09-01,16,140,0,34,Growth
CUST0039,2025-10-01,21,177,0,79,Growth
CUST0039,2025-11-01,20,187,2,24,Growth
CUST0039,2025-12-01,13,109,0,63,Growth
CUST0040,2025-02-01,4,1,0,-2,Growth
CUST0040,2025-03-01,13,1,1,15,Growth
CUST0040,2025-04-01,22,1,0,8,Growth
CUST0040,2025-05-01,7,1,0,0,Growth
CUST0040,2025-06-01,19,1,0,30,Growth
CUST0040,2025-07-01,21,1,0,23,Growth
CUST0040,2025-08-01,28,1,0,69,Growth
CUST0040,2025-09-01,23,1,0,65,Growth
CUST0040,2025-10-01,10,1,0,40,Growth
CUST0041,2025-07-01,9,1,0,24,Starter
CUST0041,2025-08-01,6,1,0,80,Starter
CUST0041,2025-09-01,10,1,1,75,Starter
CUST0041,2025-10-01,7,1,0,31,Starter
CUST0042,2024-06-01,10,157,0,12,Starter
CUST0042,2024-07-01,11,81,0,24,Starter
CUST0042,2024-08-01,4,84,0,-3,Starter
CUST0042,2024-09-01,7,184,0,13,Starter
CUST0042,2024-10-01,7,111,1,47,Starter
CUST0042,2024-11-01,12,181,0,5,Starter
CUST0042,2024-12-01,8,94,1,73,Starter
CUST0042,2025-01-01,6,115,1,63,Starter
CUST0042,2025-02-01,8,80,0,1,Starter
CUST0042,2025-03-01,7,164,1,47,Starter
CUST0042,2025-04-01,7,128,0,57,Starter
CUST0042,2025-05-01,7,143,1,20,Starter
CUST0043,2024-11-01,6,88,0,44,Growth
CUST0043,2024-12-01,24,85,1,36,Growth
CUST0043,2025-01-01,16,77,0,21,Growth
CUST0043,2025-02-01,29,75,0,47,Growth
CUST0043,2025-03-01,31,49,0,37,Growth
CUST0043,2025-04-01,31,50,1,37,Growth
CUST0043,2025-05-01,23,66,1,14,Growth
CUST0043,2025-06-01,25,64,0,58,Growth
CUST0043,2025-07-01,11,87,0,21,Growth
CUST0043,2025-08-01,14,73,0,-6,Growth
CUST0043,2025-09-01,26,76,0,65,Growth
CUST0043,2025-10-01,16,73,0,69,Growth
CUST0043,2025-11-01,19,57,1,53,Growth
CUST0043,2025-12-01,22,48,0,52,Growth
CUST0044,2024-10-01,14,1,0,25,Growth
CUST0044,2024-11-01,15,1,0,67,Growth
CUST0044,2024-12-01,21,1,0,41,Growth
CUST0044,2025-01-01,25,1,0,24,Growth
CUST0044,2025-02-01,22,1,0,90,Growth
CUST0044,2025-03-01,29,1,0,48,Growth
CUST0044,2025-04-01,20,1,1,8,Growth
CUST0044,2025-05-01,22,1,0,33,Growth
CUST0044,2025-06-01,37,1,0,4,Growth
CUST0044,2025-07-01,20,1,0,36,Growth
CUST0044,2025-08-01,14,1,0,51,Growth
CUST0045,2024-11-01,8,29,2,39,Growth
CUST0045,2024-12-01,13,19,0,54,Growth
CUST0045,2025-01-01,18,19,0,37,Growth
CUST0045,2025-02-01,31,21,1,5,Growth
CUST0045,2025-03-01,24,33,0,27,Growth
CUST0045,2025-04-01,24,24,0,15,Growth
CUST0045,2025-05-01,21,19,0,38,Growth
CUST0045,2025-06-01,15,44,0,27,Growth
CUST0045,2025-07-01,19,32,0,-6,Growth
CUST0045,2025-08-01,25,28,0,20,Growth
CUST0045,2025-09-01,18,41,3,13,Growth
CUST0045,2025-10-01,26,37,0,80,Growth
CUST0046,2025-02-01,43,1,0,61,Enterprise
CUST0046,2025-03-01,44,1,0,20,Enterprise
CUST0046,2025-04-01,25,1,1,7,Enterprise
CUST0046,2025-05-01,51,1,0,51,Enterprise
CUST0046,2025-06-01,48,1,0,76,Enterprise
CUST0046,2025-07-01,52,1,2,16,Enterprise
CUST0046,2025-08-01,50,1,0,44,Enterprise
CUST0046,2025-09-01,49,1,0,54,Enterprise
CUST0046,2025-10-01,33,1,0,28,Enterprise
CUST0046,2025-11-01,46,1,0,30,Enterprise
CUST0046,2025-12-01,40,1,1,30,Enterprise
CUST0047,2024-10-01,20,1,0,41,Growth
CUST0047,2024-11-01,20,2,0,34,Growth
CUST0047,2024-12-01,25,4,0,44,Growth
CUST0047,2025-01-01,22,2,1,70,Growth
CUST0047,2025-02-01,12,4,1,26,Growth
CUST0047,2025-03-01,25,2,0,15,Growth
CUST0047,2025-04-01,12,4,0,40,Growth
CUST0047,2025-05-01,16,3,1,68,Growth
CUST0047,2025-06-01,14,3,0,80,Growth
CUST0047,2025-07-01,17,2,0,33,Growth
CUST0048,2024-03-01,6,1,0,-5,Growth
CUST0048,2024-04-01,19,1,1,82,Growth
CUST0048,2024-05-01,27,1,0,43,Growth
CUST0048,2024-06-01,1,1,0,2,Growth
CUST0048,2024-07-01,20,1,1,62,Growth
CUST0048,2024-08-01,20,1,0,49,Growth
CUST0048,2024-09-01,22,1,0,49,Growth
CUST0048,2024-10-01,19,1,0,38,Growth
CUST0048,2024-11-01,27,1,0,64,Growth
CUST0048,2024-12-01,18,1,1,-6,Growth
CUST0049,2025-04-01,20,131,1,32,Growth
CUST0049,2025-05-01,18,110,1,25,Growth
CUST0049,2025-06-01,16,114,1,39,Growth
CUST0049,2025-07-01,22,96,1,15,Growth
CUST0049,2025-08-01,26,97,0,37,Growth
CUST0049,2025-09-01,12,147,0,6,Growth
CUST0049,2025-10-01,26,139,0,62,Growth
CUST0049,2025-11-01,18,182,0,56,Growth
CUST0049,2025-12-01,21,190,0,-3,Growth
CUST0050,2024-10-01,6,1,0,-1,Starter
CUST0050,2024-11-01,9,1,0,20,Starter
CUST0050,2024-12-01,8,1,0,-2,Starter
CUST0050,2025-01-01,8,1,0,36,Starter
CUST0050,2025-02-01,9,1,1,41,Starter
CUST0050,2025-03-01,9,1,0,86,Starter
CUST0050,2025-04-01,6,1,1,89,Starter
CUST0050,2025-05-01,14,1,0,100,Starter
CUST0050,2025-06-01,7,1,0,43,Starter
CUST0050,2025-07-01,13,1,0,72,Starter
CUST0050,2025-08-01,6,1,0,18,Starter
CUST0050,2025-09-01,2,1,0,18,Starter
CUST0050,2025-10-01,11,1,1,40,Starter
CUST0050,2025-11-01,3,1,0,14,Starter
CUST0051,2025-01-01,14,3,1,66,Starter
CUST0051,2025-02-01,8,3,0,21,Starter
CUST0051,2025-03-01,7,3,0,30,Starter
CUST0051,2025-04-01,9,4,1,58,Starter
CUST0051,2025-05-01,7,4,0,47,Starter
CUST0051,2025-06-01,2,3,0,6,Starter
CUST0051,2025-07-01,6,2,0,-10,Starter
CUST0051,2025-08-01,7,2,0,38,Starter
CUST0051,2025-09-01,9,3,0,68,Starter
CUST0051,2025-10-01,10,3,0,28,Starter
CUST0051,2025-11-01,8,3,0,52,Starter
CUST0051,2025-12-01,6,1,1,28,Starter
CUST0052,2024-06-01,39,1,0,25,Enterprise
CUST0052,2024-07-01,27,1,0,0,Enterprise
CUST0052,2024-08-01,34,1,0,81,Enterprise
CUST0052,2024-09-01,33,1,0,47,Enterprise
CUST0052,2024-10-01,43,1,1,35,Enterprise
CUST0052,2024-11-01,37,1,0,52,Enterprise
CUST0052,2024-12-01,51,1,0,11,Enterprise
CUST0052,2025-01-01,62,1,1,-3,Enterprise
CUST0052,2025-02-01,30,1,1,25,Enterprise
CUST0052,2025-03-01,59,1,1,67,Enterprise
CUST0052,2025-04-01,70,1,0,50,Enterprise
CUST0052,2025-05-01,69,1,0,61,Enterprise
CUST0052,2025-06-01,16,1,1,-6,Enterprise
CUST0052,2025-07-01,45,1,0,16,Enterprise
CUST0052,2025-08-01,36,1,0,33,Enterprise
CUST0052,2025-09-01,18,1,3,26,Enterprise
CUST0052,2025-10-01,54,1,0,65,Enterprise
CUST0052,2025-11-01,52,1,1,26,Enterprise
CUST0052,2025-12-01,45,1,0,-3,Enterprise
CUST0053,2024-11-01,6,35,0,64,Starter
CUST0053,2024-12-01,9,23,0,-19,Starter
CUST0053,2025-01-01,13,21,0,43,Starter
CUST0053,2025-02-01,8,37,0,24,Starter
CUST0053,2025-03-01,6,26,0,43,Starter
CUST0053,2025-04-01,9,43,0,48,Starter
CUST0053,2025-05-01,6,27,0,17,Starter
CUST0053,2025-06-01,5,46,0,67,Starter
CUST0053,2025-07-01,10,43,2,52,Starter
CUST0053,2025-08-01,11,38,0,36,Starter
CUST0053,2025-09-01,10,19,0,53,Starter
CUST0053,2025-10-01,10,32,0,13,Starter
CUST0054,2025-01-01,5,1,1,-8,Enterprise
CUST0054,2025-02-01,45,1,0,-14,Enterprise
CUST0054,2025-03-01,39,1,1,17,Enterprise
CUST0054,2025-04-01,27,1,1,35,Enterprise
CUST0054,2025-05-01,49,1,0,19,Enterprise
CUST0054,2025-06-01,43,1,1,69,Enterprise
CUST0054,2025-07-01,40,1,0,6,Enterprise
CUST0054,2025-08-01,48,1,3,34,Enterprise
CUST0054,2025-09-01,63,1,0,45,Enterprise
CUST0054,2025-10-01,39,1,0,27,Enterprise
CUST0054,2025-11-01,37,1,1,71,Enterprise
CUST0054,2025-12-01,49,1,0,1,Enterprise
CUST0055,2024-10-01,9,78,0,69,Starter
CUST0055,2024-11-01,13,164,0,25,Starter
CUST0055,2024-12-01,4,90,0,31,Starter
CUST0055,2025-01-01,9,190,0,48,Starter
CUST0055,2025-02-01,11,149,1,55,Starter
CUST0055,2025-03-01,9,109,0,44,Starter
CUST0055,2025-04-01,7,79,0,53,Starter
CUST0055,2025-05-01,5,96,0,61,Starter
CUST0055,2025-06-01,7,100,0,40,Starter
CUST0055,2025-07-01,12,184,0,9,Starter
CUST0055,2025-08-01,9,93,0,76,Starter
CUST0055,2025-09-01,9,112,0,45,Starter
CUST0055,2025-10-01,7,110,0,61,Starter
CUST0055,2025-11-01,2,105,1,27,Starter
CUST0055,2025-12-01,8,95,1,43,Starter
CUST0056,2025-01-01,22,55,0,25,Growth
CUST0056,2025-02-01,18,46,0,73,Growth
CUST0056,2025-03-01,17,45,0,11,Growth
CUST0057,2024-11-01,53,1,0,73,Enterprise
CUST0057,2024-12-01,25,1,1,-24,Enterprise
CUST0057,2025-01-01,57,1,0,44,Enterprise
CUST0057,2025-02-01,59,1,1,67,Enterprise
CUST0057,2025-03-01,63,1,2,35,Enterprise
CUST0057,2025-04-01,47,1,1,13,Enterprise
CUST0057,2025-05-01,75,1,0,49,Enterprise
CUST0057,2025-06-01,54,1,0,50,Enterprise
CUST0057,2025-07-01,41,1,1,76,Enterprise
CUST0057,2025-08-01,22,1,1,-16,Enterprise
CUST0057,2025-09-01,72,1,0,59,Enterprise
CUST0057,2025-10-01,36,1,0,61,Enterprise
CUST0057,2025-11-01,25,1,1,0,Enterprise
CUST0057,2025-12-01,50,1,1,25,Enterprise
CUST0058,2025-01-01,7,1,1,33,Starter
CUST0058,2025-02-01,6,1,0,10,Starter
CUST0058,2025-03-01,7,1,1,45,Starter
CUST0058,2025-04-01,5,1,0,35,Starter
CUST0058,2025-05-01,11,1,0,28,Starter
CUST0058,2025-06-01,4,1,0,23,Starter
CUST0059,2024-03-01,10,4,0,3,Enterprise
CUST0059,2024-04-01,65,4,1,83,Enterprise
CUST0059,2024-05-01,21,3,0,-8,Enterprise
CUST0059,2024-06-01,34,4,0,8,Enterprise
CUST0059,2024-07-01,45,4,2,25,Enterprise
CUST0059,2024-08-01,51,1,0,10,Enterprise
CUST0059,2024-09-01,80,3,0,81,Enterprise
CUST0059,2024-10-01,35,3,1,48,Enterprise
CUST0059,2024-11-01,64,2,0,67,Enterprise
CUST0059,2024-12-01,51,3,0,49,Enterprise
CUST0059,2025-01-01,58,3,0,53,Enterprise
CUST0059,2025-02-01,25,2,1,79,Enterprise
CUST0059,2025-03-01,35,4,1,55,Enterprise
CUST0059,2025-04-01,70,3,0,0,Enterprise
CUST0059,2025-05-01,41,4,0,41,Enterprise
CUST0059,2025-06-01,54,3,0,32,Enterprise
CUST0059,2025-07-01,30,2,1,22,Enterprise
CUST0059,2025-08-01,55,2,0,44,Enterprise
CUST0059,2025-09-01,51,3,0,9,Enterprise
CUST0059,2025-10-01,60,3,0,8,Enterprise
CUST0059,2025-11-01,56,4,1,61,Enterprise
CUST0059,2025-12-01,48,2,0,76,Enterprise
CUST0060,2024-07-01,15,39,0,20,Growth
CUST0060,2024-08-01,13,31,0,37,Growth
CUST0060,2024-09-01,21,28,0,63,Growth
CUST0060,2024-10-01,23,23,0,52,Growth
CUST0061,2024-10-01,28,4,0,15,Growth
CUST0061,2024-11-01,9,8,1,6,Growth
CUST0061,2024-12-01,24,8,0,52,Growth
CUST0061,2025-01-01,23,4,1,42,Growth
CUST0061,2025-02-01,19,4,0,99,Growth
CUST0061,2025-03-01,28,7,0,58,Growth
CUST0061,2025-04-01,20,7,1,-10,Growth
CUST0061,2025-05-01,34,6,0,40,Growth
CUST0061,2025-06-01,33,8,0,50,Growth
CUST0061,2025-07-01,13,4,1,20,Growth
CUST0061,2025-08-01,20,7,0,52,Growth
CUST0061,2025-09-01,23,9,0,80,Growth
CUST0061,2025-10-01,18,4,0,18,Growth
CUST0061,2025-11-01,20,6,1,54,Growth
CUST0061,2025-12-01,17,4,0,46,Growth
CUST0062,2024-03-01,14,5,1,8,Growth
CUST0062,2024-04-01,24,8,1,46,Growth
CUST0062,2024-05-01,27,4,0,52,Growth
CUST0062,2024-06-01,14,8,0,74,Growth
CUST0062,2024-07-01,20,9,0,41,Growth
CUST0062,2024-08-01,24,6,1,12,Growth
CUST0062,2024-09-01,0,8,1,7,Growth
CUST0062,2024-10-01,5,7,0,8,Growth
CUST0062,2024-11-01,30,5,0,17,Growth
CUST0062,2024-12-01,16,6,0,38,Growth
CUST0062,2025-01-01,19,7,0,21,Growth
CUST0062,2025-02-01,5,9,0,-11,Growth
CUST0062,2025-03-01,14,6,1,75,Growth
CUST0062,2025-04-01,17,5,0,56,Growth
CUST0062,2025-05-01,14,4,1,31,Growth
CUST0062,2025-06-01,26,8,0,39,Growth
CUST0062,2025-07-01,10,4,0,27,Growth
CUST0062,2025-08-01,18,7,0,65,Growth
CUST0062,2025-09-01,28,9,0,30,Growth
CUST0062,2025-10-01,21,4,0,41,Growth
CUST0062,2025-11-01,30,5,0,19,Growth
CUST0062,2025-12-01,9,8,0,5,Growth
CUST0063,2024-12-01,5,18,0,36,Starter
CUST0063,2025-01-01,11,11,0,47,Starter
CUST0063,2025-02-01,9,9,0,98,Starter
CUST0063,2025-03-01,7,18,0,24,Starter
CUST0063,2025-04-01,8,8,0,23,Starter
CUST0063,2025-05-01,9,17,0,13,Starter
CUST0063,2025-06-01,5,11,0,-24,Starter
CUST0063,2025-07-01,7,19,0,26,Starter
CUST0063,2025-08-01,8,17,0,100,Starter
CUST0063,2025-09-01,11,9,0,61,Starter
CUST0063,2025-10-01,3,10,0,24,Starter
CUST0063,2025-11-01,9,11,0,51,Starter
CUST0063,2025-12-01,5,15,1,18,Starter
CUST0064,2024-10-01,9,1,1,45,Starter
CUST0064,2024-11-01,6,1,1,19,Starter
CUST0064,2024-12-01,4,1,0,-16,Starter
CUST0065,2024-12-01,19,1,0,56,Growth
CUST0065,2025-01-01,24,1,0,14,Growth
CUST0065,2025-02-01,17,1,0,27,Growth
CUST0065,2025-03-01,11,1,0,-2,Growth
CUST0065,2025-04-01,29,1,1,29,Growth
CUST0065,2025-05-01,12,1,0,32,Growth
CUST0065,2025-06-01,50,1,1,81,Enterprise
CUST0066,2024-07-01,49,8,1,56,Enterprise
CUST0066,2024-08-01,58,4,0,27,Enterprise
CUST0066,2024-09-01,29,3,0,93,Enterprise
CUST0066,2024-10-01,59,7,1,40,Enterprise
CUST0066,2024-11-01,64,9,0,64,Enterprise
CUST0066,2024-12-01,22,5,1,65,Enterprise
CUST0066,2025-01-01,63,7,0,65,Enterprise
CUST0066,2025-02-01,38,4,1,59,Enterprise
CUST0066,2025-03-01,60,4,1,51,Enterprise
CUST0066,2025-04-01,43,6,0,53,Enterprise
CUST0066,2025-05-01,42,5,2,45,Enterprise
CUST0066,2025-06-01,38,5,1,78,Enterprise
CUST0066,2025-07-01,43,6,0,3,Enterprise
CUST0066,2025-08-01,23,6,1,61,Enterprise
CUST0066,2025-09-01,49,5,0,43,Enterprise
CUST0066,2025-10-01,49,7,1,44,Enterprise
CUST0066,2025-11-01,82,7,0,37,Enterprise
CUST0066,2025-12-01,53,6,0,57,Enterprise
CUST0067,2025-10-01,16,104,1,35,Starter
CUST0067,2025-11-01,4,109,0,43,Starter
CUST0067,2025-12-01,11,173,0,35,Starter
CUST0068,2024-05-01,17,1,0,26,Growth
CUST0068,2024-06-01,20,1,2,56,Growth
CUST0068,2024-07-01,19,1,0,0,Growth
CUST0068,2024-08-01,18,1,0,-5,Growth
CUST0069,2024-04-01,10,1,0,52,Starter
CUST0069,2024-05-01,10,1,2,45,Starter
CUST0069,2024-06-01,10,1,0,33,Starter
CUST0069,2024-07-01,3,1,0,-11,Starter
CUST0069,2024-08-01,10,1,0,77,Starter
CUST0069,2024-09-01,6,1,1,-11,Starter
CUST0069,2024-10-01,7,1,1,34,Starter
CUST0069,2024-11-01,8,1,0,31,Starter
CUST0069,2024-12-01,10,1,0,63,Starter
CUST0069,2025-01-01,6,1,0,-7,Starter
CUST0069,2025-02-01,4,1,1,9,Starter
CUST0069,2025-03-01,8,1,0,10,Starter
CUST0069,2025-04-01,7,1,1,79,Starter
CUST0069,2025-05-01,9,1,1,48,Starter
CUST0069,2025-06-01,12,1,0,42,Starter
CUST0069,2025-07-01,5,1,0,63,Starter
CUST0069,2025-08-01,14,1,0,42,Starter
CUST0069,2025-09-01,6,1,1,55,Starter
CUST0069,2025-10-01,7,1,0,27,Starter
CUST0069,2025-11-01,7,1,0,47,Starter
CUST0069,2025-12-01,8,1,1,20,Starter
CUST0070,2025-01-01,8,4,1,52,Starter
CUST0070,2025-02-01,10,4,0,40,Starter
CUST0070,2025-03-01,10,2,0,46,Starter
CUST0070,2025-04-01,5,3,0,56,Starter
CUST0070,2025-05-01,7,3,0,58,Starter
CUST0070,2025-06-01,12,2,0,31,Starter
CUST0070,2025-07-01,13,1,0,23,Growth
CUST0070,2025-08-01,24,2,0,54,Growth
CUST0070,2025-09-01,24,4,1,49,Growth
CUST0070,2025-10-01,23,3,0,51,Growth
CUST0070,2025-11-01,25,4,0,22,Growth
CUST0070,2025-12-01,15,4,0,65,Growth
CUST0071,2025-02-01,17,70,2,36,Growth
CUST0071,2025-03-01,18,77,1,9,Growth
CUST0071,2025-04-01,22,85,1,18,Growth
CUST0071,2025-05-01,19,71,0,35,Growth
CUST0071,2025-06-01,12,57,0,7,Growth
CUST0071,2025-07-01,20,83,0,27,Growth
CUST0071,2025-08-01,18,82,1,15,Growth
CUST0071,2025-09-01,16,72,0,74,Growth
CUST0071,2025-10-01,13,71,0,78,Growth
CUST0071,2025-11-01,6,37,0,21,Growth
CUST0071,2025-12-01,21,53,0,64,Growth
CUST0072,2024-07-01,47,47,1,17,Enterprise
CUST0072,2024-08-01,72,32,0,53,Enterprise
CUST0072,2024-09-01,35,32,0,65,Enterprise
CUST0072,2024-10-01,39,41,0,31,Enterprise
CUST0072,2024-11-01,36,46,1,-2,Enterprise
CUST0072,2024-12-01,64,42,0,58,Enterprise
CUST0072,2025-01-01,45,28,2,18,Enterprise
CUST0072,2025-02-01,55,29,0,25,Enterprise
CUST0072,2025-03-01,50,30,0,73,Enterprise
CUST0072,2025-04-01,47,23,2,21,Enterprise
CUST0072,2025-05-01,71,22,1,5,Enterprise
CUST0072,2025-06-01,63,45,1,79,Enterprise
CUST0072,2025-07-01,40,42,0,32,Enterprise
CUST0072,2025-08-01,53,31,3,15,Enterprise
CUST0072,2025-09-01,36,25,0,19,Enterprise
CUST0072,2025-10-01,27,22,0,-30,Enterprise
CUST0072,2025-11-01,76,29,2,69,Enterprise
CUST0072,2025-12-01,32,23,0,67,Enterprise
CUST0073,2025-04-01,6,5,0,6,Starter
CUST0073,2025-05-01,10,7,0,10,Starter
CUST0073,2025-06-01,9,8,0,3,Starter
CUST0073,2025-07-01,4,7,0,-6,Starter
CUST0073,2025-08-01,9,7,1,60,Starter
CUST0073,2025-09-01,11,5,1,79,Starter
CUST0073,2025-10-01,9,6,0,73,Starter
CUST0073,2025-11-01,7,9,0,57,Starter
CUST0073,2025-12-01,8,4,0,61,Starter
CUST0074,2024-12-01,23,177,0,36,Growth
CUST0074,2025-01-01,14,102,0,33,Growth
CUST0074,2025-02-01,28,146,0,23,Growth
CUST0074,2025-03-01,18,190,1,15,Growth
CUST0074,2025-04-01,16,142,1,67,Growth
CUST0074,2025-05-01,21,132,1,0,Growth
CUST0074,2025-06-01,34,141,0,70,Enterprise
CUST0075,2024-07-01,7,1,1,20,Starter
CUST0075,2024-08-01,6,1,0,31,Starter
CUST0075,2024-09-01,10,1,1,33,Starter
CUST0075,2024-10-01,4,1,0,16,Starter
CUST0075,2024-11-01,7,1,0,55,Starter
CUST0075,2024-12-01,0,1,0,20,Starter
CUST0075,2025-01-01,8,1,1,0,Starter
CUST0075,2025-02-01,5,1,0,38,Starter
CUST0075,2025-03-01,8,1,0,35,Starter
CUST0075,2025-04-01,3,1,1,-35,Starter
CUST0075,2025-05-01,5,1,1,12,Starter
CUST0075,2025-06-01,7,1,2,100,Starter
CUST0075,2025-07-01,1,1,1,-3,Starter
CUST0075,2025-08-01,9,1,0,57,Starter
CUST0075,2025-09-01,7,1,0,30,Starter
CUST0075,2025-10-01,5,1,0,31,Starter
CUST0076,2024-10-01,10,1,0,37,Growth
CUST0076,2024-11-01,9,1,1,-37,Growth
CUST0076,2024-12-01,22,1,0,53,Growth
CUST0076,2025-01-01,20,1,0,1,Growth
CUST0076,2025-02-01,28,1,0,26,Growth
CUST0076,2025-03-01,16,1,0,22,Growth
CUST0076,2025-04-01,24,1,0,25,Growth
CUST0076,2025-05-01,11,1,0,33,Growth
CUST0076,2025-06-01,19,1,0,64,Growth
CUST0076,2025-07-01,19,1,0,20,Growth
CUST0076,2025-08-01,7,1,0,12,Growth
CUST0076,2025-09-01,17,1,0,57,Growth
CUST0076,2025-10-01,15,1,0,48,Growth
CUST0076,2025-11-01,19,1,0,18,Growth
CUST0076,2025-12-01,16,1,1,57,Growth
CUST0077,2024-05-01,7,2,0,89,Starter
CUST0077,2024-06-01,11,1,0,73,Starter
CUST0077,2024-07-01,10,3,0,36,Starter
CUST0077,2024-08-01,5,2,1,67,Starter
CUST0077,2024-09-01,5,3,0,47,Starter
CUST0077,2024-10-01,8,3,0,77,Starter
CUST0077,2024-11-01,9,2,0,35,Starter
CUST0077,2024-12-01,12,3,0,27,Starter
CUST0077,2025-01-01,11,3,0,42,Starter
CUST0077,2025-02-01,8,3,0,43,Starter
CUST0077,2025-03-01,9,2,0,29,Starter
CUST0077,2025-04-01,10,3,0,50,Starter
CUST0077,2025-05-01,4,2,0,-44,Starter
CUST0077,2025-06-01,12,4,1,58,Starter
CUST0077,2025-07-01,8,4,1,13,Starter
CUST0077,2025-08-01,0,2,0,4,Starter
CUST0077,2025-09-01,7,4,0,55,Starter
CUST0077,2025-10-01,8,2,0,52,Starter
CUST0077,2025-11-01,9,2,0,21,Starter
CUST0077,2025-12-01,6,2,1,40,Starter
CUST0078,2025-11-01,4,178,0,4,Starter
CUST0078,2025-12-01,6,164,0,51,Starter
CUST0079,2024-02-01,65,1,0,39,Enterprise
CUST0079,2024-03-01,46,1,1,82,Enterprise
CUST0079,2024-04-01,71,1,1,82,Enterprise
CUST0079,2024-05-01,8,1,1,-14,Enterprise
CUST0079,2024-06-01,51,1,0,38,Enterprise
CUST0079,2024-07-01,22,1,0,9,Enterprise
CUST0079,2024-08-01,57,1,0,24,Enterprise
CUST0080,2024-02-01,56,18,2,67,Enterprise
CUST0080,2024-03-01,55,9,1,9,Enterprise
CUST0080,2024-04-01,44,9,0,89,Enterprise
CUST0080,2024-05-01,27,8,0,17,Enterprise
CUST0080,2024-06-01,24,15,1,39,Enterprise
CUST0080,2024-07-01,33,12,0,69,Enterprise
CUST0080,2024-08-01,69,11,0,21,Enterprise
CUST0080,2024-09-01,51,11,1,3,Enterprise
CUST0080,2024-10-01,55,8,0,52,Enterprise
CUST0080,2024-11-01,39,12,2,41,Enterprise
CUST0080,2024-12-01,23,18,1,26,Enterprise
CUST0080,2025-01-01,72,18,0,65,Enterprise
CUST0080,2025-02-01,46,12,0,35,Enterprise
CUST0080,2025-03-01,39,11,1,89,Enterprise
CUST0080,2025-04-01,37,9,0,55,Enterprise
CUST0080,2025-05-01,51,15,1,21,Enterprise
CUST0080,2025-06-01,58,18,1,32,Enterprise
CUST0080,2025-07-01,21,14,1,29,Enterprise
CUST0080,2025-08-01,36,13,0,59,Enterprise
CUST0080,2025-09-01,17,16,0,46,Enterprise
CUST0080,2025-10-01,59,16,0,36,Enterprise
CUST0080,2025-11-01,62,10,0,65,Enterprise
CUST0080,2025-12-01,44,12,1,46,Enterprise
CUST0081,2024-06-01,44,1,0,0,Enterprise
CUST0081,2024-07-01,45,1,2,44,Enterprise
CUST0081,2024-08-01,56,1,0,69,Enterprise
CUST0081,2024-09-01,77,1,0,51,Enterprise
CUST0081,2024-10-01,37,1,0,36,Enterprise
CUST0081,2024-11-01,53,1,0,25,Enterprise
CUST0081,2024-12-01,33,1,0,34,Enterprise
CUST0081,2025-01-01,67,1,0,10,Enterprise
CUST0081,2025-02-01,45,1,1,30,Enterprise
CUST0081,2025-03-01,33,1,2,37,Enterprise
CUST0081,2025-04-01,54,1,0,41,Enterprise
CUST0081,2025-05-01,35,1,0,64,Enterprise
CUST0081,2025-06-01,49,1,0,42,Enterprise
CUST0081,2025-07-01,28,1,0,61,Enterprise
CUST0081,2025-08-01,51,1,3,32,Enterprise
CUST0081,2025-09-01,55,1,0,0,Enterprise
CUST0081,2025-10-01,39,1,1,28,Enterprise
CUST0081,2025-11-01,25,1,0,13,Enterprise
CUST0081,2025-12-01,44,1,0,65,Enterprise
CUST0082,2024-12-01,7,2,0,54,Starter
CUST0082,2025-01-01,11,3,0,48,Starter
CUST0082,2025-02-01,5,2,0,-4,Starter
CUST0082,2025-03-01,9,4,1,8,Starter
CUST0082,2025-04-01,7,4,0,-16,Starter
CUST0082,2025-05-01,7,3,0,-1,Starter
CUST0082,2025-06-01,6,4,0,64,Starter
CUST0082,2025-07-01,6,1,1,15,Starter
CUST0082,2025-08-01,4,2,1,-8,Starter
CUST0082,2025-09-01,13,4,0,1,Starter
CUST0082,2025-10-01,15,3,0,25,Starter
CUST0082,2025-11-01,6,4,0,4,Starter
CUST0082,2025-12-01,9,4,1,9,Starter
CUST0083,2024-04-01,34,4,0,51,Enterprise
CUST0083,2024-05-01,78,9,0,37,Enterprise
CUST0083,2024-06-01,75,6,0,0,Enterprise
CUST0083,2024-07-01,5,7,1,9,Enterprise
CUST0083,2024-08-01,35,7,0,49,Enterprise
CUST0083,2024-09-01,55,6,0,38,Enterprise
CUST0083,2024-10-01,63,5,0,7,Enterprise
CUST0083,2024-11-01,50,9,1,45,Enterprise
CUST0083,2024-12-01,31,4,0,-20,Enterprise
CUST0083,2025-01-01,55,7,0,8,Enterprise
CUST0083,2025-02-01,40,9,1,23,Enterprise
CUST0083,2025-03-01,40,9,0,86,Enterprise
CUST0083,2025-04-01,30,3,1,34,Enterprise
CUST0083,2025-05-01,43,4,2,44,Enterprise
CUST0083,2025-06-01,38,7,0,9,Enterprise
CUST0083,2025-07-01,35,7,1,3,Enterprise
CUST0083,2025-08-01,74,6,0,38,Enterprise
CUST0083,2025-09-01,65,7,0,17,Enterprise
CUST0083,2025-10-01,54,7,0,17,Enterprise
CUST0083,2025-11-01,6,5,0,37,Enterprise
CUST0083,2025-12-01,25,7,0,-24,Enterprise
CUST0084,2024-04-01,7,10,0,36,Starter
CUST0084,2024-05-01,8,10,0,48,Starter
CUST0084,2024-06-01,5,8,0,6,Starter
CUST0084,2024-07-01,11,15,0,59,Starter
CUST0084,2024-08-01,4,8,0,-31,Starter
CUST0084,2024-09-01,6,14,2,5,Starter
CUST0084,2024-10-01,6,10,0,57,Starter
CUST0084,2024-11-01,7,11,0,67,Starter
CUST0084,2024-12-01,6,15,0,65,Starter
CUST0084,2025-01-01,6,7,1,38,Starter
CUST0084,2025-02-01,0,15,0,6,Starter
CUST0084,2025-03-01,10,11,0,35,Starter
CUST0084,2025-04-01,0,12,0,22,Starter
CUST0084,2025-05-01,7,14,1,-1,Starter
CUST0084,2025-06-01,5,14,1,56,Starter
CUST0084,2025-07-01,4,14,1,14,Starter
CUST0084,2025-08-01,5,18,0,64,Starter
CUST0084,2025-09-01,3,18,2,16,Starter
CUST0084,2025-10-01,5,17,0,58,Starter
CUST0084,2025-11-01,6,8,0,100,Starter
CUST0084,2025-12-01,8,16,0,73,Starter
CUST0085,2024-11-01,73,140,1,40,Enterprise
CUST0085,2024-12-01,20,175,2,-31,Enterprise
CUST0085,2025-01-01,21,98,0,13,Enterprise
CUST0085,2025-02-01,45,95,0,22,Enterprise
CUST0085,2025-03-01,57,174,2,28,Enterprise
CUST0085,2025-04-01,77,150,0,40,Enterprise
CUST0085,2025-05-01,23,138,2,18,Enterprise
CUST0085,2025-06-01,35,135,2,57,Enterprise
CUST0085,2025-07-01,11,92,1,17,Enterprise
CUST0085,2025-08-01,26,160,2,12,Enterprise
CUST0085,2025-09-01,28,156,0,44,Enterprise
CUST0085,2025-10-01,72,83,0,52,Enterprise
CUST0085,2025-11-01,56,182,0,63,Enterprise
CUST0085,2025-12-01,25,96,1,38,Enterprise
CUST0086,2024-09-01,11,1,0,-17,Growth
CUST0086,2024-10-01,15,1,0,34,Growth
CUST0086,2024-11-01,25,1,0,68,Growth
CUST0086,2024-12-01,14,1,0,44,Growth
CUST0086,2025-01-01,27,1,0,94,Growth
CUST0086,2025-02-01,21,1,0,46,Growth
CUST0086,2025-03-01,51,1,1,37,Enterprise
CUST0086,2025-04-01,40,1,0,38,Enterprise
CUST0086,2025-05-01,38,1,0,21,Enterprise
CUST0086,2025-06-01,36,1,0,24,Enterprise
CUST0086,2025-07-01,28,1,0,54,Enterprise
CUST0086,2025-08-01,56,1,1,95,Enterprise
CUST0086,2025-09-01,39,1,1,-16,Enterprise
CUST0086,2025-10-01,45,1,1,30,Enterprise
CUST0086,2025-11-01,58,1,1,84,Enterprise
CUST0086,2025-12-01,88,1,2,98,Enterprise
CUST0087,2024-10-01,54,6,0,59,Enterprise
CUST0087,2024-11-01,58,5,0,31,Enterprise
CUST0087,2024-12-01,53,7,2,13,Enterprise
CUST0087,2025-01-01,65,5,2,28,Enterprise
CUST0087,2025-02-01,42,3,1,70,Enterprise
CUST0087,2025-03-01,47,3,0,32,Enterprise
CUST0087,2025-04-01,20,4,1,6,Enterprise
CUST0087,2025-05-01,57,9,1,35,Enterprise
CUST0087,2025-06-01,31,9,0,11,Enterprise
CUST0087,2025-07-01,46,3,1,57,Enterprise
CUST0087,2025-08-01,48,5,1,11,Enterprise
CUST0087,2025-09-01,50,8,0,98,Enterprise
CUST0087,2025-10-01,31,4,1,16,Enterprise
CUST0087,2025-11-01,52,7,0,1,Enterprise
CUST0087,2025-12-01,37,8,0,51,Enterprise
CUST0088,2025-03-01,4,8,0,33,Starter
CUST0088,2025-04-01,11,14,0,19,Starter
CUST0088,2025-05-01,7,16,0,14,Starter
CUST0088,2025-06-01,10,11,0,40,Starter
CUST0088,2025-07-01,8,13,0,-13,Starter
CUST0088,2025-08-01,7,18,0,73,Starter
CUST0088,2025-09-01,14,10,0,72,Starter
CUST0088,2025-10-01,10,7,1,20,Starter
CUST0088,2025-11-01,5,7,0,58,Starter
CUST0088,2025-12-01,9,10,0,36,Starter
CUST0089,2024-07-01,13,25,0,43,Growth
CUST0089,2024-08-01,26,29,0,79,Growth
CUST0089,2024-09-01,15,32,2,17,Growth
CUST0089,2024-10-01,20,24,0,48,Growth
CUST0089,2024-11-01,18,23,0,79,Growth
CUST0089,2024-12-01,26,30,1,21,Growth
CUST0089,2025-01-01,19,32,1,39,Growth
CUST0089,2025-02-01,28,22,0,67,Growth
CUST0089,2025-03-01,12,42,0,-57,Growth
CUST0089,2025-04-01,18,31,0,32,Growth
CUST0089,2025-05-01,17,20,0,26,Growth
CUST0089,2025-06-01,12,29,0,67,Growth
CUST0089,2025-07-01,33,38,0,30,Growth
CUST0090,2024-08-01,8,1,0,64,Starter
CUST0090,2024-09-01,8,1,1,0,Starter
CUST0090,2024-10-01,5,1,0,75,Starter
CUST0090,2024-11-01,8,1,0,51,Starter
CUST0090,2024-12-01,10,1,0,44,Starter
CUST0090,2025-01-01,10,1,0,28,Starter
CUST0090,2025-02-01,28,1,1,24,Growth
CUST0090,2025-03-01,20,1,0,21,Growth
CUST0090,2025-04-01,22,1,0,73,Growth
CUST0090,2025-05-01,26,1,0,24,Growth
CUST0090,2025-06-01,23,1,1,9,Growth
CUST0090,2025-07-01,14,1,0,-5,Growth
CUST0090,2025-08-01,27,1,0,58,Growth
CUST0090,2025-09-01,21,1,0,48,Growth
CUST0090,2025-10-01,13,1,1,24,Growth
CUST0090,2025-11-01,20,1,0,64,Growth
CUST0090,2025-12-01,23,1,0,30,Growth
CUST0091,2024-06-01,56,9,0,29,Enterprise
CUST0091,2024-07-01,46,10,0,62,Enterprise
CUST0091,2024-08-01,42,19,1,40,Enterprise
CUST0091,2024-09-01,59,9,2,17,Enterprise
CUST0091,2024-10-01,55,10,1,76,Enterprise
CUST0091,2024-11-01,40,16,0,52,Enterprise
CUST0091,2024-12-01,51,15,0,16,Enterprise
CUST0091,2025-01-01,27,8,0,4,Enterprise
CUST0091,2025-02-01,22,18,0,33,Enterprise
CUST0091,2025-03-01,62,8,1,72,Enterprise
CUST0091,2025-04-01,34,10,1,35,Enterprise
CUST0091,2025-05-01,64,15,0,67,Enterprise
CUST0091,2025-06-01,56,13,1,39,Enterprise
CUST0092,2024-09-01,10,17,1,27,Starter
CUST0092,2024-10-01,4,17,0,44,Starter
CUST0093,2024-09-01,46,5,1,44,Enterprise
CUST0093,2024-10-01,41,4,0,29,Enterprise
CUST0094,2025-01-01,10,191,1,16,Starter
CUST0094,2025-02-01,7,159,0,36,Starter
CUST0094,2025-03-01,7,190,0,29,Starter
CUST0094,2025-04-01,11,115,0,100,Starter
CUST0094,2025-05-01,5,150,0,-11,Starter
CUST0094,2025-06-01,7,128,0,-9,Starter
CUST0094,2025-07-01,3,162,0,-2,Starter
CUST0094,2025-08-01,9,148,0,33,Starter
CUST0094,2025-09-01,1,112,0,3,Starter
CUST0094,2025-10-01,7,156,0,35,Starter
CUST0094,2025-11-01,11,145,1,33,Starter
CUST0094,2025-12-01,4,145,2,-21,Starter
CUST0095,2025-02-01,9,6,1,-8,Starter
CUST0095,2025-03-01,7,9,0,0,Starter
CUST0095,2025-04-01,6,8,0,42,Starter
CUST0095,2025-05-01,4,5,0,18,Starter
CUST0096,2025-01-01,14,5,0,30,Growth
CUST0096,2025-02-01,23,8,0,37,Growth
CUST0096,2025-03-01,22,7,0,50,Growth
CUST0096,2025-04-01,19,6,0,49,Growth
CUST0096,2025-05-01,15,7,0,52,Growth
CUST0096,2025-06-01,18,5,0,72,Growth
CUST0096,2025-07-01,20,4,2,19,Growth
CUST0096,2025-08-01,30,6,2,24,Growth
CUST0096,2025-09-01,1,6,0,13,Growth
CUST0096,2025-10-01,17,6,0,52,Growth
CUST0096,2025-11-01,23,6,0,5,Growth
CUST0096,2025-12-01,26,5,0,20,Growth
CUST0097,2024-03-01,6,10,1,62,Starter
CUST0097,2024-04-01,7,12,0,27,Starter
CUST0097,2024-05-01,4,11,0,25,Starter
CUST0097,2024-06-01,3,8,0,26,Starter
CUST0097,2024-07-01,7,12,0,25,Starter
CUST0097,2024-08-01,6,8,0,31,Starter
CUST0097,2024-09-01,7,16,0,-11,Starter
CUST0097,2024-10-01,10,13,0,11,Starter
CUST0097,2024-11-01,5,16,1,57,Starter
CUST0097,2024-12-01,2,11,0,27,Starter
CUST0097,2025-01-01,14,9,0,50,Starter
CUST0097,2025-02-01,11,8,0,63,Starter
CUST0097,2025-03-01,9,15,0,64,Starter
CUST0097,2025-04-01,11,7,0,70,Starter
CUST0097,2025-05-01,4,10,0,36,Starter
CUST0097,2025-06-01,7,10,1,54,Starter
CUST0097,2025-07-01,6,7,1,9,Starter
CUST0097,2025-08-01,11,14,0,20,Starter
CUST0097,2025-09-01,7,8,0,82,Starter
CUST0097,2025-10-01,8,13,0,31,Starter
CUST0097,2025-11-01,7,11,2,67,Starter
CUST0097,2025-12-01,8,12,0,40,Starter
CUST0098,2024-08-01,5,95,0,54,Starter
CUST0098,2024-09-01,9,74,0,22,Starter
CUST0098,2024-10-01,10,80,0,27,Starter
CUST0098,2024-11-01,5,62,0,-3,Starter
CUST0098,2024-12-01,7,39,0,0,Starter
CUST0098,2025-01-01,5,89,1,12,Starter
CUST0098,2025-02-01,7,79,0,22,Starter
CUST0098,2025-03-01,7,87,0,81,Starter
CUST0098,2025-04-01,7,74,1,35,Starter
CUST0098,2025-05-01,12,93,0,76,Starter
CUST0098,2025-06-01,7,86,0,36,Starter
CUST0098,2025-07-01,4,95,1,9,Starter
CUST0098,2025-08-01,6,76,1,43,Starter
CUST0098,2025-09-01,11,49,0,46,Starter
CUST0098,2025-10-01,2,40,0,2,Starter
CUST0098,2025-11-01,8,51,0,79,Starter
CUST0098,2025-12-01,8,64,1,-10,Starter
CUST0099,2024-06-01,4,164,0,-18,Starter
CUST0099,2024-07-01,6,102,0,53,Starter
CUST0099,2024-08-01,0,95,0,-1,Starter
CUST0100,2024-09-01,24,3,1,19,Growth
CUST0100,2024-10-01,21,3,0,57,Growth
CUST0100,2024-11-01,26,3,0,59,Growth
CUST0100,2024-12-01,19,3,0,4,Growth
CUST0100,2025-01-01,18,1,0,-19,Growth
CUST0100,2025-02-01,21,3,1,12,Growth
CUST0100,2025-03-01,19,2,1,25,Growth
CUST0100,2025-04-01,23,3,0,30,Growth
CUST0100,2025-05-01,14,2,1,33,Growth
CUST0100,2025-06-01,17,3,0,32,Growth
CUST0101,2025-06-01,3,1,0,-29,Starter
CUST0101,2025-07-01,6,1,0,8,Starter
CUST0101,2025-08-01,7,1,0,56,Starter
CUST0101,2025-09-01,11,1,0,56,Starter
CUST0101,2025-10-01,7,1,0,51,Starter
CUST0101,2025-11-01,7,1,2,29,Starter
CUST0101,2025-12-01,3,1,0,-1,Starter
CUST0102,2024-05-01,3,1,1,16,Starter
CUST0102,2024-06-01,6,1,1,43,Starter
CUST0102,2024-07-01,7,1,0,33,Starter
CUST0102,2024-08-01,8,1,0,51,Starter
CUST0102,2024-09-01,6,1,0,8,Starter
CUST0102,2024-10-01,8,1,0,12,Starter
CUST0102,2024-11-01,5,1,0,59,Starter
CUST0102,2024-12-01,8,1,0,72,Starter
CUST0102,2025-01-01,10,1,0,37,Starter
CUST0102,2025-02-01,10,1,0,11,Starter
CUST0102,2025-03-01,7,1,0,38,Starter
CUST0102,2025-04-01,6,1,0,58,Starter
CUST0102,2025-05-01,8,1,0,45,Starter
CUST0102,2025-06-01,12,1,0,38,Starter
CUST0102,2025-07-01,10,1,0,65,Starter
CUST0102,2025-08-01,9,1,0,75,Starter
CUST0102,2025-09-01,8,1,0,46,Starter
CUST0102,2025-10-01,6,1,0,28,Starter
CUST0103,2024-06-01,8,36,1,60,Starter
CUST0103,2024-07-01,8,33,0,-2,Starter
CUST0103,2024-08-01,6,30,0,14,Starter
CUST0103,2024-09-01,5,44,0,16,Starter
CUST0103,2024-10-01,9,29,0,62,Starter
CUST0103,2024-11-01,5,45,0,-8,Starter
CUST0103,2024-12-01,3,44,1,32,Growth
CUST0103,2025-01-01,23,19,0,46,Growth
CUST0103,2025-02-01,22,35,0,47,Growth
CUST0103,2025-03-01,4,38,0,27,Growth
CUST0103,2025-04-01,22,23,0,81,Growth
CUST0103,2025-05-01,14,26,0,34,Growth
CUST0103,2025-06-01,26,46,1,70,Growth
CUST0103,2025-07-01,20,19,0,57,Growth
CUST0103,2025-08-01,17,27,0,12,Growth
CUST0103,2025-09-01,24,19,0,62,Growth
CUST0103,2025-10-01,15,42,0,78,Growth
CUST0103,2025-11-01,31,43,0,16,Growth
CUST0103,2025-12-01,13,34,0,18,Growth
CUST0104,2024-09-01,7,1,0,30,Starter
CUST0104,2024-10-01,4,1,0,-10,Starter
CUST0104,2024-11-01,2,1,0,-39,Starter
CUST0104,2024-12-01,3,1,0,59,Starter
CUST0104,2025-01-01,13,1,0,58,Starter
CUST0104,2025-02-01,6,1,0,2,Starter
CUST0104,2025-03-01,7,1,0,51,Starter
CUST0104,2025-04-01,5,1,0,49,Starter
CUST0104,2025-05-01,4,1,0,-4,Starter
CUST0104,2025-06-01,7,1,0,86,Starter
CUST0104,2025-07-01,5,1,0,100,Starter
CUST0104,2025-08-01,9,1,0,100,Starter
CUST0104,2025-09-01,5,1,1,20,Starter
CUST0104,2025-10-01,5,1,1,43,Starter
CUST0104,2025-11-01,7,1,0,19,Starter
CUST0104,2025-12-01,13,1,1,57,Starter
CUST0105,2024-07-01,8,1,0,20,Starter
CUST0105,2024-08-01,9,1,1,6,Starter
CUST0105,2024-09-01,6,1,0,53,Starter
CUST0105,2024-10-01,5,1,0,44,Starter
CUST0105,2024-11-01,7,1,0,44,Starter
CUST0105,2024-12-01,5,1,0,24,Starter
CUST0105,2025-01-01,7,1,0,8,Starter
CUST0105,2025-02-01,9,1,0,21,Starter
CUST0105,2025-03-01,4,1,0,33,Starter
CUST0105,2025-04-01,8,1,1,33,Starter
CUST0105,2025-05-01,5,1,0,49,Starter
CUST0105,2025-06-01,3,1,1,-7,Starter
CUST0106,2024-06-01,11,1,1,59,Starter
CUST0106,2024-07-01,13,1,0,29,Starter
CUST0106,2024-08-01,8,1,1,50,Starter
CUST0106,2024-09-01,5,1,0,40,Starter
CUST0106,2024-10-01,4,1,0,-9,Starter
CUST0106,2024-11-01,10,1,1,32,Starter
CUST0106,2024-12-01,11,1,0,33,Starter
CUST0106,2025-01-01,7,1,1,72,Starter
CUST0106,2025-02-01,10,1,0,-5,Starter
CUST0106,2025-03-01,10,1,1,65,Starter
CUST0106,2025-04-01,4,1,0,-10,Starter
CUST0106,2025-05-01,4,1,0,27,Starter
CUST0106,2025-06-01,8,1,0,59,Starter
CUST0106,2025-07-01,8,1,0,29,Starter
CUST0106,2025-08-01,9,1,0,45,Starter
CUST0106,2025-09-01,8,1,0,28,Starter
CUST0107,2024-11-01,19,15,0,32,Growth
CUST0107,2024-12-01,17,8,0,42,Growth
CUST0107,2025-01-01,36,17,1,79,Growth
CUST0107,2025-02-01,6,15,0,3,Growth
CUST0107,2025-03-01,15,11,0,4,Growth
CUST0107,2025-04-01,34,7,0,54,Growth
CUST0107,2025-05-01,26,16,0,24,Growth
CUST0107,2025-06-01,17,10,2,59,Growth
CUST0107,2025-07-01,7,8,1,11,Growth
CUST0107,2025-08-01,20,16,0,76,Growth
CUST0107,2025-09-01,29,15,0,50,Growth
CUST0107,2025-10-01,22,10,0,96,Growth
CUST0107,2025-11-01,0,17,0,34,Growth
CUST0107,2025-12-01,37,7,0,31,Growth
CUST0108,2024-10-01,22,146,0,38,Growth
CUST0108,2024-11-01,21,102,0,66,Growth
CUST0108,2024-12-01,31,152,0,33,Growth
CUST0108,2025-01-01,26,112,0,65,Growth
CUST0108,2025-02-01,17,186,0,48,Growth
CUST0108,2025-03-01,23,186,0,0,Growth
CUST0108,2025-04-01,23,173,0,-7,Growth
CUST0108,2025-05-01,25,113,0,48,Growth
CUST0108,2025-06-01,27,177,0,-29,Growth
CUST0108,2025-07-01,27,76,0,64,Growth
CUST0108,2025-08-01,32,163,0,1,Growth
CUST0108,2025-09-01,24,84,0,-8,Growth
CUST0108,2025-10-01,24,161,0,69,Growth
CUST0108,2025-11-01,14,152,0,33,Growth
CUST0108,2025-12-01,20,158,0,2,Growth
CUST0109,2024-06-01,53,4,0,-6,Enterprise
CUST0109,2024-07-01,41,6,0,84,Enterprise
CUST0109,2024-08-01,48,6,1,56,Enterprise
CUST0109,2024-09-01,17,6,1,-7,Enterprise
CUST0109,2024-10-01,41,4,0,8,Enterprise
CUST0109,2024-11-01,58,8,0,44,Enterprise
CUST0109,2024-12-01,14,6,1,42,Enterprise
CUST0109,2025-01-01,30,5,1,25,Enterprise
CUST0109,2025-02-01,50,8,1,29,Enterprise
CUST0109,2025-03-01,31,9,0,28,Enterprise
CUST0109,2025-04-01,44,6,1,73,Enterprise
CUST0109,2025-05-01,46,7,0,58,Enterprise
CUST0109,2025-06-01,17,9,1,-6,Enterprise
CUST0109,2025-07-01,35,9,2,-40,Enterprise
CUST0109,2025-08-01,51,5,0,47,Enterprise
CUST0109,2025-09-01,52,6,0,74,Enterprise
CUST0109,2025-10-01,33,8,2,30,Enterprise
CUST0109,2025-11-01,12,5,1,2,Enterprise
CUST0109,2025-12-01,28,9,0,10,Enterprise
CUST0110,2024-02-01,76,41,0,43,Enterprise
CUST0110,2024-03-01,74,89,0,69,Enterprise
CUST0110,2024-04-01,15,85,0,-7,Enterprise
CUST0110,2024-05-01,51,54,0,25,Enterprise
CUST0110,2024-06-01,55,80,1,-11,Enterprise
CUST0110,2024-07-01,78,57,0,43,Enterprise
CUST0110,2024-08-01,45,93,2,58,Enterprise
CUST0110,2024-09-01,49,61,1,79,Enterprise
CUST0110,2024-10-01,56,94,0,43,Enterprise
CUST0110,2024-11-01,71,53,1,8,Enterprise
CUST0110,2024-12-01,63,66,1,83,Enterprise
CUST0110,2025-01-01,46,62,0,0,Enterprise
CUST0110,2025-02-01,18,70,0,-18,Enterprise
CUST0110,2025-03-01,44,67,0,80,Enterprise
CUST0110,2025-04-01,61,61,2,50,Enterprise
CUST0110,2025-05-01,43,86,1,16,Enterprise
CUST0110,2025-06-01,29,53,1,35,Enterprise
CUST0110,2025-07-01,39,49,0,47,Enterprise
CUST0110,2025-08-01,66,37,0,16,Enterprise
CUST0110,2025-09-01,41,78,1,57,Enterprise
CUST0110,2025-10-01,73,94,0,25,Enterprise
CUST0110,2025-11-01,83,93,0,89,Enterprise
CUST0110,2025-12-01,45,85,1,31,Enterprise
CUST0111,2025-05-01,7,5,0,61,Starter
CUST0111,2025-06-01,14,5,2,33,Starter
CUST0111,2025-07-01,10,8,0,82,Starter
CUST0111,2025-08-01,7,5,0,39,Starter
CUST0111,2025-09-01,5,7,0,67,Starter
CUST0112,2024-06-01,11,1,0,39,Starter
CUST0112,2024-07-01,10,1,0,36,Starter
CUST0112,2024-08-01,7,1,0,65,Starter
CUST0112,2024-09-01,5,1,0,52,Starter
CUST0112,2024-10-01,6,1,0,89,Starter
CUST0112,2024-11-01,8,1,1,13,Starter
CUST0112,2024-12-01,5,1,0,45,Starter
CUST0112,2025-01-01,2,1,0,-13,Starter
CUST0112,2025-02-01,11,1,0,55,Starter
CUST0113,2025-08-01,7,4,0,51,Starter
CUST0113,2025-09-01,9,3,1,41,Starter
CUST0113,2025-10-01,3,3,0,25,Starter
CUST0114,2025-06-01,8,91,1,39,Starter
CUST0114,2025-07-01,3,88,0,-4,Starter
CUST0114,2025-08-01,9,52,0,28,Starter
CUST0114,2025-09-01,5,53,0,17,Starter
CUST0114,2025-10-01,11,70,0,27,Starter
CUST0114,2025-11-01,11,76,0,47,Starter
CUST0114,2025-12-01,7,74,0,21,Starter
CUST0115,2025-01-01,9,1,1,31,Starter
CUST0115,2025-02-01,12,1,0,54,Starter
CUST0115,2025-03-01,4,1,0,59,Starter
CUST0115,2025-04-01,6,1,1,54,Starter
CUST0115,2025-05-01,9,1,1,61,Starter
CUST0115,2025-06-01,7,1,0,53,Starter
CUST0115,2025-07-01,9,1,1,72,Starter
CUST0115,2025-08-01,8,1,0,41,Starter
CUST0115,2025-09-01,2,1,1,45,Starter
CUST0115,2025-10-01,9,1,0,60,Starter
CUST0116,2024-04-01,5,6,1,-6,Starter
CUST0116,2024-05-01,11,6,2,97,Starter
CUST0116,2024-06-01,3,9,1,-9,Starter
CUST0116,2024-07-01,12,3,0,17,Starter
CUST0116,2024-08-01,0,3,0,22,Starter
CUST0116,2024-09-01,3,5,0,-25,Starter
CUST0116,2024-10-01,6,6,0,9,Starter
CUST0116,2024-11-01,8,7,1,20,Starter
CUST0116,2024-12-01,7,7,0,84,Starter
CUST0116,2025-01-01,15,9,0,-4,Starter
CUST0116,2025-02-01,12,9,1,34,Starter
CUST0116,2025-03-01,11,8,1,13,Starter
CUST0116,2025-04-01,10,5,0,17,Starter
CUST0116,2025-05-01,10,3,0,24,Starter
CUST0116,2025-06-01,4,6,0,-19,Starter
CUST0116,2025-07-01,4,6,0,1,Starter
CUST0116,2025-08-01,6,8,0,63,Starter
CUST0116,2025-09-01,7,7,0,37,Starter
CUST0116,2025-10-01,12,8,3,26,Starter
CUST0116,2025-11-01,1,7,1,-3,Starter
CUST0117,2024-05-01,40,88,0,70,Enterprise
CUST0117,2024-06-01,52,182,1,40,Enterprise
CUST0117,2024-07-01,9,80,0,22,Enterprise
CUST0117,2024-08-01,28,130,0,53,Enterprise
CUST0117,2024-09-01,43,100,0,49,Enterprise
CUST0117,2024-10-01,71,186,0,18,Enterprise
CUST0117,2024-11-01,43,148,0,43,Enterprise
CUST0117,2024-12-01,25,138,0,33,Enterprise
CUST0117,2025-01-01,68,97,0,45,Enterprise
CUST0117,2025-02-01,73,122,0,55,Enterprise
CUST0117,2025-03-01,47,155,0,64,Enterprise
CUST0117,2025-04-01,43,86,2,35,Enterprise
CUST0117,2025-05-01,54,176,0,90,Enterprise
CUST0117,2025-06-01,30,167,0,8,Enterprise
CUST0117,2025-07-01,50,116,0,-11,Enterprise
CUST0117,2025-08-01,38,87,0,39,Enterprise
CUST0117,2025-09-01,36,189,0,74,Enterprise
CUST0117,2025-10-01,65,174,0,88,Enterprise
CUST0117,2025-11-01,45,145,1,48,Enterprise
CUST0117,2025-12-01,75,120,0,61,Enterprise
CUST0118,2024-10-01,49,6,1,36,Enterprise
CUST0118,2024-11-01,36,5,1,49,Enterprise
CUST0118,2024-12-01,17,4,0,1,Enterprise
CUST0118,2025-01-01,25,5,1,19,Enterprise
CUST0118,2025-02-01,35,6,0,38,Enterprise
CUST0118,2025-03-01,7,5,0,3,Enterprise
CUST0118,2025-04-01,44,8,0,43,Enterprise
CUST0118,2025-05-01,39,8,1,56,Enterprise
CUST0118,2025-06-01,32,7,0,49,Enterprise
CUST0118,2025-07-01,47,8,0,21,Enterprise
CUST0118,2025-08-01,43,6,1,63,Enterprise
CUST0118,2025-09-01,18,8,0,-17,Enterprise
CUST0118,2025-10-01,39,7,0,8,Enterprise
CUST0118,2025-11-01,60,4,1,30,Enterprise
CUST0118,2025-12-01,44,6,0,19,Enterprise
CUST0119,2024-06-01,17,30,0,44,Growth
CUST0119,2024-07-01,30,36,0,19,Growth
CUST0119,2024-08-01,16,26,0,100,Growth
CUST0119,2024-09-01,25,47,0,67,Growth
CUST0120,2024-08-01,9,142,0,66,Starter
CUST0120,2024-09-01,5,80,0,64,Starter
CUST0120,2024-10-01,9,129,0,12,Starter
CUST0121,2024-02-01,39,1,2,-11,Enterprise
CUST0121,2024-03-01,46,1,0,63,Enterprise
CUST0121,2024-04-01,36,1,0,15,Enterprise
CUST0121,2024-05-01,28,1,2,67,Enterprise
CUST0121,2024-06-01,39,1,1,45,Enterprise
CUST0121,2024-07-01,71,1,1,62,Enterprise
CUST0121,2024-08-01,55,1,0,39,Enterprise
CUST0121,2024-09-01,44,1,1,29,Enterprise
CUST0121,2024-10-01,54,1,0,2,Enterprise
CUST0122,2025-04-01,19,1,0,63,Growth
CUST0122,2025-05-01,25,1,0,23,Growth
CUST0122,2025-06-01,22,1,1,34,Growth
CUST0122,2025-07-01,18,1,1,57,Growth
CUST0122,2025-08-01,25,1,0,11,Growth
CUST0122,2025-09-01,26,1,1,20,Growth
CUST0122,2025-10-01,17,1,1,17,Growth
CUST0122,2025-11-01,14,1,0,58,Growth
CUST0122,2025-12-01,20,1,3,72,Growth
CUST0123,2024-12-01,9,96,0,22,Starter
CUST0123,2025-01-01,11,48,0,35,Starter
CUST0123,2025-02-01,12,69,1,1,Starter
CUST0123,2025-03-01,11,61,0,41,Starter
CUST0123,2025-04-01,9,83,0,40,Starter
CUST0124,2024-08-01,3,19,0,1,Starter
CUST0124,2024-09-01,8,26,0,58,Starter
CUST0124,2024-10-01,8,38,0,31,Starter
CUST0124,2024-11-01,7,39,0,57,Starter
CUST0124,2024-12-01,10,37,1,60,Starter
CUST0124,2025-01-01,5,47,0,16,Starter
CUST0124,2025-02-01,14,29,0,72,Starter
CUST0124,2025-03-01,9,39,0,76,Starter
CUST0124,2025-04-01,7,33,0,57,Starter
CUST0124,2025-05-01,11,31,1,60,Starter
CUST0124,2025-06-01,5,43,2,24,Starter
CUST0124,2025-07-01,8,30,1,42,Starter
CUST0124,2025-08-01,15,38,1,66,Starter
CUST0124,2025-09-01,8,33,0,-7,Starter
CUST0124,2025-10-01,9,23,1,6,Starter
CUST0124,2025-11-01,7,46,0,43,Starter
CUST0124,2025-12-01,2,26,0,-9,Starter
CUST0125,2025-09-01,48,81,0,50,Enterprise
CUST0125,2025-10-01,72,125,1,58,Enterprise
CUST0125,2025-11-01,50,171,0,66,Enterprise
CUST0125,2025-12-01,29,85,2,47,Enterprise
CUST0126,2024-06-01,36,1,1,38,Enterprise
CUST0126,2024-07-01,41,1,1,67,Enterprise
CUST0126,2024-08-01,39,1,0,15,Enterprise
CUST0126,2024-09-01,79,1,0,-2,Enterprise
CUST0126,2024-10-01,37,1,1,17,Enterprise
CUST0126,2024-11-01,46,1,4,23,Enterprise
CUST0126,2024-12-01,39,1,2,14,Enterprise
CUST0126,2025-01-01,31,1,0,-31,Enterprise
CUST0126,2025-02-01,53,1,1,22,Enterprise
CUST0126,2025-03-01,36,1,2,51,Enterprise
CUST0126,2025-04-01,22,1,0,-2,Enterprise
CUST0126,2025-05-01,92,1,1,25,Enterprise
CUST0126,2025-06-01,51,1,2,6,Enterprise
CUST0126,2025-07-01,41,1,2,69,Enterprise
CUST0126,2025-08-01,18,1,2,-19,Enterprise
CUST0126,2025-09-01,29,1,1,31,Enterprise
CUST0126,2025-10-01,13,1,0,6,Enterprise
CUST0126,2025-11-01,54,1,0,15,Enterprise
CUST0126,2025-12-01,36,1,0,71,Enterprise
CUST0127,2025-09-01,9,4,1,34,Starter
CUST0127,2025-10-01,9,3,0,33,Starter
CUST0127,2025-11-01,6,2,0,22,Starter
CUST0127,2025-12-01,9,4,1,47,Starter
CUST0128,2024-02-01,25,58,1,17,Growth
CUST0128,2024-03-01,20,92,0,47,Growth
CUST0128,2024-04-01,9,83,0,5,Growth
CUST0128,2024-05-01,29,91,0,-15,Growth
CUST0128,2024-06-01,36,64,1,11,Growth
CUST0128,2024-07-01,14,39,0,26,Growth
CUST0128,2024-08-01,17,76,0,40,Growth
CUST0128,2024-09-01,31,91,2,18,Growth
CUST0128,2024-10-01,15,64,0,41,Growth
CUST0128,2024-11-01,22,70,0,27,Growth
CUST0128,2024-12-01,19,74,0,77,Growth
CUST0128,2025-01-01,16,51,0,29,Growth
CUST0128,2025-02-01,12,88,1,49,Growth
CUST0128,2025-03-01,24,51,0,41,Growth
CUST0128,2025-04-01,22,96,0,15,Growth
CUST0128,2025-05-01,25,53,0,16,Growth
CUST0128,2025-06-01,16,53,0,38,Growth
CUST0128,2025-07-01,33,43,0,45,Growth
CUST0129,2024-01-01,5,4,1,51,Starter
CUST0129,2024-02-01,7,8,0,39,Starter
CUST0129,2024-03-01,11,8,0,55,Starter
CUST0129,2024-04-01,4,6,0,31,Starter
CUST0129,2024-05-01,13,7,0,59,Starter
CUST0129,2024-06-01,7,6,0,56,Starter
CUST0129,2024-07-01,9,6,1,32,Starter
CUST0129,2024-08-01,9,5,0,30,Starter
CUST0129,2024-09-01,11,5,0,93,Starter
CUST0129,2024-10-01,10,6,0,-5,Starter
CUST0129,2024-11-01,5,6,0,11,Starter
CUST0129,2024-12-01,8,6,0,29,Starter
CUST0129,2025-01-01,12,7,0,31,Starter
CUST0129,2025-02-01,13,6,0,37,Starter
CUST0129,2025-03-01,14,8,1,48,Starter
CUST0129,2025-04-01,5,5,0,33,Starter
CUST0129,2025-05-01,9,9,0,22,Starter
CUST0129,2025-06-01,9,5,0,26,Starter
CUST0129,2025-07-01,5,5,0,55,Starter
CUST0129,2025-08-01,6,4,0,45,Starter
CUST0129,2025-09-01,8,5,0,61,Starter
CUST0129,2025-10-01,8,8,0,50,Starter
CUST0129,2025-11-01,2,4,0,55,Starter
CUST0129,2025-12-01,9,8,0,42,Starter
CUST0130,2025-04-01,3,1,1,18,Starter
CUST0130,2025-05-01,11,1,0,26,Starter
CUST0130,2025-06-01,10,1,0,-9,Starter
CUST0130,2025-07-01,7,1,1,56,Starter
CUST0130,2025-08-01,7,1,0,67,Starter
CUST0130,2025-09-01,8,1,0,68,Starter
CUST0130,2025-10-01,28,1,1,-19,Growth
CUST0130,2025-11-01,15,1,0,11,Growth
CUST0130,2025-12-01,6,1,0,9,Growth
CUST0131,2024-06-01,10,37,1,-8,Starter
CUST0131,2024-07-01,3,29,2,5,Starter
CUST0132,2024-11-01,30,2,1,34,Enterprise
CUST0132,2024-12-01,45,2,1,29,Enterprise
CUST0132,2025-01-01,42,4,2,51,Enterprise
CUST0132,2025-02-01,49,2,1,47,Enterprise
CUST0132,2025-03-01,73,3,0,17,Enterprise
CUST0132,2025-04-01,54,3,0,24,Enterprise
CUST0132,2025-05-01,33,3,0,67,Enterprise
CUST0132,2025-06-01,44,4,1,18,Enterprise
CUST0132,2025-07-01,53,4,0,-5,Enterprise
CUST0132,2025-08-01,29,4,0,12,Enterprise
CUST0132,2025-09-01,48,3,1,59,Enterprise
CUST0132,2025-10-01,44,3,0,83,Enterprise
CUST0132,2025-11-01,56,2,1,19,Enterprise
CUST0132,2025-12-01,41,3,4,69,Enterprise
CUST0133,2025-02-01,16,1,0,0,Growth
CUST0133,2025-03-01,28,1,0,42,Growth
CUST0133,2025-04-01,19,1,0,74,Growth
CUST0133,2025-05-01,20,1,1,55,Growth
CUST0133,2025-06-01,17,1,0,42,Growth
CUST0133,2025-07-01,26,1,0,95,Growth
CUST0133,2025-08-01,46,1,0,26,Enterprise
CUST0133,2025-09-01,32,1,0,55,Enterprise
CUST0133,2025-10-01,20,1,0,25,Enterprise
CUST0133,2025-11-01,55,1,0,27,Enterprise
CUST0133,2025-12-01,48,1,1,94,Enterprise
CUST0134,2025-05-01,12,28,1,33,Growth
CUST0134,2025-06-01,16,21,1,45,Growth
CUST0134,2025-07-01,15,32,1,40,Growth
CUST0134,2025-08-01,7,32,0,36,Growth
CUST0134,2025-09-01,25,44,1,21,Growth
CUST0134,2025-10-01,30,39,0,0,Growth
CUST0134,2025-11-01,18,29,0,57,Growth
CUST0134,2025-12-01,43,34,2,12,Growth
CUST0135,2024-06-01,2,1,1,38,Starter
CUST0135,2024-07-01,8,1,0,27,Starter
CUST0135,2024-08-01,12,1,0,-15,Starter
CUST0136,2024-10-01,41,10,1,44,Enterprise
CUST0136,2024-11-01,54,11,0,47,Enterprise
CUST0136,2024-12-01,29,9,0,-1,Enterprise
CUST0136,2025-01-01,56,7,0,65,Enterprise
CUST0136,2025-02-01,35,12,0,86,Enterprise
CUST0136,2025-03-01,46,10,0,-7,Enterprise
CUST0136,2025-04-01,54,12,1,60,Enterprise
CUST0136,2025-05-01,79,16,1,59,Enterprise
CUST0136,2025-06-01,50,12,0,51,Enterprise
CUST0136,2025-07-01,68,8,1,60,Enterprise
CUST0136,2025-08-01,57,18,0,4,Enterprise
CUST0136,2025-09-01,75,11,0,17,Enterprise
CUST0136,2025-10-01,87,8,1,47,Enterprise
CUST0136,2025-11-01,47,12,2,34,Enterprise
CUST0136,2025-12-01,26,12,1,11,Enterprise
CUST0137,2024-09-01,71,21,1,59,Enterprise
CUST0137,2024-10-01,52,31,1,65,Enterprise
CUST0137,2024-11-01,51,27,0,43,Enterprise
CUST0137,2024-12-01,42,31,1,75,Enterprise
CUST0137,2025-01-01,84,28,0,41,Enterprise
CUST0137,2025-02-01,46,22,1,2,Enterprise
CUST0137,2025-03-01,36,44,1,20,Enterprise
CUST0137,2025-04-01,48,32,0,55,Enterprise
CUST0137,2025-05-01,27,46,0,24,Enterprise
CUST0137,2025-06-01,26,44,2,-4,Enterprise
CUST0137,2025-07-01,51,29,0,59,Enterprise
CUST0137,2025-08-01,45,44,0,28,Enterprise
CUST0137,2025-09-01,28,27,2,64,Enterprise
CUST0137,2025-10-01,52,34,0,100,Enterprise
CUST0137,2025-11-01,63,41,0,4,Enterprise
CUST0137,2025-12-01,23,47,0,30,Enterprise
CUST0138,2024-02-01,25,106,0,38,Growth
CUST0138,2024-03-01,26,188,0,51,Growth
CUST0138,2024-04-01,21,174,1,55,Growth
CUST0138,2024-05-01,18,126,0,91,Growth
CUST0138,2024-06-01,8,131,0,6,Growth
CUST0138,2024-07-01,27,145,0,25,Growth
CUST0138,2024-08-01,22,184,0,26,Growth
CUST0138,2024-09-01,16,76,1,9,Growth
CUST0138,2024-10-01,23,109,0,29,Growth
CUST0138,2024-11-01,31,110,0,60,Growth
CUST0138,2024-12-01,13,83,1,43,Growth
CUST0138,2025-01-01,21,191,0,20,Growth
CUST0138,2025-02-01,29,97,0,44,Growth
CUST0138,2025-03-01,14,150,0,20,Growth
CUST0138,2025-04-01,22,141,0,17,Growth
CUST0138,2025-05-01,15,76,0,12,Growth
CUST0138,2025-06-01,25,136,1,0,Growth
CUST0138,2025-07-01,10,129,0,-24,Growth
CUST0138,2025-08-01,29,177,1,9,Growth
CUST0138,2025-09-01,16,168,0,23,Growth
CUST0138,2025-10-01,15,94,1,-25,Growth
CUST0138,2025-11-01,30,144,2,38,Growth
CUST0138,2025-12-01,18,147,0,15,Growth
CUST0139,2024-11-01,22,15,0,20,Growth
CUST0139,2024-12-01,28,16,0,80,Growth
CUST0139,2025-01-01,14,10,1,-4,Growth
CUST0139,2025-02-01,27,13,0,87,Growth
CUST0139,2025-03-01,18,12,0,66,Growth
CUST0139,2025-04-01,14,17,0,40,Growth
CUST0139,2025-05-01,24,18,0,29,Growth
CUST0139,2025-06-01,21,10,0,16,Growth
CUST0139,2025-07-01,29,16,0,34,Growth
CUST0139,2025-08-01,21,9,0,-3,Growth
CUST0139,2025-09-01,12,16,0,35,Growth
CUST0139,2025-10-01,16,8,2,17,Growth
CUST0139,2025-11-01,9,16,0,41,Growth
CUST0139,2025-12-01,24,8,1,63,Growth
CUST0140,2025-02-01,47,79,0,34,Enterprise
CUST0140,2025-03-01,1,40,1,11,Enterprise
CUST0140,2025-04-01,75,39,2,29,Enterprise
CUST0140,2025-05-01,40,59,0,53,Enterprise
CUST0140,2025-06-01,45,71,2,37,Enterprise
CUST0140,2025-07-01,63,89,0,63,Enterprise
CUST0140,2025-08-01,48,93,0,-18,Enterprise
CUST0140,2025-09-01,45,75,1,84,Enterprise
CUST0140,2025-10-01,52,45,1,36,Enterprise
CUST0140,2025-11-01,51,43,0,-16,Enterprise
CUST0140,2025-12-01,51,41,1,51,Enterprise
CUST0141,2025-01-01,18,27,0,16,Growth
CUST0141,2025-02-01,20,46,0,35,Growth
CUST0141,2025-03-01,14,36,0,32,Growth
CUST0141,2025-04-01,20,27,1,29,Growth
CUST0141,2025-05-01,27,37,0,30,Growth
CUST0141,2025-06-01,14,34,0,55,Growth
CUST0141,2025-07-01,27,37,0,-22,Growth
CUST0141,2025-08-01,14,44,0,45,Growth
CUST0141,2025-09-01,18,44,0,39,Growth
CUST0142,2024-11-01,5,74,0,57,Starter
CUST0142,2024-12-01,12,56,0,20,Starter
CUST0142,2025-01-01,9,87,0,65,Starter
CUST0142,2025-02-01,8,89,0,56,Starter
CUST0142,2025-03-01,6,63,0,77,Starter
CUST0142,2025-04-01,11,56,0,71,Starter
CUST0142,2025-05-01,4,40,1,-8,Starter
CUST0143,2025-01-01,9,4,2,52,Starter
CUST0143,2025-02-01,13,8,0,-4,Starter
CUST0143,2025-03-01,16,5,1,46,Starter
CUST0143,2025-04-01,4,7,0,24,Starter
CUST0143,2025-05-01,7,5,0,31,Starter
CUST0143,2025-06-01,12,9,0,97,Starter
CUST0143,2025-07-01,4,7,0,1,Starter
CUST0143,2025-08-01,10,5,0,49,Starter
CUST0143,2025-09-01,10,7,0,38,Starter
CUST0143,2025-10-01,11,8,0,45,Starter
CUST0143,2025-11-01,9,5,0,11,Starter
CUST0143,2025-12-01,8,7,0,61,Starter
CUST0144,2025-02-01,22,1,0,90,Growth
CUST0144,2025-03-01,21,1,0,52,Growth
CUST0144,2025-04-01,21,1,1,-33,Growth
CUST0144,2025-05-01,11,1,0,41,Growth
CUST0144,2025-06-01,19,1,0,61,Growth
CUST0144,2025-07-01,24,1,0,46,Growth
CUST0144,2025-08-01,19,1,0,51,Growth
CUST0144,2025-09-01,21,1,0,4,Growth
CUST0144,2025-10-01,8,1,0,19,Growth
CUST0144,2025-11-01,13,1,1,56,Growth
CUST0144,2025-12-01,21,1,0,32,Growth
CUST0145,2024-05-01,48,44,1,42,Enterprise
CUST0145,2024-06-01,11,34,0,4,Enterprise
CUST0145,2024-07-01,56,20,0,-20,Enterprise
CUST0145,2024-08-01,57,26,0,13,Enterprise
CUST0145,2024-09-01,20,37,1,13,Enterprise
CUST0145,2024-10-01,58,32,2,37,Enterprise
CUST0145,2024-11-01,40,32,0,62,Enterprise
CUST0145,2024-12-01,53,40,1,48,Enterprise
CUST0145,2025-01-01,52,29,1,44,Enterprise
CUST0145,2025-02-01,68,27,1,86,Enterprise
CUST0145,2025-03-01,17,45,1,0,Enterprise
CUST0145,2025-04-01,69,41,0,75,Enterprise
CUST0145,2025-05-01,23,19,2,38,Enterprise
CUST0145,2025-06-01,42,42,0,69,Enterprise
CUST0145,2025-07-01,26,35,0,25,Enterprise
CUST0145,2025-08-01,40,39,3,30,Enterprise
CUST0145,2025-09-01,76,29,2,0,Enterprise
CUST0145,2025-10-01,65,31,1,71,Enterprise
CUST0145,2025-11-01,63,26,0,52,Enterprise
CUST0145,2025-12-01,55,28,0,18,Enterprise
CUST0146,2025-08-01,19,88,0,43,Growth
CUST0146,2025-09-01,22,93,0,47,Growth
CUST0146,2025-10-01,20,76,0,52,Growth
CUST0146,2025-11-01,21,85,0,46,Growth
CUST0146,2025-12-01,15,54,0,12,Growth
CUST0147,2025-03-01,22,2,0,30,Growth
CUST0147,2025-04-01,15,4,0,57,Growth
CUST0147,2025-05-01,19,2,0,75,Growth
CUST0147,2025-06-01,24,4,1,14,Growth
CUST0147,2025-07-01,17,4,0,29,Growth
CUST0147,2025-08-01,9,3,0,-7,Growth
CUST0147,2025-09-01,43,3,2,82,Enterprise
CUST0147,2025-10-01,34,4,0,74,Enterprise
CUST0147,2025-11-01,40,3,0,11,Enterprise
CUST0147,2025-12-01,52,3,0,37,Enterprise
CUST0148,2024-07-01,27,10,0,38,Growth
CUST0148,2024-08-01,20,12,0,36,Growth
CUST0148,2024-09-01,30,11,0,44,Growth
CUST0148,2024-10-01,28,16,2,60,Growth
CUST0148,2024-11-01,18,10,0,61,Growth
CUST0148,2024-12-01,9,12,0,17,Growth
CUST0149,2024-06-01,24,99,1,15,Growth
CUST0149,2024-07-01,21,91,0,58,Growth
CUST0149,2024-08-01,9,173,1,-8,Growth
CUST0149,2024-09-01,6,159,0,23,Growth
CUST0149,2024-10-01,6,162,0,9,Growth
CUST0149,2024-11-01,18,90,0,31,Growth
CUST0149,2024-12-01,10,98,0,20,Growth
CUST0149,2025-01-01,14,83,0,-38,Growth
CUST0149,2025-02-01,25,189,1,15,Growth
CUST0149,2025-03-01,35,117,1,3,Growth
CUST0149,2025-04-01,23,80,1,15,Growth
CUST0149,2025-05-01,18,175,0,35,Growth
CUST0149,2025-06-01,21,181,0,45,Growth
CUST0149,2025-07-01,11,112,0,2,Growth
CUST0149,2025-08-01,27,122,0,63,Growth
CUST0149,2025-09-01,17,118,2,46,Growth
CUST0149,2025-10-01,18,122,0,56,Growth
CUST0149,2025-11-01,9,170,0,23,Growth
CUST0149,2025-12-01,30,167,0,23,Growth
CUST0150,2024-07-01,11,5,0,47,Starter
CUST0150,2024-08-01,7,5,2,32,Starter
CUST0150,2024-09-01,11,9,0,34,Starter
CUST0150,2024-10-01,12,5,0,78,Starter
CUST0150,2024-11-01,6,7,0,36,Starter
CUST0150,2024-12-01,2,4,2,39,Starter
CUST0150,2025-01-01,12,8,0,59,Starter
CUST0150,2025-02-01,11,5,0,36,Starter
CUST0150,2025-03-01,4,9,0,17,Starter
CUST0150,2025-04-01,11,4,0,-23,Starter
CUST0150,2025-05-01,8,4,0,-2,Starter
CUST0150,2025-06-01,5,9,0,44,Starter
CUST0150,2025-07-01,12,7,0,41,Starter
CUST0150,2025-08-01,9,8,0,47,Starter
CUST0150,2025-09-01,6,3,0,52,Starter
CUST0150,2025-10-01,4,9,0,10,Starter
CUST0150,2025-11-01,11,6,2,50,Starter
CUST0150,2025-12-01,2,5,0,41,Starter
CUST0151,2025-01-01,7,1,0,50,Starter
CUST0151,2025-02-01,4,1,0,-33,Starter
CUST0151,2025-03-01,6,1,1,45,Starter
CUST0151,2025-04-01,6,1,0,14,Starter
CUST0151,2025-05-01,9,1,0,83,Starter
CUST0151,2025-06-01,6,1,0,16,Starter
CUST0151,2025-07-01,11,1,0,67,Starter
CUST0151,2025-08-01,2,1,0,-32,Starter
CUST0151,2025-09-01,5,1,1,36,Starter
CUST0151,2025-10-01,8,1,1,23,Starter
CUST0151,2025-11-01,8,1,0,48,Starter
CUST0151,2025-12-01,10,1,0,28,Starter
CUST0152,2025-04-01,13,2,0,66,Growth
CUST0152,2025-05-01,22,3,0,4,Growth
CUST0152,2025-06-01,30,2,0,50,Growth
CUST0152,2025-07-01,25,1,0,42,Growth
CUST0152,2025-08-01,14,4,0,44,Growth
CUST0152,2025-09-01,28,3,1,66,Growth
CUST0152,2025-10-01,17,4,0,80,Growth
CUST0152,2025-11-01,25,4,0,37,Growth
CUST0152,2025-12-01,29,3,0,57,Growth
CUST0153,2025-08-01,20,7,1,60,Growth
CUST0153,2025-09-01,24,7,0,67,Growth
CUST0153,2025-10-01,21,8,0,33,Growth
CUST0153,2025-11-01,27,5,1,24,Growth
CUST0153,2025-12-01,25,3,0,46,Growth
CUST0154,2024-08-01,38,10,0,33,Enterprise
CUST0154,2024-09-01,37,16,0,56,Enterprise
CUST0154,2024-10-01,48,15,1,51,Enterprise
CUST0154,2024-11-01,40,16,1,26,Enterprise
CUST0154,2024-12-01,43,16,1,32,Enterprise
CUST0154,2025-01-01,56,11,2,31,Enterprise
CUST0154,2025-02-01,38,15,0,27,Enterprise
CUST0154,2025-03-01,63,16,0,60,Enterprise
CUST0154,2025-04-01,41,10,0,23,Enterprise
CUST0154,2025-05-01,61,7,1,-2,Enterprise
CUST0154,2025-06-01,51,8,0,37,Enterprise
CUST0154,2025-07-01,70,11,0,55,Enterprise
CUST0154,2025-08-01,50,11,0,78,Enterprise
CUST0154,2025-09-01,67,13,0,81,Enterprise
CUST0154,2025-10-01,37,10,0,11,Enterprise
CUST0154,2025-11-01,18,7,1,-8,Enterprise
CUST0154,2025-12-01,47,9,1,3,Enterprise
CUST0155,2024-03-01,5,8,1,55,Starter
CUST0155,2024-04-01,9,5,0,52,Starter
CUST0155,2024-05-01,10,3,0,29,Starter
CUST0155,2024-06-01,6,9,0,22,Starter
CUST0155,2024-07-01,5,7,0,26,Starter
CUST0155,2024-08-01,6,5,0,22,Starter
CUST0156,2024-07-01,44,1,0,7,Enterprise
CUST0156,2024-08-01,59,1,2,28,Enterprise
CUST0156,2024-09-01,12,1,1,9,Enterprise
CUST0156,2024-10-01,27,1,0,19,Enterprise
CUST0156,2024-11-01,29,1,1,66,Enterprise
CUST0156,2024-12-01,49,1,1,29,Enterprise
CUST0156,2025-01-01,24,1,1,-8,Enterprise
CUST0156,2025-02-01,39,1,0,83,Enterprise
CUST0156,2025-03-01,73,1,0,25,Enterprise
CUST0156,2025-04-01,50,1,1,33,Enterprise
CUST0156,2025-05-01,14,1,1,43,Enterprise
CUST0157,2024-05-01,59,1,0,-5,Enterprise
CUST0157,2024-06-01,35,1,1,28,Enterprise
CUST0157,2024-07-01,40,1,2,44,Enterprise
CUST0157,2024-08-01,5,1,2,-6,Enterprise
CUST0157,2024-09-01,50,1,0,88,Enterprise
CUST0157,2024-10-01,29,1,0,21,Enterprise
CUST0158,2025-02-01,6,19,0,43,Starter
CUST0158,2025-03-01,5,17,0,53,Starter
CUST0158,2025-04-01,3,16,0,30,Starter
CUST0158,2025-05-01,9,17,0,88,Starter
CUST0159,2024-07-01,29,1,0,66,Enterprise
CUST0159,2024-08-01,43,1,0,32,Enterprise
CUST0159,2024-09-01,29,1,0,28,Enterprise
CUST0159,2024-10-01,38,1,0,3,Enterprise
CUST0159,2024-11-01,50,1,0,45,Enterprise
CUST0159,2024-12-01,54,1,2,52,Enterprise
CUST0159,2025-01-01,42,1,0,74,Enterprise
CUST0159,2025-02-01,41,1,1,44,Enterprise
CUST0159,2025-03-01,31,1,0,63,Enterprise
CUST0159,2025-04-01,48,1,1,55,Enterprise
CUST0159,2025-05-01,39,1,1,42,Enterprise
CUST0159,2025-06-01,28,1,2,41,Enterprise
CUST0159,2025-07-01,42,1,1,67,Enterprise
CUST0159,2025-08-01,21,1,2,34,Enterprise
CUST0159,2025-09-01,50,1,0,25,Enterprise
CUST0159,2025-10-01,50,1,0,-11,Enterprise
CUST0159,2025-11-01,64,1,0,39,Enterprise
CUST0159,2025-12-01,28,1,0,21,Enterprise
CUST0160,2024-06-01,9,1,1,82,Starter
CUST0160,2024-07-01,6,1,1,34,Starter
CUST0160,2024-08-01,7,1,0,55,Starter
CUST0160,2024-09-01,6,1,0,57,Starter
CUST0160,2024-10-01,6,1,0,0,Starter
CUST0160,2024-11-01,7,1,0,10,Starter
CUST0160,2024-12-01,6,1,0,39,Starter
CUST0160,2025-01-01,5,1,0,53,Starter
CUST0160,2025-02-01,6,1,1,49,Starter
CUST0160,2025-03-01,3,1,1,12,Starter
CUST0160,2025-04-01,7,1,1,40,Starter
CUST0161,2024-08-01,9,1,2,45,Starter
CUST0161,2024-09-01,4,1,1,31,Starter
CUST0161,2024-10-01,5,1,0,78,Starter
CUST0161,2024-11-01,4,1,1,8,Starter
CUST0161,2024-12-01,10,1,0,40,Starter
CUST0161,2025-01-01,7,1,0,0,Starter
CUST0161,2025-02-01,24,1,1,30,Growth
CUST0161,2025-03-01,25,1,0,24,Growth
CUST0161,2025-04-01,21,1,1,36,Growth
CUST0161,2025-05-01,25,1,0,58,Growth
CUST0161,2025-06-01,17,1,0,23,Growth
CUST0161,2025-07-01,21,1,0,35,Growth
CUST0161,2025-08-01,15,1,2,-1,Growth
CUST0161,2025-09-01,34,1,0,69,Growth
CUST0161,2025-10-01,14,1,1,54,Growth
CUST0161,2025-11-01,16,1,0,2,Growth
CUST0161,2025-12-01,29,1,0,27,Growth
CUST0162,2024-06-01,8,3,2,16,Starter
CUST0162,2024-07-01,4,3,1,44,Starter
CUST0162,2024-08-01,8,3,0,54,Starter
CUST0162,2024-09-01,8,4,0,54,Starter
CUST0162,2024-10-01,8,3,0,29,Starter
CUST0162,2024-11-01,2,3,0,7,Starter
CUST0162,2024-12-01,9,4,0,29,Starter
CUST0162,2025-01-01,8,4,0,27,Starter
CUST0162,2025-02-01,8,2,0,61,Starter
CUST0162,2025-03-01,3,3,0,-32,Starter
CUST0162,2025-04-01,9,2,0,48,Starter
CUST0162,2025-05-01,10,2,0,49,Starter
CUST0162,2025-06-01,9,3,0,23,Starter
CUST0162,2025-07-01,10,4,1,7,Starter
CUST0162,2025-08-01,7,2,0,59,Starter
CUST0162,2025-09-01,6,4,0,75,Starter
CUST0162,2025-10-01,7,4,1,96,Starter
CUST0162,2025-11-01,4,4,0,5,Starter
CUST0162,2025-12-01,8,4,0,97,Starter
CUST0163,2024-05-01,5,26,0,70,Starter
CUST0163,2024-06-01,6,36,0,47,Starter
CUST0163,2024-07-01,10,47,0,37,Starter
CUST0163,2024-08-01,4,38,0,-1,Starter
CUST0163,2024-09-01,3,33,0,33,Starter
CUST0163,2024-10-01,12,27,0,35,Starter
CUST0163,2024-11-01,14,23,0,59,Growth
CUST0163,2024-12-01,34,25,0,65,Growth
CUST0163,2025-01-01,22,41,0,5,Growth
CUST0163,2025-02-01,10,45,0,5,Growth
CUST0163,2025-03-01,20,36,0,32,Growth
CUST0163,2025-04-01,16,45,0,21,Growth
CUST0163,2025-05-01,18,40,0,45,Growth
CUST0163,2025-06-01,36,31,0,-2,Growth
CUST0163,2025-07-01,25,32,1,65,Growth
CUST0163,2025-08-01,11,28,1,-35,Growth
CUST0163,2025-09-01,27,25,0,46,Growth
CUST0163,2025-10-01,20,48,0,28,Growth
CUST0163,2025-11-01,0,39,0,-3,Growth
CUST0163,2025-12-01,18,20,0,77,Growth
CUST0164,2025-07-01,19,1,0,42,Growth
CUST0164,2025-08-01,14,1,0,36,Growth
CUST0164,2025-09-01,9,1,1,38,Growth
CUST0164,2025-10-01,24,1,0,50,Growth
CUST0164,2025-11-01,29,1,0,72,Growth
CUST0164,2025-12-01,20,1,0,31,Growth
CUST0165,2024-05-01,21,1,0,37,Growth
CUST0165,2024-06-01,17,1,0,44,Growth
CUST0165,2024-07-01,22,1,0,55,Growth
CUST0165,2024-08-01,30,1,0,47,Growth
CUST0165,2024-09-01,19,1,0,64,Growth
CUST0165,2024-10-01,14,1,0,-7,Growth
CUST0165,2024-11-01,9,1,0,22,Growth
CUST0165,2024-12-01,17,1,0,34,Growth
CUST0165,2025-01-01,14,1,0,70,Growth
CUST0165,2025-02-01,9,1,0,24,Growth
CUST0165,2025-03-01,20,1,0,78,Growth
CUST0165,2025-04-01,26,1,0,13,Growth
CUST0165,2025-05-01,24,1,0,51,Growth
CUST0165,2025-06-01,19,1,0,54,Growth
CUST0165,2025-07-01,15,1,0,42,Growth
CUST0165,2025-08-01,20,1,1,76,Growth
CUST0165,2025-09-01,20,1,0,11,Growth
CUST0165,2025-10-01,11,1,0,0,Growth
CUST0165,2025-11-01,22,1,0,53,Growth
CUST0165,2025-12-01,12,1,0,20,Growth
CUST0166,2025-02-01,2,1,1,7,Starter
CUST0166,2025-03-01,4,1,0,-2,Starter
CUST0166,2025-04-01,8,1,0,28,Starter
CUST0166,2025-05-01,10,1,1,-1,Starter
CUST0166,2025-06-01,4,1,1,13,Starter
CUST0166,2025-07-01,7,1,1,40,Starter
CUST0166,2025-08-01,15,1,0,56,Starter
CUST0166,2025-09-01,5,1,1,49,Starter
CUST0166,2025-10-01,8,1,1,70,Starter
CUST0166,2025-11-01,3,1,0,28,Starter
CUST0166,2025-12-01,5,1,0,33,Starter
CUST0167,2024-03-01,22,9,0,75,Growth
CUST0167,2024-04-01,22,5,1,37,Growth
CUST0167,2024-05-01,11,7,1,-28,Growth
CUST0167,2024-06-01,24,7,1,43,Growth
CUST0167,2024-07-01,26,5,1,14,Growth
CUST0167,2024-08-01,16,5,1,36,Growth
CUST0167,2024-09-01,21,4,0,42,Growth
CUST0167,2024-10-01,20,7,0,47,Growth
CUST0167,2024-11-01,22,3,1,29,Growth
CUST0167,2024-12-01,16,6,0,19,Growth
CUST0167,2025-01-01,16,8,2,20,Growth
CUST0167,2025-02-01,15,4,0,79,Growth
CUST0167,2025-03-01,25,7,0,70,Growth
CUST0167,2025-04-01,12,5,0,-25,Growth
CUST0167,2025-05-01,14,4,1,19,Growth
CUST0167,2025-06-01,24,6,0,57,Growth
CUST0167,2025-07-01,15,8,0,18,Growth
CUST0167,2025-08-01,17,4,1,78,Growth
CUST0167,2025-09-01,21,8,1,53,Growth
CUST0167,2025-10-01,12,6,1,0,Growth
CUST0167,2025-11-01,25,9,0,76,Growth
CUST0167,2025-12-01,20,6,0,39,Growth
CUST0168,2024-12-01,8,1,0,50,Starter
CUST0168,2025-01-01,10,1,0,35,Starter
CUST0168,2025-02-01,8,1,0,27,Starter
CUST0168,2025-03-01,6,1,0,18,Starter
CUST0168,2025-04-01,6,1,0,16,Starter
CUST0168,2025-05-01,10,1,0,55,Starter
CUST0168,2025-06-01,7,1,0,45,Starter
CUST0168,2025-07-01,5,1,0,38,Starter
CUST0168,2025-08-01,11,1,0,67,Starter
CUST0168,2025-09-01,12,1,0,61,Starter
CUST0168,2025-10-01,8,1,1,56,Starter
CUST0168,2025-11-01,8,1,1,43,Starter
CUST0168,2025-12-01,6,1,2,46,Starter
CUST0169,2025-07-01,5,2,0,-16,Starter
CUST0169,2025-08-01,10,2,1,57,Starter
CUST0169,2025-09-01,9,2,0,56,Starter
CUST0169,2025-10-01,5,4,0,47,Starter
CUST0169,2025-11-01,10,3,0,25,Starter
CUST0169,2025-12-01,13,3,0,35,Starter
CUST0170,2024-05-01,3,6,0,5,Starter
CUST0170,2024-06-01,11,7,2,17,Starter
CUST0170,2024-07-01,5,9,0,49,Starter
CUST0170,2024-08-01,5,8,2,13,Starter
CUST0170,2024-09-01,5,5,1,38,Starter
CUST0170,2024-10-01,12,3,0,84,Starter
CUST0170,2024-11-01,8,5,0,30,Starter
CUST0170,2024-12-01,11,8,0,67,Starter
CUST0171,2024-05-01,10,9,0,10,Starter
CUST0171,2024-06-01,7,4,0,35,Starter
CUST0171,2024-07-01,10,4,0,-5,Starter
CUST0171,2024-08-01,6,5,0,40,Starter
CUST0171,2024-09-01,7,8,0,81,Starter
CUST0171,2024-10-01,10,7,0,65,Starter
CUST0171,2024-11-01,6,8,0,44,Starter
CUST0171,2024-12-01,5,4,0,19,Starter
CUST0171,2025-01-01,10,8,1,63,Starter
CUST0171,2025-02-01,10,6,0,60,Starter
CUST0171,2025-03-01,8,7,0,22,Starter
CUST0171,2025-04-01,13,7,0,74,Starter
CUST0171,2025-05-01,8,8,0,46,Starter
CUST0171,2025-06-01,7,9,0,-2,Starter
CUST0171,2025-07-01,7,8,0,52,Starter
CUST0171,2025-08-01,6,6,0,32,Starter
CUST0171,2025-09-01,7,7,0,43,Starter
CUST0171,2025-10-01,7,8,0,19,Starter
CUST0171,2025-11-01,8,9,1,46,Starter
CUST0172,2024-08-01,11,5,0,67,Starter
CUST0172,2024-09-01,3,4,0,-29,Starter
CUST0172,2024-10-01,7,7,1,62,Starter
CUST0172,2024-11-01,12,6,0,33,Starter
CUST0172,2024-12-01,9,4,1,32,Starter
CUST0172,2025-01-01,7,4,0,43,Starter
CUST0172,2025-02-01,6,8,0,32,Starter
CUST0172,2025-03-01,9,5,0,9,Starter
CUST0172,2025-04-01,13,7,1,54,Starter
CUST0172,2025-05-01,8,5,0,59,Starter
CUST0172,2025-06-01,12,4,0,-21,Starter
CUST0172,2025-07-01,5,4,1,90,Starter
CUST0172,2025-08-01,7,9,0,46,Starter
CUST0173,2024-03-01,8,1,0,9,Growth
CUST0173,2024-04-01,22,1,0,52,Growth
CUST0173,2024-05-01,16,1,0,90,Growth
CUST0173,2024-06-01,18,1,0,43,Growth
CUST0173,2024-07-01,17,1,1,21,Growth
CUST0173,2024-08-01,12,1,0,27,Growth
CUST0173,2024-09-01,19,1,0,21,Enterprise
CUST0173,2024-10-01,2,1,1,26,Enterprise
CUST0174,2024-04-01,21,1,1,18,Growth
CUST0174,2024-05-01,18,1,0,10,Growth
CUST0174,2024-06-01,7,1,0,5,Growth
CUST0174,2024-07-01,25,1,0,45,Growth
CUST0174,2024-08-01,27,1,0,-3,Growth
CUST0174,2024-09-01,17,1,1,1,Growth
CUST0174,2024-10-01,20,1,1,12,Growth
CUST0174,2024-11-01,15,1,0,2,Growth
CUST0174,2024-12-01,18,1,1,53,Growth
CUST0174,2025-01-01,2,1,0,18,Growth
CUST0174,2025-02-01,11,1,0,2,Growth
CUST0174,2025-03-01,26,1,1,77,Growth
CUST0174,2025-04-01,27,1,0,58,Growth
CUST0174,2025-05-01,24,1,0,8,Growth
CUST0174,2025-06-01,12,1,1,-21,Growth
CUST0174,2025-07-01,20,1,0,39,Growth
CUST0174,2025-08-01,13,1,1,31,Growth
CUST0174,2025-09-01,23,1,1,76,Growth
CUST0174,2025-10-01,33,1,1,52,Growth
CUST0174,2025-11-01,20,1,0,39,Growth
CUST0174,2025-12-01,28,1,0,40,Growth
CUST0175,2025-10-01,6,1,0,56,Starter
CUST0175,2025-11-01,7,1,0,62,Starter
CUST0175,2025-12-01,0,1,1,13,Starter
CUST0176,2025-03-01,65,1,1,23,Enterprise
CUST0176,2025-04-01,46,1,0,63,Enterprise
CUST0176,2025-05-01,26,1,1,17,Enterprise
CUST0176,2025-06-01,14,1,1,39,Enterprise
CUST0176,2025-07-01,42,1,0,82,Enterprise
CUST0176,2025-08-01,34,1,1,29,Enterprise
CUST0176,2025-09-01,21,1,1,29,Enterprise
CUST0176,2025-10-01,45,1,0,53,Enterprise
CUST0176,2025-11-01,32,1,0,57,Enterprise
CUST0176,2025-12-01,40,1,0,29,Enterprise
CUST0177,2024-04-01,19,1,0,54,Growth
CUST0177,2024-05-01,18,1,1,46,Growth
CUST0177,2024-06-01,11,1,0,35,Growth
CUST0177,2024-07-01,22,1,0,41,Growth
CUST0177,2024-08-01,22,1,1,37,Growth
CUST0177,2024-09-01,20,1,0,25,Growth
CUST0177,2024-10-01,33,1,0,18,Enterprise
CUST0177,2024-11-01,42,1,1,91,Enterprise
CUST0177,2024-12-01,31,1,0,50,Enterprise
CUST0177,2025-01-01,47,1,0,13,Enterprise
CUST0177,2025-02-01,52,1,1,36,Enterprise
CUST0177,2025-03-01,56,1,1,0,Enterprise
CUST0177,2025-04-01,54,1,1,23,Enterprise
CUST0177,2025-05-01,59,1,1,80,Enterprise
CUST0177,2025-06-01,68,1,2,33,Enterprise
CUST0177,2025-07-01,49,1,2,64,Enterprise
CUST0177,2025-08-01,52,1,0,38,Enterprise
CUST0177,2025-09-01,24,1,0,-21,Enterprise
CUST0177,2025-10-01,38,1,0,36,Enterprise
CUST0177,2025-11-01,38,1,0,16,Enterprise
CUST0177,2025-12-01,34,1,1,59,Enterprise
CUST0178,2025-05-01,7,95,0,43,Starter
CUST0178,2025-06-01,3,42,0,27,Starter
CUST0178,2025-07-01,15,57,0,30,Starter
CUST0178,2025-08-01,8,41,0,46,Starter
CUST0178,2025-09-01,4,79,0,-15,Starter
CUST0178,2025-10-01,9,74,0,20,Starter
CUST0178,2025-11-01,7,44,0,43,Starter
CUST0178,2025-12-01,9,80,1,8,Starter
CUST0179,2024-07-01,5,1,0,42,Starter
CUST0179,2024-08-01,4,1,0,2,Starter
CUST0180,2024-12-01,6,20,0,46,Starter
CUST0180,2025-01-01,4,39,0,-40,Starter
CUST0180,2025-02-01,4,44,0,32,Starter
CUST0180,2025-03-01,10,31,0,17,Starter
CUST0180,2025-04-01,7,20,0,40,Starter
CUST0180,2025-05-01,4,44,0,-5,Starter
CUST0180,2025-06-01,7,35,0,-14,Starter
CUST0180,2025-07-01,8,24,0,100,Starter
CUST0180,2025-08-01,9,43,0,45,Starter
CUST0180,2025-09-01,9,43,0,50,Starter
CUST0180,2025-10-01,10,23,0,-8,Starter
CUST0180,2025-11-01,6,38,1,47,Starter
CUST0180,2025-12-01,7,42,1,28,Starter
CUST0181,2024-09-01,3,8,0,41,Starter
CUST0181,2024-10-01,7,3,0,66,Starter
CUST0181,2024-11-01,10,7,0,47,Starter
CUST0181,2024-12-01,4,6,0,-38,Starter
CUST0181,2025-01-01,6,5,0,28,Starter
CUST0181,2025-02-01,7,5,0,54,Starter
CUST0181,2025-03-01,5,5,0,55,Starter
CUST0181,2025-04-01,12,9,0,35,Starter
CUST0181,2025-05-01,8,5,0,79,Starter
CUST0181,2025-06-01,10,5,0,22,Starter
CUST0181,2025-07-01,12,8,1,6,Starter
CUST0181,2025-08-01,9,7,2,15,Starter
CUST0181,2025-09-01,5,6,0,12,Starter
CUST0181,2025-10-01,6,9,0,22,Starter
CUST0181,2025-11-01,7,6,0,71,Starter
CUST0181,2025-12-01,8,7,0,59,Starter
CUST0182,2025-03-01,8,1,0,30,Starter
CUST0182,2025-04-01,2,1,0,-14,Starter
CUST0182,2025-05-01,8,1,0,44,Starter
CUST0182,2025-06-01,10,1,0,0,Starter
CUST0182,2025-07-01,13,1,0,-7,Starter
CUST0182,2025-08-01,7,1,1,42,Starter
CUST0182,2025-09-01,2,1,0,25,Starter
CUST0182,2025-10-01,9,1,0,66,Starter
CUST0182,2025-11-01,6,1,0,56,Starter
CUST0182,2025-12-01,13,1,0,32,Starter
CUST0183,2024-12-01,23,1,1,18,Enterprise
CUST0183,2025-01-01,59,1,1,14,Enterprise
CUST0183,2025-02-01,31,1,0,3,Enterprise
CUST0183,2025-03-01,28,1,0,48,Enterprise
CUST0183,2025-04-01,51,1,1,40,Enterprise
CUST0183,2025-05-01,42,1,1,42,Enterprise
CUST0183,2025-06-01,49,1,0,52,Enterprise
CUST0183,2025-07-01,33,1,0,62,Enterprise
CUST0183,2025-08-01,20,1,1,5,Enterprise
CUST0183,2025-09-01,37,1,1,44,Enterprise
CUST0183,2025-10-01,24,1,0,-20,Enterprise
CUST0183,2025-11-01,67,1,0,71,Enterprise
CUST0183,2025-12-01,24,1,0,-10,Enterprise
CUST0184,2024-08-01,19,95,1,52,Growth
CUST0184,2024-09-01,26,89,1,21,Growth
CUST0184,2024-10-01,25,57,0,35,Growth
CUST0184,2024-11-01,22,68,0,37,Growth
CUST0184,2024-12-01,22,84,1,74,Growth
CUST0184,2025-01-01,15,92,1,33,Growth
CUST0184,2025-02-01,26,72,1,51,Growth
CUST0184,2025-03-01,29,91,0,69,Growth
CUST0184,2025-04-01,18,38,0,72,Growth
CUST0184,2025-05-01,15,76,0,70,Growth
CUST0184,2025-06-01,20,51,0,47,Growth
CUST0184,2025-07-01,12,52,0,-1,Growth
CUST0184,2025-08-01,19,43,0,66,Growth
CUST0184,2025-09-01,18,79,0,20,Growth
CUST0184,2025-10-01,21,84,1,12,Growth
CUST0184,2025-11-01,25,63,1,30,Growth
CUST0184,2025-12-01,8,80,0,45,Growth
CUST0185,2025-04-01,5,5,0,75,Starter
CUST0185,2025-05-01,8,5,0,56,Starter
CUST0185,2025-06-01,7,8,0,41,Starter
CUST0185,2025-07-01,6,6,1,24,Starter
CUST0185,2025-08-01,3,5,0,14,Starter
CUST0185,2025-09-01,11,8,1,19,Starter
CUST0185,2025-10-01,8,9,0,0,Starter
CUST0185,2025-11-01,5,6,0,70,Starter
CUST0185,2025-12-01,6,8,0,66,Starter
CUST0186,2024-05-01,43,1,1,60,Enterprise
CUST0186,2024-06-01,72,1,1,53,Enterprise
CUST0186,2024-07-01,12,1,0,0,Enterprise
CUST0186,2024-08-01,65,1,1,21,Enterprise
CUST0186,2024-09-01,45,1,1,4,Enterprise
CUST0186,2024-10-01,14,1,0,11,Enterprise
CUST0186,2024-11-01,56,1,1,52,Enterprise
CUST0186,2024-12-01,44,1,0,32,Enterprise
CUST0186,2025-01-01,39,1,0,20,Enterprise
CUST0186,2025-02-01,33,1,2,72,Enterprise
CUST0186,2025-03-01,11,1,0,6,Enterprise
CUST0186,2025-04-01,22,1,0,1,Enterprise
CUST0186,2025-05-01,28,1,0,78,Enterprise
CUST0186,2025-06-01,12,1,0,9,Enterprise
CUST0186,2025-07-01,27,1,0,2,Enterprise
CUST0186,2025-08-01,44,1,0,60,Enterprise
CUST0186,2025-09-01,37,1,0,38,Enterprise
CUST0186,2025-10-01,4,1,2,41,Enterprise
CUST0186,2025-11-01,64,1,1,78,Enterprise
CUST0186,2025-12-01,59,1,0,59,Enterprise
CUST0187,2025-04-01,34,7,0,61,Growth
CUST0187,2025-05-01,29,6,0,0,Growth
CUST0187,2025-06-01,17,3,0,49,Growth
CUST0187,2025-07-01,20,5,0,21,Growth
CUST0187,2025-08-01,25,7,0,66,Growth
CUST0187,2025-09-01,19,6,0,33,Growth
CUST0187,2025-10-01,37,9,1,37,Enterprise
CUST0187,2025-11-01,60,5,3,25,Enterprise
CUST0187,2025-12-01,53,7,1,38,Enterprise
CUST0188,2025-06-01,12,1,1,22,Starter
CUST0188,2025-07-01,8,4,0,28,Starter
CUST0188,2025-08-01,7,4,0,39,Starter
CUST0188,2025-09-01,12,3,0,0,Starter
CUST0188,2025-10-01,9,4,1,50,Starter
CUST0188,2025-11-01,6,2,0,47,Starter
CUST0188,2025-12-01,3,4,0,8,Starter
CUST0189,2024-11-01,14,82,0,27,Growth
CUST0189,2024-12-01,23,50,0,46,Growth
CUST0189,2025-01-01,19,84,0,31,Growth
CUST0189,2025-02-01,22,89,0,45,Growth
CUST0189,2025-03-01,15,76,0,69,Growth
CUST0189,2025-04-01,26,50,0,16,Growth
CUST0189,2025-05-01,14,51,0,-5,Growth
CUST0189,2025-06-01,25,86,0,32,Growth
CUST0189,2025-07-01,19,66,0,18,Growth
CUST0189,2025-08-01,19,73,1,72,Growth
CUST0189,2025-09-01,21,83,1,36,Growth
CUST0189,2025-10-01,24,71,1,6,Growth
CUST0189,2025-11-01,13,53,0,27,Growth
CUST0189,2025-12-01,21,81,0,19,Growth
CUST0190,2024-12-01,5,75,1,60,Starter
CUST0190,2025-01-01,8,86,1,39,Starter
CUST0190,2025-02-01,9,85,0,2,Starter
CUST0190,2025-03-01,6,54,0,16,Starter
CUST0190,2025-04-01,6,72,0,37,Starter
CUST0190,2025-05-01,3,76,0,-3,Starter
CUST0190,2025-06-01,6,95,0,4,Starter
CUST0190,2025-07-01,9,66,0,39,Starter
CUST0190,2025-08-01,6,61,0,80,Starter
CUST0190,2025-09-01,4,95,1,-4,Starter
CUST0190,2025-10-01,9,68,0,33,Starter
CUST0190,2025-11-01,4,45,0,53,Starter
CUST0190,2025-12-01,1,46,0,16,Starter
CUST0191,2024-04-01,8,21,0,41,Starter
CUST0191,2024-05-01,10,30,0,13,Starter
CUST0191,2024-06-01,4,45,0,36,Starter
CUST0191,2024-07-01,9,26,0,77,Starter
CUST0191,2024-08-01,7,28,0,33,Starter
CUST0191,2024-09-01,10,20,0,72,Starter
CUST0191,2024-10-01,4,47,0,62,Starter
CUST0191,2024-11-01,6,21,0,45,Starter
CUST0191,2024-12-01,9,19,0,67,Starter
CUST0191,2025-01-01,10,43,0,42,Starter
CUST0191,2025-02-01,10,39,0,31,Starter
CUST0191,2025-03-01,6,43,0,41,Starter
CUST0191,2025-04-01,11,30,1,29,Starter
CUST0191,2025-05-01,9,44,0,63,Starter
CUST0191,2025-06-01,8,32,1,47,Starter
CUST0191,2025-07-01,8,32,0,44,Starter
CUST0191,2025-08-01,4,24,0,-33,Starter
CUST0191,2025-09-01,11,45,0,41,Starter
CUST0191,2025-10-01,8,24,0,29,Starter
CUST0191,2025-11-01,12,44,0,27,Starter
CUST0191,2025-12-01,7,25,0,67,Starter
CUST0192,2025-10-01,5,1,5,5,Enterprise
CUST0192,2025-11-01,33,1,0,53,Enterprise
CUST0192,2025-12-01,19,1,0,29,Enterprise
CUST0193,2024-05-01,26,190,1,3,Growth
CUST0193,2024-06-01,20,140,1,24,Growth
CUST0193,2024-07-01,24,146,0,18,Growth
CUST0193,2024-08-01,13,190,0,44,Growth
CUST0193,2024-09-01,14,97,0,34,Growth
CUST0193,2024-10-01,27,184,0,76,Growth
CUST0194,2024-09-01,35,41,0,35,Enterprise
CUST0194,2024-10-01,79,84,1,40,Enterprise
CUST0194,2024-11-01,85,96,2,21,Enterprise
CUST0194,2024-12-01,58,50,1,25,Enterprise
CUST0194,2025-01-01,57,58,0,-4,Enterprise
CUST0194,2025-02-01,60,76,0,71,Enterprise
CUST0194,2025-03-01,39,90,0,76,Enterprise
CUST0194,2025-04-01,51,54,0,12,Enterprise
CUST0194,2025-05-01,46,39,0,23,Enterprise
CUST0195,2025-06-01,8,9,0,10,Starter
CUST0195,2025-07-01,12,15,0,53,Starter
CUST0195,2025-08-01,6,13,1,40,Starter
CUST0195,2025-09-01,9,13,1,38,Starter
CUST0195,2025-10-01,8,17,0,7,Starter
CUST0195,2025-11-01,8,11,1,70,Starter
CUST0195,2025-12-01,12,8,0,7,Starter
CUST0196,2024-06-01,21,17,1,35,Growth
CUST0196,2024-07-01,10,16,0,10,Growth
CUST0196,2024-08-01,17,18,0,51,Growth
CUST0196,2024-09-01,19,15,0,50,Growth
CUST0196,2024-10-01,20,15,1,17,Growth
CUST0196,2024-11-01,27,11,1,0,Growth
CUST0196,2024-12-01,22,17,0,49,Growth
CUST0196,2025-01-01,28,9,0,16,Growth
CUST0196,2025-02-01,11,11,0,-19,Growth
CUST0196,2025-03-01,30,15,0,69,Growth
CUST0196,2025-04-01,26,15,0,8,Growth
CUST0196,2025-05-01,26,7,0,9,Growth
CUST0196,2025-06-01,2,15,0,0,Growth
CUST0196,2025-07-01,18,15,0,73,Growth
CUST0196,2025-08-01,13,13,0,96,Growth
CUST0196,2025-09-01,21,15,0,37,Growth
CUST0196,2025-10-01,19,15,1,52,Growth
CUST0196,2025-11-01,15,17,1,30,Growth
CUST0196,2025-12-01,21,13,0,59,Growth
CUST0197,2024-10-01,38,23,0,65,Enterprise
CUST0197,2024-11-01,53,46,1,21,Enterprise
CUST0197,2024-12-01,47,26,0,58,Enterprise
CUST0197,2025-01-01,39,29,1,52,Enterprise
CUST0197,2025-02-01,44,27,1,39,Enterprise
CUST0197,2025-03-01,33,43,0,59,Enterprise
CUST0197,2025-04-01,59,35,0,46,Enterprise
CUST0197,2025-05-01,51,43,1,67,Enterprise
CUST0197,2025-06-01,42,46,0,56,Enterprise
CUST0197,2025-07-01,38,30,0,38,Enterprise
CUST0197,2025-08-01,18,39,1,75,Enterprise
CUST0197,2025-09-01,79,34,0,16,Enterprise
CUST0197,2025-10-01,55,45,3,7,Enterprise
CUST0197,2025-11-01,45,42,2,31,Enterprise
CUST0197,2025-12-01,48,19,1,38,Enterprise
CUST0198,2024-05-01,63,17,2,36,Enterprise
CUST0198,2024-06-01,32,17,0,53,Enterprise
CUST0198,2024-07-01,57,10,1,32,Enterprise
CUST0198,2024-08-01,54,13,0,28,Enterprise
CUST0198,2024-09-01,28,9,0,38,Enterprise
CUST0198,2024-10-01,23,17,1,45,Enterprise
CUST0198,2024-11-01,61,15,0,28,Enterprise
CUST0198,2024-12-01,48,17,1,57,Enterprise
CUST0198,2025-01-01,57,17,0,87,Enterprise
CUST0198,2025-02-01,45,9,1,37,Enterprise
CUST0198,2025-03-01,23,15,0,-3,Enterprise
CUST0198,2025-04-01,36,10,0,81,Enterprise
CUST0198,2025-05-01,27,12,2,11,Enterprise
CUST0198,2025-06-01,41,14,2,3,Enterprise
CUST0198,2025-07-01,30,9,0,20,Enterprise
CUST0198,2025-08-01,28,19,2,-9,Enterprise
CUST0198,2025-09-01,37,9,0,7,Enterprise
CUST0198,2025-10-01,40,11,0,-2,Enterprise
CUST0198,2025-11-01,39,11,0,47,Enterprise
CUST0198,2025-12-01,44,11,4,46,Enterprise
CUST0199,2025-02-01,19,1,2,65,Growth
CUST0199,2025-03-01,25,1,2,9,Growth
CUST0199,2025-04-01,27,1,1,20,Growth
CUST0199,2025-05-01,16,1,1,7,Growth
CUST0199,2025-06-01,29,1,0,41,Growth
CUST0199,2025-07-01,36,1,1,38,Growth
CUST0199,2025-08-01,16,1,1,70,Growth
CUST0199,2025-09-01,23,1,0,51,Growth
CUST0199,2025-10-01,28,1,0,74,Growth
CUST0199,2025-11-01,25,1,1,41,Growth
CUST0199,2025-12-01,24,1,0,73,Growth
CUST0200,2025-05-01,35,15,0,18,Enterprise
CUST0200,2025-06-01,46,19,1,73,Enterprise
CUST0200,2025-07-01,31,12,1,20,Enterprise
CUST0200,2025-08-01,16,9,1,32,Enterprise
CUST0200,2025-09-01,41,13,0,37,Enterprise
CUST0200,2025-10-01,24,19,0,-19,Enterprise
CUST0200,2025-11-01,37,8,3,55,Enterprise
CUST0200,2025-12-01,40,14,0,53,Enterprise
CUST0201,2024-04-01,7,184,1,3,Enterprise
CUST0201,2024-05-01,45,124,0,27,Enterprise
CUST0201,2024-06-01,43,175,0,60,Enterprise
CUST0201,2024-07-01,39,164,0,44,Enterprise
CUST0201,2024-08-01,39,121,1,23,Enterprise
CUST0201,2024-09-01,13,164,1,-2,Enterprise
CUST0201,2024-10-01,45,131,1,44,Enterprise
CUST0201,2024-11-01,54,187,1,26,Enterprise
CUST0201,2024-12-01,23,95,0,24,Enterprise
CUST0201,2025-01-01,44,127,3,-14,Enterprise
CUST0201,2025-02-01,44,122,0,35,Enterprise
CUST0201,2025-03-01,65,137,1,78,Enterprise
CUST0201,2025-04-01,43,93,1,30,Enterprise
CUST0201,2025-05-01,58,114,1,24,Enterprise
CUST0201,2025-06-01,19,117,0,43,Enterprise
CUST0201,2025-07-01,76,153,0,48,Enterprise
CUST0201,2025-08-01,37,177,0,39,Enterprise
CUST0201,2025-09-01,4,138,1,3,Enterprise
CUST0201,2025-10-01,46,131,1,46,Enterprise
CUST0201,2025-11-01,50,124,0,41,Enterprise
CUST0201,2025-12-01,55,177,0,11,Enterprise
CUST0202,2024-02-01,8,1,0,38,Starter
CUST0202,2024-03-01,6,1,1,19,Starter
CUST0202,2024-04-01,8,1,2,71,Starter
CUST0202,2024-05-01,7,1,1,31,Starter
CUST0202,2024-06-01,7,1,1,54,Starter
CUST0202,2024-07-01,11,1,0,67,Starter
CUST0202,2024-08-01,17,1,0,65,Growth
CUST0202,2024-09-01,20,1,0,38,Growth
CUST0202,2024-10-01,30,1,0,61,Growth
CUST0202,2024-11-01,18,1,0,9,Growth
CUST0202,2024-12-01,13,1,0,47,Growth
CUST0202,2025-01-01,22,1,0,9,Growth
CUST0202,2025-02-01,22,1,0,64,Growth
CUST0202,2025-03-01,29,1,1,71,Growth
CUST0202,2025-04-01,23,1,1,44,Growth
CUST0202,2025-05-01,29,1,0,76,Growth
CUST0202,2025-06-01,13,1,1,13,Growth
CUST0202,2025-07-01,24,1,1,50,Growth
CUST0203,2024-01-01,5,22,0,14,Growth
CUST0203,2024-02-01,11,38,0,36,Growth
CUST0203,2024-03-01,19,22,1,27,Growth
CUST0203,2024-04-01,29,44,0,45,Growth
CUST0203,2024-05-01,18,23,0,67,Growth
CUST0203,2024-06-01,17,24,1,24,Growth
CUST0203,2024-07-01,13,22,0,54,Growth
CUST0203,2024-08-01,11,48,0,68,Growth
CUST0203,2024-09-01,29,46,0,0,Growth
CUST0203,2024-10-01,37,26,0,25,Growth
CUST0203,2024-11-01,19,35,0,12,Growth
CUST0203,2024-12-01,20,46,1,68,Growth
CUST0203,2025-01-01,8,21,0,17,Growth
CUST0203,2025-02-01,18,44,0,59,Growth
CUST0203,2025-03-01,20,46,1,51,Growth
CUST0203,2025-04-01,13,34,0,31,Growth
CUST0203,2025-05-01,26,45,0,32,Growth
CUST0203,2025-06-01,29,22,0,94,Growth
CUST0203,2025-07-01,7,21,1,13,Growth
CUST0203,2025-08-01,10,34,0,12,Growth
CUST0203,2025-09-01,30,37,0,41,Growth
CUST0203,2025-10-01,17,45,0,57,Growth
CUST0203,2025-11-01,18,29,0,37,Growth
CUST0203,2025-12-01,27,34,1,68,Growth
CUST0204,2024-06-01,7,45,2,77,Starter
CUST0204,2024-07-01,7,40,0,-13,Starter
CUST0204,2024-08-01,6,37,0,53,Starter
CUST0204,2024-09-01,6,27,0,78,Starter
CUST0204,2024-10-01,6,47,2,42,Starter
CUST0204,2024-11-01,5,27,1,48,Starter
CUST0204,2024-12-01,0,25,0,-36,Starter
CUST0205,2024-10-01,6,1,0,-42,Growth
CUST0205,2024-11-01,21,1,0,21,Growth
CUST0205,2024-12-01,9,1,0,34,Growth
CUST0205,2025-01-01,30,1,0,74,Growth
CUST0205,2025-02-01,20,1,0,-8,Growth
CUST0205,2025-03-01,9,1,0,-18,Growth
CUST0205,2025-04-01,15,1,0,73,Growth
CUST0205,2025-05-01,22,1,0,40,Growth
CUST0205,2025-06-01,20,1,1,21,Growth
CUST0205,2025-07-01,24,1,1,60,Growth
CUST0205,2025-08-01,31,1,0,14,Growth
CUST0205,2025-09-01,21,1,0,42,Growth
CUST0205,2025-10-01,18,1,0,7,Growth
CUST0205,2025-11-01,17,1,0,61,Growth
CUST0205,2025-12-01,25,1,0,44,Growth
CUST0206,2025-07-01,9,1,1,14,Starter
CUST0206,2025-08-01,14,1,1,45,Starter
CUST0206,2025-09-01,9,1,0,41,Starter
CUST0206,2025-10-01,5,1,0,13,Starter
CUST0207,2024-11-01,41,1,0,56,Enterprise
CUST0207,2024-12-01,30,1,0,27,Enterprise
CUST0207,2025-01-01,45,1,0,81,Enterprise
CUST0207,2025-02-01,49,1,0,46,Enterprise
CUST0207,2025-03-01,39,1,1,50,Enterprise
CUST0207,2025-04-01,48,1,0,-3,Enterprise
CUST0207,2025-05-01,46,1,0,35,Enterprise
CUST0207,2025-06-01,28,1,0,-8,Enterprise
CUST0207,2025-07-01,56,1,3,37,Enterprise
CUST0207,2025-08-01,70,1,0,17,Enterprise
CUST0207,2025-09-01,38,1,0,-3,Enterprise
CUST0207,2025-10-01,11,1,1,-6,Enterprise
CUST0207,2025-11-01,62,1,2,1,Enterprise
CUST0207,2025-12-01,68,1,2,73,Enterprise
CUST0208,2024-10-01,6,12,0,83,Starter
CUST0208,2024-11-01,3,19,0,-2,Starter
CUST0209,2025-03-01,6,1,0,4,Starter
CUST0209,2025-04-01,8,1,1,73,Starter
CUST0209,2025-05-01,6,1,1,62,Starter
CUST0209,2025-06-01,9,1,0,26,Starter
CUST0209,2025-07-01,4,1,0,-17,Starter
CUST0209,2025-08-01,10,1,1,22,Starter
CUST0209,2025-09-01,5,1,0,67,Starter
CUST0209,2025-10-01,7,1,0,17,Starter
CUST0209,2025-11-01,9,1,0,32,Starter
CUST0209,2025-12-01,8,1,0,35,Starter
CUST0210,2024-12-01,35,1,0,44,Growth
CUST0210,2025-01-01,25,1,0,67,Growth
CUST0210,2025-02-01,19,1,0,73,Growth
CUST0210,2025-03-01,26,1,0,-10,Growth
CUST0210,2025-04-01,14,1,1,81,Growth
CUST0210,2025-05-01,18,1,0,31,Growth
CUST0210,2025-06-01,20,1,0,5,Enterprise
CUST0210,2025-07-01,40,1,1,14,Enterprise
CUST0210,2025-08-01,50,1,1,31,Enterprise
CUST0210,2025-09-01,46,1,0,36,Enterprise
CUST0210,2025-10-01,39,1,0,31,Enterprise
CUST0210,2025-11-01,76,1,0,30,Enterprise
CUST0210,2025-12-01,41,1,0,-2,Enterprise
CUST0211,2024-08-01,10,2,0,-16,Starter
CUST0211,2024-09-01,5,3,0,53,Starter
CUST0211,2024-10-01,2,3,0,-7,Starter
CUST0211,2024-11-01,7,2,0,36,Starter
CUST0211,2024-12-01,5,3,0,59,Starter
CUST0211,2025-01-01,10,4,0,54,Starter
CUST0211,2025-02-01,6,3,1,74,Starter
CUST0211,2025-03-01,13,1,0,9,Starter
CUST0211,2025-04-01,9,2,0,68,Starter
CUST0211,2025-05-01,7,2,0,16,Starter
CUST0211,2025-06-01,5,4,0,82,Starter
CUST0211,2025-07-01,6,4,0,48,Starter
CUST0211,2025-08-01,6,4,1,90,Starter
CUST0211,2025-09-01,8,2,0,19,Starter
CUST0211,2025-10-01,4,3,0,0,Starter
CUST0211,2025-11-01,0,2,0,44,Starter
CUST0211,2025-12-01,9,2,0,19,Starter
CUST0212,2024-04-01,61,94,1,45,Enterprise
CUST0212,2024-05-01,15,42,0,23,Enterprise
CUST0212,2024-06-01,35,68,0,20,Enterprise
CUST0213,2025-03-01,13,68,0,49,Starter
CUST0213,2025-04-01,8,41,0,19,Starter
CUST0213,2025-05-01,5,60,2,93,Starter
CUST0213,2025-06-01,9,68,0,38,Starter
CUST0213,2025-07-01,4,61,1,11,Starter
CUST0213,2025-08-01,10,88,0,100,Starter
CUST0213,2025-09-01,12,89,0,26,Starter
CUST0213,2025-10-01,3,89,3,35,Starter
CUST0213,2025-11-01,6,91,0,58,Starter
CUST0213,2025-12-01,8,65,0,-14,Starter
CUST0214,2025-02-01,14,72,0,0,Growth
CUST0214,2025-03-01,38,94,0,52,Growth
CUST0214,2025-04-01,16,53,1,40,Growth
CUST0214,2025-05-01,16,49,1,52,Growth
CUST0214,2025-06-01,16,76,0,46,Growth
CUST0214,2025-07-01,28,65,0,17,Growth
CUST0214,2025-08-01,15,74,0,0,Growth
CUST0214,2025-09-01,28,82,0,-23,Growth
CUST0214,2025-10-01,17,76,0,81,Growth
CUST0214,2025-11-01,3,82,0,18,Growth
CUST0214,2025-12-01,24,97,0,52,Growth
CUST0215,2024-03-01,58,7,0,45,Enterprise
CUST0215,2024-04-01,47,5,1,39,Enterprise
CUST0215,2024-05-01,49,5,0,24,Enterprise
CUST0215,2024-06-01,48,7,2,48,Enterprise
CUST0215,2024-07-01,39,3,0,52,Enterprise
CUST0215,2024-08-01,68,8,1,33,Enterprise
CUST0215,2024-09-01,50,7,1,39,Enterprise
CUST0215,2024-10-01,51,4,2,71,Enterprise
CUST0215,2024-11-01,46,3,0,19,Enterprise
CUST0215,2024-12-01,44,7,0,59,Enterprise
CUST0215,2025-01-01,53,6,1,95,Enterprise
CUST0215,2025-02-01,42,9,0,53,Enterprise
CUST0215,2025-03-01,67,9,0,57,Enterprise
CUST0215,2025-04-01,39,4,0,37,Enterprise
CUST0215,2025-05-01,44,6,0,77,Enterprise
CUST0215,2025-06-01,61,6,0,64,Enterprise
CUST0215,2025-07-01,51,8,1,31,Enterprise
CUST0215,2025-08-01,56,3,2,21,Enterprise
CUST0215,2025-09-01,32,6,1,26,Enterprise
CUST0215,2025-10-01,58,8,1,69,Enterprise
CUST0215,2025-11-01,36,6,1,45,Enterprise
CUST0215,2025-12-01,41,4,1,17,Enterprise
CUST0216,2024-11-01,60,56,0,49,Enterprise
CUST0216,2024-12-01,70,90,0,66,Enterprise
CUST0216,2025-01-01,57,46,0,-15,Enterprise
CUST0216,2025-02-01,40,56,1,48,Enterprise
CUST0216,2025-03-01,47,71,1,29,Enterprise
CUST0216,2025-04-01,56,74,2,22,Enterprise
CUST0216,2025-05-01,43,85,0,38,Enterprise
CUST0216,2025-06-01,46,68,1,29,Enterprise
CUST0216,2025-07-01,12,56,0,32,Enterprise
CUST0216,2025-08-01,14,51,1,7,Enterprise
CUST0216,2025-09-01,23,89,0,22,Enterprise
CUST0216,2025-10-01,75,47,1,61,Enterprise
CUST0216,2025-11-01,36,75,2,53,Enterprise
CUST0216,2025-12-01,65,41,0,45,Enterprise
CUST0217,2024-07-01,7,7,1,7,Starter
CUST0217,2024-08-01,9,7,0,60,Starter
CUST0217,2024-09-01,9,8,0,72,Starter
CUST0217,2024-10-01,4,6,0,-44,Starter
CUST0217,2024-11-01,11,6,1,14,Starter
CUST0217,2024-12-01,11,9,0,51,Starter
CUST0217,2025-01-01,9,6,0,25,Starter
CUST0217,2025-02-01,5,8,1,18,Starter
CUST0217,2025-03-01,7,4,0,97,Starter
CUST0217,2025-04-01,5,3,1,42,Starter
CUST0217,2025-05-01,11,4,1,79,Starter
CUST0218,2025-06-01,16,1,0,51,Starter
CUST0218,2025-07-01,7,1,0,99,Starter
CUST0218,2025-08-01,10,1,0,60,Starter
CUST0218,2025-09-01,11,1,0,-8,Starter
CUST0218,2025-10-01,7,1,0,67,Starter
CUST0218,2025-11-01,6,1,3,56,Starter
CUST0218,2025-12-01,6,1,0,42,Starter
CUST0219,2024-05-01,20,56,0,36,Enterprise
CUST0219,2024-06-01,42,71,1,46,Enterprise
CUST0219,2024-07-01,26,65,1,-22,Enterprise
CUST0219,2024-08-01,37,70,0,16,Enterprise
CUST0219,2024-09-01,34,61,0,41,Enterprise
CUST0219,2024-10-01,41,74,1,31,Enterprise
CUST0219,2024-11-01,34,45,2,45,Enterprise
CUST0219,2024-12-01,43,73,1,55,Enterprise
CUST0219,2025-01-01,34,78,1,80,Enterprise
CUST0219,2025-02-01,51,53,0,30,Enterprise
CUST0219,2025-03-01,56,70,2,69,Enterprise
CUST0219,2025-04-01,41,85,1,64,Enterprise
CUST0219,2025-05-01,19,90,1,-19,Enterprise
CUST0219,2025-06-01,6,96,1,11,Enterprise
CUST0219,2025-07-01,38,43,2,62,Enterprise
CUST0219,2025-08-01,42,54,0,27,Enterprise
CUST0219,2025-09-01,52,46,0,58,Enterprise
CUST0219,2025-10-01,33,51,1,45,Enterprise
CUST0219,2025-11-01,44,52,0,23,Enterprise
CUST0219,2025-12-01,39,66,0,63,Enterprise
CUST0220,2025-03-01,23,14,0,26,Growth
CUST0220,2025-04-01,21,14,0,53,Growth
CUST0220,2025-05-01,16,18,1,59,Growth
CUST0220,2025-06-01,21,11,1,58,Growth
CUST0221,2025-08-01,24,1,0,47,Growth
CUST0221,2025-09-01,18,1,0,18,Growth
CUST0221,2025-10-01,20,1,0,51,Growth
CUST0221,2025-11-01,25,1,0,22,Growth
CUST0221,2025-12-01,17,1,0,31,Growth
CUST0222,2024-07-01,4,62,0,40,Starter
CUST0222,2024-08-01,14,42,1,22,Starter
CUST0222,2024-09-01,11,81,0,39,Starter
CUST0222,2024-10-01,6,80,0,57,Starter
CUST0222,2024-11-01,5,84,1,-16,Starter
CUST0222,2024-12-01,8,52,1,-7,Starter
CUST0222,2025-01-01,4,80,1,47,Starter
CUST0222,2025-02-01,7,75,0,72,Starter
CUST0222,2025-03-01,7,56,0,9,Starter
CUST0222,2025-04-01,10,44,0,31,Starter
CUST0222,2025-05-01,6,70,0,34,Starter
CUST0222,2025-06-01,7,75,0,0,Starter
CUST0222,2025-07-01,8,59,0,47,Starter
CUST0222,2025-08-01,7,96,0,45,Starter
CUST0222,2025-09-01,9,39,1,11,Starter
CUST0222,2025-10-01,10,61,0,0,Starter
CUST0222,2025-11-01,6,57,0,4,Starter
CUST0222,2025-12-01,7,86,0,25,Starter
CUST0223,2024-09-01,11,9,0,9,Growth
CUST0223,2024-10-01,12,5,0,-44,Growth
CUST0223,2024-11-01,8,4,0,0,Growth
CUST0223,2024-12-01,17,4,0,18,Growth
CUST0223,2025-01-01,30,7,0,47,Growth
CUST0223,2025-02-01,22,7,0,16,Growth
CUST0223,2025-03-01,28,7,0,44,Enterprise
CUST0223,2025-04-01,40,5,0,46,Enterprise
CUST0223,2025-05-01,40,7,1,57,Enterprise
CUST0223,2025-06-01,46,5,0,42,Enterprise
CUST0223,2025-07-01,36,8,1,8,Enterprise
CUST0223,2025-08-01,41,7,0,35,Enterprise
CUST0223,2025-09-01,49,5,1,39,Enterprise
CUST0223,2025-10-01,38,4,2,20,Enterprise
CUST0223,2025-11-01,46,8,2,36,Enterprise
CUST0223,2025-12-01,44,7,0,62,Enterprise
CUST0224,2024-12-01,19,1,0,40,Growth
CUST0224,2025-01-01,16,1,0,20,Growth
CUST0225,2024-11-01,55,157,0,58,Enterprise
CUST0225,2024-12-01,45,79,0,46,Enterprise
CUST0225,2025-01-01,62,108,0,57,Enterprise
CUST0225,2025-02-01,50,79,0,11,Enterprise
CUST0225,2025-03-01,33,106,0,31,Enterprise
CUST0225,2025-04-01,40,187,0,23,Enterprise
CUST0225,2025-05-01,33,186,2,32,Enterprise
CUST0225,2025-06-01,63,106,1,48,Enterprise
CUST0225,2025-07-01,48,186,0,33,Enterprise
CUST0225,2025-08-01,44,180,0,29,Enterprise
CUST0225,2025-09-01,58,119,0,58,Enterprise
CUST0225,2025-10-01,39,78,0,37,Enterprise
CUST0225,2025-11-01,39,95,0,35,Enterprise
CUST0225,2025-12-01,61,107,1,47,Enterprise
CUST0226,2024-03-01,18,5,1,1,Enterprise
CUST0226,2024-04-01,32,5,0,54,Enterprise
CUST0226,2024-05-01,56,6,0,42,Enterprise
CUST0226,2024-06-01,34,8,1,10,Enterprise
CUST0226,2024-07-01,67,7,0,76,Enterprise
CUST0226,2024-08-01,32,9,0,40,Enterprise
CUST0226,2024-09-01,56,7,1,30,Enterprise
CUST0226,2024-10-01,51,4,2,49,Enterprise
CUST0226,2024-11-01,79,5,1,45,Enterprise
CUST0226,2024-12-01,71,7,0,41,Enterprise
CUST0226,2025-01-01,52,9,0,81,Enterprise
CUST0226,2025-02-01,53,8,1,36,Enterprise
CUST0226,2025-03-01,21,4,0,-1,Enterprise
CUST0226,2025-04-01,43,5,0,47,Enterprise
CUST0226,2025-05-01,45,8,2,23,Enterprise
CUST0226,2025-06-01,50,6,1,65,Enterprise
CUST0226,2025-07-01,58,5,1,50,Enterprise
CUST0226,2025-08-01,39,6,1,69,Enterprise
CUST0226,2025-09-01,37,7,0,73,Enterprise
CUST0226,2025-10-01,23,9,0,47,Enterprise
CUST0226,2025-11-01,51,8,0,73,Enterprise
CUST0226,2025-12-01,55,8,1,38,Enterprise
CUST0227,2024-07-01,41,1,0,36,Enterprise
CUST0227,2024-08-01,43,1,0,37,Enterprise
CUST0227,2024-09-01,42,1,3,32,Enterprise
CUST0227,2024-10-01,42,1,0,0,Enterprise
CUST0227,2024-11-01,50,1,3,48,Enterprise
CUST0227,2024-12-01,58,1,0,81,Enterprise
CUST0227,2025-01-01,58,1,2,24,Enterprise
CUST0227,2025-02-01,7,1,1,1,Enterprise
CUST0227,2025-03-01,45,1,0,75,Enterprise
CUST0227,2025-04-01,42,1,0,5,Enterprise
CUST0227,2025-05-01,36,1,4,14,Enterprise
CUST0227,2025-06-01,32,1,1,43,Enterprise
CUST0227,2025-07-01,7,1,1,6,Enterprise
CUST0227,2025-08-01,58,1,2,37,Enterprise
CUST0227,2025-09-01,22,1,2,-24,Enterprise
CUST0227,2025-10-01,41,1,1,44,Enterprise
CUST0227,2025-11-01,41,1,0,89,Enterprise
CUST0227,2025-12-01,72,1,1,29,Enterprise
CUST0228,2025-04-01,18,105,0,96,Growth
CUST0228,2025-05-01,26,148,0,69,Growth
CUST0228,2025-06-01,18,132,1,29,Growth
CUST0228,2025-07-01,21,153,3,4,Growth
CUST0228,2025-08-01,35,142,0,-3,Growth
CUST0229,2024-09-01,6,4,0,54,Starter
CUST0229,2024-10-01,7,7,0,25,Starter
CUST0229,2024-11-01,8,9,0,40,Starter
CUST0229,2024-12-01,8,8,0,72,Starter
CUST0229,2025-01-01,9,8,1,65,Starter
CUST0229,2025-02-01,4,5,1,-59,Starter
CUST0229,2025-03-01,7,5,0,49,Starter
CUST0229,2025-04-01,6,9,1,5,Starter
CUST0229,2025-05-01,4,6,0,1,Starter
CUST0229,2025-06-01,8,3,0,64,Starter
CUST0230,2025-07-01,5,35,0,37,Starter
CUST0230,2025-08-01,10,40,0,0,Starter
CUST0230,2025-09-01,10,24,0,-11,Starter
CUST0230,2025-10-01,4,38,0,6,Starter
CUST0230,2025-11-01,6,31,0,28,Starter
CUST0230,2025-12-01,12,42,1,53,Starter
CUST0231,2025-03-01,35,94,1,11,Enterprise
CUST0231,2025-04-01,20,81,2,-2,Enterprise
CUST0231,2025-05-01,36,69,0,4,Enterprise
CUST0231,2025-06-01,59,84,1,52,Enterprise
CUST0231,2025-07-01,27,97,1,23,Enterprise
CUST0231,2025-08-01,36,88,0,11,Enterprise
CUST0231,2025-09-01,33,92,0,15,Enterprise
CUST0231,2025-10-01,73,75,0,69,Enterprise
CUST0231,2025-11-01,22,72,0,0,Enterprise
CUST0231,2025-12-01,29,62,2,21,Enterprise
CUST0232,2024-08-01,15,3,0,17,Growth
CUST0232,2024-09-01,25,3,3,35,Growth
CUST0232,2024-10-01,22,2,0,48,Growth
CUST0232,2024-11-01,21,2,0,44,Growth
CUST0232,2024-12-01,20,3,1,54,Growth
CUST0232,2025-01-01,5,3,0,32,Growth
CUST0232,2025-02-01,25,4,0,-15,Growth
CUST0232,2025-03-01,22,1,0,40,Growth
CUST0232,2025-04-01,24,4,0,-5,Growth
CUST0232,2025-05-01,27,4,0,56,Growth
CUST0232,2025-06-01,16,2,0,80,Growth
CUST0232,2025-07-01,12,2,0,13,Growth
CUST0232,2025-08-01,15,4,0,19,Growth
CUST0232,2025-09-01,18,2,0,100,Growth
CUST0232,2025-10-01,7,4,0,26,Growth
CUST0232,2025-11-01,36,3,1,42,Growth
CUST0232,2025-12-01,18,2,0,19,Growth
CUST0233,2024-07-01,4,37,0,-2,Starter
CUST0233,2024-08-01,0,32,1,12,Starter
CUST0233,2024-09-01,9,42,0,65,Starter
CUST0233,2024-10-01,7,45,0,39,Starter
CUST0233,2024-11-01,4,45,0,42,Starter
CUST0233,2024-12-01,10,42,0,50,Starter
CUST0233,2025-01-01,7,37,0,72,Starter
CUST0233,2025-02-01,4,26,0,14,Starter
CUST0233,2025-03-01,13,39,0,9,Starter
CUST0233,2025-04-01,13,36,0,62,Starter
CUST0233,2025-05-01,9,26,0,71,Starter
CUST0233,2025-06-01,10,39,0,1,Starter
CUST0233,2025-07-01,3,26,0,-4,Starter
CUST0233,2025-08-01,8,46,1,35,Starter
CUST0233,2025-09-01,10,44,0,68,Starter
CUST0233,2025-10-01,10,26,0,53,Starter
CUST0233,2025-11-01,5,25,0,7,Starter
CUST0233,2025-12-01,7,40,0,60,Starter
CUST0234,2024-04-01,2,54,0,-1,Starter
CUST0234,2024-05-01,9,42,0,72,Starter
CUST0235,2024-04-01,1,29,1,-39,Starter
CUST0235,2024-05-01,4,38,1,-30,Starter
CUST0235,2024-06-01,5,21,0,19,Starter
CUST0235,2024-07-01,7,27,1,59,Starter
CUST0235,2024-08-01,12,31,0,70,Starter
CUST0235,2024-09-01,3,29,0,61,Starter
CUST0236,2024-09-01,5,1,1,60,Starter
CUST0236,2024-10-01,7,1,0,52,Starter
CUST0236,2024-11-01,6,1,0,91,Starter
CUST0236,2024-12-01,10,1,0,57,Starter
CUST0236,2025-01-01,11,1,0,83,Starter
CUST0236,2025-02-01,5,1,0,69,Starter
CUST0236,2025-03-01,9,1,0,47,Starter
CUST0236,2025-04-01,12,1,0,17,Starter
CUST0236,2025-05-01,7,1,0,36,Starter
CUST0236,2025-06-01,9,1,0,51,Starter
CUST0236,2025-07-01,11,1,1,63,Starter
CUST0236,2025-08-01,8,1,0,13,Starter
CUST0236,2025-09-01,4,1,1,27,Starter
CUST0236,2025-10-01,9,1,0,50,Starter
CUST0236,2025-11-01,13,1,1,33,Starter
CUST0236,2025-12-01,8,1,0,6,Starter
CUST0237,2024-08-01,9,42,0,58,Growth
CUST0237,2024-09-01,14,20,0,76,Growth
CUST0237,2024-10-01,29,41,0,63,Growth
CUST0237,2024-11-01,27,47,0,94,Growth
CUST0237,2024-12-01,27,48,0,-13,Growth
CUST0237,2025-01-01,22,34,0,42,Growth
CUST0237,2025-02-01,15,28,0,31,Growth
CUST0237,2025-03-01,19,47,0,32,Growth
CUST0237,2025-04-01,28,45,0,32,Growth
CUST0237,2025-05-01,39,40,0,22,Growth
CUST0237,2025-06-01,16,36,0,34,Growth
CUST0237,2025-07-01,14,34,1,66,Growth
CUST0237,2025-08-01,16,38,0,39,Growth
CUST0237,2025-09-01,28,33,2,29,Growth
CUST0237,2025-10-01,14,19,0,55,Growth
CUST0238,2024-09-01,7,89,0,37,Starter
CUST0238,2024-10-01,8,50,0,25,Starter
CUST0238,2024-11-01,9,89,0,25,Starter
CUST0239,2025-03-01,37,15,2,-2,Enterprise
CUST0239,2025-04-01,57,19,1,87,Enterprise
CUST0239,2025-05-01,25,11,0,26,Enterprise
CUST0239,2025-06-01,42,15,0,31,Enterprise
CUST0239,2025-07-01,53,10,0,72,Enterprise
CUST0239,2025-08-01,80,13,1,25,Enterprise
CUST0239,2025-09-01,53,16,1,91,Enterprise
CUST0239,2025-10-01,41,8,1,46,Enterprise
CUST0239,2025-11-01,27,16,0,0,Enterprise
CUST0239,2025-12-01,83,16,0,61,Enterprise
CUST0240,2024-11-01,44,47,1,20,Enterprise
CUST0240,2024-12-01,29,31,0,75,Enterprise
CUST0240,2025-01-01,21,41,2,71,Enterprise
CUST0240,2025-02-01,61,20,0,63,Enterprise
CUST0240,2025-03-01,50,46,0,71,Enterprise
CUST0240,2025-04-01,47,34,0,41,Enterprise
CUST0240,2025-05-01,46,46,0,70,Enterprise
CUST0240,2025-06-01,46,22,1,51,Enterprise
CUST0240,2025-07-01,64,24,0,66,Enterprise
CUST0240,2025-08-01,67,31,1,21,Enterprise
CUST0240,2025-09-01,45,46,0,75,Enterprise
CUST0240,2025-10-01,47,25,0,59,Enterprise
CUST0240,2025-11-01,32,35,2,49,Enterprise
CUST0240,2025-12-01,72,30,2,16,Enterprise
CUST0241,2025-03-01,3,1,0,-91,Starter
CUST0241,2025-04-01,4,1,0,33,Starter
CUST0241,2025-05-01,8,1,0,15,Starter
CUST0241,2025-06-01,11,1,0,42,Starter
CUST0241,2025-07-01,10,1,1,55,Starter
CUST0241,2025-08-01,7,1,0,68,Starter
CUST0241,2025-09-01,11,1,0,35,Starter
CUST0241,2025-10-01,8,1,0,73,Starter
CUST0241,2025-11-01,8,1,0,32,Starter
CUST0242,2024-10-01,7,1,0,29,Starter
CUST0242,2024-11-01,8,1,0,30,Starter
CUST0242,2024-12-01,8,1,1,46,Starter
CUST0242,2025-01-01,5,1,0,47,Starter
CUST0242,2025-02-01,8,1,0,65,Starter
CUST0242,2025-03-01,9,1,0,60,Starter
CUST0242,2025-04-01,18,1,0,40,Growth
CUST0242,2025-05-01,20,1,0,29,Growth
CUST0242,2025-06-01,7,1,0,-39,Growth
CUST0242,2025-07-01,12,1,1,26,Growth
CUST0242,2025-08-01,12,1,1,11,Growth
CUST0242,2025-09-01,28,1,0,3,Growth
CUST0242,2025-10-01,17,1,0,54,Growth
CUST0242,2025-11-01,25,1,0,50,Growth
CUST0242,2025-12-01,19,1,0,53,Growth
CUST0243,2024-10-01,4,3,0,23,Starter
CUST0243,2024-11-01,10,3,0,54,Starter
CUST0243,2024-12-01,7,4,0,35,Starter
CUST0243,2025-01-01,4,2,0,7,Starter
CUST0243,2025-02-01,8,2,1,43,Starter
CUST0243,2025-03-01,9,4,0,39,Starter
CUST0243,2025-04-01,6,3,0,15,Starter
CUST0243,2025-05-01,9,4,0,58,Starter
CUST0243,2025-06-01,7,2,0,2,Starter
CUST0243,2025-07-01,10,2,0,35,Starter
CUST0243,2025-08-01,4,2,0,11,Starter
CUST0243,2025-09-01,10,4,0,31,Starter
CUST0243,2025-10-01,1,2,0,4,Starter
CUST0243,2025-11-01,6,4,0,45,Starter
CUST0243,2025-12-01,8,4,0,29,Starter
CUST0244,2024-09-01,37,4,2,60,Enterprise
CUST0244,2024-10-01,64,4,1,59,Enterprise
CUST0244,2024-11-01,31,3,0,55,Enterprise
CUST0244,2024-12-01,60,4,0,8,Enterprise
CUST0244,2025-01-01,56,4,0,68,Enterprise
CUST0245,2024-07-01,9,1,2,54,Starter
CUST0245,2024-08-01,7,1,0,100,Starter
CUST0245,2024-09-01,3,1,0,19,Starter
CUST0245,2024-10-01,2,1,0,16,Starter
CUST0245,2024-11-01,7,1,1,-10,Starter
CUST0245,2024-12-01,5,1,0,17,Starter
CUST0245,2025-01-01,21,1,1,46,Growth
CUST0245,2025-02-01,16,1,0,32,Growth
CUST0245,2025-03-01,6,1,1,18,Growth
CUST0245,2025-04-01,22,1,0,-30,Growth
CUST0245,2025-05-01,25,1,1,47,Growth
CUST0245,2025-06-01,38,1,0,28,Growth
CUST0245,2025-07-01,21,1,0,41,Growth
CUST0245,2025-08-01,26,1,0,40,Growth
CUST0245,2025-09-01,16,1,0,43,Growth
CUST0245,2025-10-01,22,1,0,57,Growth
CUST0245,2025-11-01,22,1,1,54,Growth
CUST0245,2025-12-01,20,1,1,92,Growth
CUST0246,2025-07-01,60,113,1,31,Enterprise
CUST0246,2025-08-01,29,163,1,20,Enterprise
CUST0246,2025-09-01,49,183,1,23,Enterprise
CUST0246,2025-10-01,57,138,1,43,Enterprise
CUST0246,2025-11-01,45,111,3,34,Enterprise
CUST0246,2025-12-01,43,174,1,24,Enterprise
CUST0247,2024-07-01,18,1,0,45,Growth
CUST0247,2024-08-01,22,1,1,62,Growth
CUST0247,2024-09-01,18,1,0,34,Growth
CUST0247,2024-10-01,16,1,0,43,Growth
CUST0247,2024-11-01,9,1,1,-18,Growth
CUST0247,2024-12-01,21,1,0,54,Growth
CUST0247,2025-01-01,24,1,0,42,Growth
CUST0247,2025-02-01,24,1,1,82,Growth
CUST0247,2025-03-01,28,1,0,17,Growth
CUST0247,2025-04-01,25,1,0,-37,Growth
CUST0247,2025-05-01,22,1,0,23,Growth
CUST0247,2025-06-01,27,1,0,12,Growth
CUST0247,2025-07-01,27,1,0,59,Growth
CUST0247,2025-08-01,21,1,1,27,Growth
CUST0247,2025-09-01,8,1,0,-4,Growth
CUST0247,2025-10-01,31,1,1,41,Growth
CUST0247,2025-11-01,21,1,0,22,Growth
CUST0247,2025-12-01,15,1,1,26,Growth
CUST0248,2024-12-01,6,16,0,10,Starter
CUST0248,2025-01-01,7,12,0,16,Starter
CUST0248,2025-02-01,8,16,0,25,Starter
CUST0248,2025-03-01,12,12,0,84,Starter
CUST0248,2025-04-01,16,13,0,52,Starter
CUST0248,2025-05-01,9,9,0,45,Starter
CUST0248,2025-06-01,6,12,0,47,Starter
CUST0248,2025-07-01,10,11,0,60,Starter
CUST0248,2025-08-01,8,14,1,74,Starter
CUST0248,2025-09-01,8,13,0,85,Starter
CUST0248,2025-10-01,11,16,1,11,Starter
CUST0248,2025-11-01,9,12,1,41,Starter
CUST0248,2025-12-01,5,11,0,100,Starter
CUST0249,2024-06-01,8,19,1,3,Starter
CUST0249,2024-07-01,13,28,0,60,Starter
CUST0249,2024-08-01,10,30,1,51,Starter
CUST0249,2024-09-01,2,28,0,39,Starter
CUST0249,2024-10-01,7,34,0,26,Starter
CUST0249,2024-11-01,3,34,1,-4,Starter
CUST0249,2024-12-01,4,29,0,-5,Starter
CUST0249,2025-01-01,10,33,0,59,Starter
CUST0249,2025-02-01,5,35,0,25,Starter
CUST0249,2025-03-01,10,45,0,63,Starter
CUST0249,2025-04-01,8,43,0,29,Starter
CUST0249,2025-05-01,12,35,0,55,Starter
CUST0249,2025-06-01,3,36,1,54,Starter
CUST0249,2025-07-01,8,33,0,34,Starter
CUST0249,2025-08-01,10,30,0,31,Starter
CUST0249,2025-09-01,8,33,1,61,Starter
CUST0249,2025-10-01,6,26,0,11,Starter
CUST0249,2025-11-01,9,45,0,19,Starter
CUST0249,2025-12-01,6,19,0,64,Starter
CUST0250,2025-07-01,9,52,0,21,Starter
CUST0250,2025-08-01,13,79,0,46,Starter
CUST0250,2025-09-01,7,80,0,28,Starter
CUST0250,2025-10-01,6,61,0,56,Starter
CUST0250,2025-11-01,6,75,0,40,Starter
CUST0250,2025-12-01,7,48,2,23,Starter
CUST0251,2024-04-01,15,113,0,11,Growth
CUST0251,2024-05-01,26,172,0,53,Growth
CUST0251,2024-06-01,19,104,0,20,Growth
CUST0251,2024-07-01,24,135,0,54,Growth
CUST0251,2024-08-01,29,132,1,54,Growth
CUST0251,2024-09-01,22,180,1,39,Growth
CUST0251,2024-10-01,21,151,0,58,Growth
CUST0251,2024-11-01,25,155,0,15,Growth
CUST0251,2024-12-01,19,131,0,14,Growth
CUST0251,2025-01-01,16,102,0,41,Growth
CUST0251,2025-02-01,25,122,0,56,Growth
CUST0251,2025-03-01,21,96,0,38,Growth
CUST0251,2025-04-01,21,77,0,49,Growth
CUST0251,2025-05-01,18,194,0,-23,Growth
CUST0251,2025-06-01,16,147,0,41,Growth
CUST0251,2025-07-01,25,158,1,31,Growth
CUST0251,2025-08-01,18,91,0,20,Growth
CUST0251,2025-09-01,7,192,0,-13,Growth
CUST0251,2025-10-01,20,113,0,36,Growth
CUST0251,2025-11-01,23,82,0,29,Growth
CUST0251,2025-12-01,16,149,0,97,Growth
CUST0252,2024-05-01,33,6,0,22,Enterprise
CUST0252,2024-06-01,62,6,0,60,Enterprise
CUST0252,2024-07-01,40,7,0,62,Enterprise
CUST0252,2024-08-01,48,7,0,29,Enterprise
CUST0252,2024-09-01,56,6,0,42,Enterprise
CUST0252,2024-10-01,17,6,1,19,Enterprise
CUST0252,2024-11-01,41,4,1,88,Enterprise
CUST0252,2024-12-01,45,4,1,22,Enterprise
CUST0252,2025-01-01,42,7,2,58,Enterprise
CUST0252,2025-02-01,46,6,1,68,Enterprise
CUST0252,2025-03-01,40,4,1,95,Enterprise
CUST0252,2025-04-01,47,6,0,47,Enterprise
CUST0252,2025-05-01,9,8,2,32,Enterprise
CUST0252,2025-06-01,55,6,1,17,Enterprise
CUST0252,2025-07-01,41,6,2,15,Enterprise
CUST0252,2025-08-01,38,7,2,18,Enterprise
CUST0252,2025-09-01,46,8,1,44,Enterprise
CUST0252,2025-10-01,48,8,2,37,Enterprise
CUST0252,2025-11-01,29,8,0,40,Enterprise
CUST0252,2025-12-01,72,5,0,17,Enterprise
CUST0253,2025-03-01,28,53,0,-10,Growth
CUST0253,2025-04-01,26,75,0,24,Growth
CUST0253,2025-05-01,24,47,1,37,Growth
CUST0253,2025-06-01,19,87,1,19,Growth
CUST0253,2025-07-01,22,67,0,22,Growth
CUST0253,2025-08-01,18,66,0,25,Growth
CUST0253,2025-09-01,19,59,1,18,Growth
CUST0253,2025-10-01,29,62,0,42,Growth
CUST0253,2025-11-01,17,94,1,93,Growth
CUST0253,2025-12-01,16,70,0,49,Growth
CUST0254,2024-12-01,9,67,0,23,Starter
CUST0254,2025-01-01,13,64,0,38,Starter
CUST0254,2025-02-01,4,86,0,-43,Starter
CUST0254,2025-03-01,8,43,2,17,Starter
CUST0254,2025-04-01,11,97,0,49,Starter
CUST0254,2025-05-01,3,87,0,2,Starter
CUST0254,2025-06-01,8,92,0,39,Starter
CUST0254,2025-07-01,10,64,2,40,Starter
CUST0254,2025-08-01,4,69,0,1,Starter
CUST0254,2025-09-01,8,80,0,44,Starter
CUST0254,2025-10-01,5,71,0,45,Starter
CUST0254,2025-11-01,5,54,0,58,Starter
CUST0254,2025-12-01,10,44,0,51,Starter
CUST0255,2024-07-01,57,1,0,53,Enterprise
CUST0255,2024-08-01,40,1,0,15,Enterprise
CUST0255,2024-09-01,49,1,2,33,Enterprise
CUST0255,2024-10-01,31,1,0,55,Enterprise
CUST0255,2024-11-01,51,1,0,6,Enterprise
CUST0255,2024-12-01,25,1,0,30,Enterprise
CUST0255,2025-01-01,48,1,0,52,Enterprise
CUST0255,2025-02-01,55,1,0,43,Enterprise
CUST0255,2025-03-01,26,1,0,-20,Enterprise
CUST0255,2025-04-01,50,1,1,26,Enterprise
CUST0255,2025-05-01,75,1,0,31,Enterprise
CUST0255,2025-06-01,43,1,1,25,Enterprise
CUST0255,2025-07-01,39,1,1,-5,Enterprise
CUST0255,2025-08-01,70,1,0,58,Enterprise
CUST0255,2025-09-01,68,1,0,67,Enterprise
CUST0255,2025-10-01,52,1,1,27,Enterprise
CUST0255,2025-11-01,67,1,2,59,Enterprise
CUST0255,2025-12-01,53,1,0,32,Enterprise
CUST0256,2025-02-01,8,143,0,24,Starter
CUST0256,2025-03-01,7,150,0,53,Starter
CUST0256,2025-04-01,7,131,0,51,Starter
CUST0256,2025-05-01,8,78,0,0,Starter
CUST0257,2024-09-01,10,8,2,3,Starter
CUST0257,2024-10-01,7,7,0,54,Starter
CUST0257,2024-11-01,6,4,0,57,Starter
CUST0257,2024-12-01,3,4,0,35,Starter
CUST0257,2025-01-01,9,5,1,22,Starter
CUST0257,2025-02-01,13,4,0,25,Starter
CUST0257,2025-03-01,16,5,0,23,Growth
CUST0257,2025-04-01,16,3,0,2,Growth
CUST0257,2025-05-01,17,4,0,57,Growth
CUST0257,2025-06-01,26,8,0,38,Growth
CUST0257,2025-07-01,21,9,0,-14,Growth
CUST0257,2025-08-01,17,5,1,18,Growth
CUST0257,2025-09-01,19,9,0,20,Growth
CUST0258,2024-07-01,31,1,1,20,Growth
CUST0258,2024-08-01,16,1,0,34,Growth
CUST0258,2024-09-01,16,1,0,53,Growth
CUST0258,2024-10-01,31,1,0,-26,Growth
CUST0258,2024-11-01,17,1,1,12,Growth
CUST0258,2024-12-01,23,1,0,77,Growth
CUST0258,2025-01-01,47,1,0,48,Enterprise
CUST0259,2024-08-01,21,37,0,22,Growth
CUST0259,2024-09-01,22,44,0,25,Growth
CUST0259,2024-10-01,18,30,1,59,Growth
CUST0259,2024-11-01,19,30,0,11,Growth
CUST0259,2024-12-01,36,23,0,58,Growth
CUST0259,2025-01-01,21,21,0,69,Growth
CUST0259,2025-02-01,16,26,1,42,Growth
CUST0259,2025-03-01,24,38,0,25,Growth
CUST0259,2025-04-01,23,20,0,50,Growth
CUST0259,2025-05-01,24,34,0,55,Growth
CUST0259,2025-06-01,28,32,2,74,Growth
CUST0259,2025-07-01,9,36,0,-9,Growth
CUST0259,2025-08-01,8,35,0,31,Growth
CUST0259,2025-09-01,14,34,0,61,Growth
CUST0259,2025-10-01,17,41,0,39,Growth
CUST0259,2025-11-01,18,29,0,51,Growth
CUST0259,2025-12-01,22,30,0,25,Growth
CUST0260,2025-05-01,47,81,0,44,Enterprise
CUST0260,2025-06-01,22,48,0,5,Enterprise
CUST0260,2025-07-01,67,46,1,36,Enterprise
CUST0260,2025-08-01,71,64,2,57,Enterprise
CUST0260,2025-09-01,38,38,0,59,Enterprise
CUST0260,2025-10-01,67,83,1,52,Enterprise
CUST0260,2025-11-01,61,61,0,56,Enterprise
CUST0260,2025-12-01,50,53,0,43,Enterprise
CUST0261,2025-02-01,10,24,0,20,Starter
CUST0261,2025-03-01,9,45,0,31,Starter
CUST0261,2025-04-01,10,20,0,63,Starter
CUST0261,2025-05-01,5,47,0,36,Starter
CUST0261,2025-06-01,10,41,1,98,Starter
CUST0261,2025-07-01,8,39,0,86,Starter
CUST0261,2025-08-01,7,40,0,65,Starter
CUST0262,2025-01-01,20,64,0,51,Growth
CUST0262,2025-02-01,26,88,0,48,Growth
CUST0262,2025-03-01,17,86,0,49,Growth
CUST0262,2025-04-01,14,90,0,5,Growth
CUST0262,2025-05-01,5,42,3,-9,Growth
CUST0263,2024-10-01,9,38,0,48,Starter
CUST0263,2024-11-01,11,30,0,10,Starter
CUST0263,2024-12-01,11,32,0,-14,Starter
CUST0263,2025-01-01,5,25,0,14,Starter
CUST0263,2025-02-01,8,29,0,26,Starter
CUST0263,2025-03-01,8,47,0,13,Starter
CUST0263,2025-04-01,8,20,0,18,Starter
CUST0263,2025-05-01,8,28,0,40,Starter
CUST0263,2025-06-01,4,21,0,-31,Starter
CUST0263,2025-07-01,8,21,0,45,Starter
CUST0263,2025-08-01,9,43,2,0,Starter
CUST0263,2025-09-01,11,24,0,39,Starter
CUST0263,2025-10-01,8,40,0,-8,Starter
CUST0263,2025-11-01,3,33,0,23,Starter
CUST0263,2025-12-01,9,45,0,32,Starter
CUST0264,2024-08-01,25,112,0,32,Growth
CUST0264,2024-09-01,19,119,0,67,Growth
CUST0264,2024-10-01,9,154,0,6,Growth
CUST0264,2024-11-01,26,94,0,82,Growth
CUST0264,2024-12-01,16,76,0,56,Growth
CUST0264,2025-01-01,27,162,1,24,Growth
CUST0264,2025-02-01,33,193,0,23,Growth
CUST0264,2025-03-01,13,158,1,34,Growth
CUST0264,2025-04-01,22,120,0,59,Growth
CUST0264,2025-05-01,17,87,0,23,Growth
CUST0264,2025-06-01,13,88,0,23,Growth
CUST0264,2025-07-01,23,184,0,11,Growth
CUST0264,2025-08-01,24,103,0,77,Growth
CUST0264,2025-09-01,22,165,0,64,Growth
CUST0264,2025-10-01,19,149,2,58,Growth
CUST0264,2025-11-01,7,161,0,-7,Growth
CUST0264,2025-12-01,26,97,0,84,Growth
CUST0265,2024-07-01,24,11,0,16,Growth
CUST0265,2024-08-01,30,15,1,38,Growth
CUST0265,2024-09-01,10,16,1,-6,Growth
CUST0265,2024-10-01,15,14,1,47,Growth
CUST0265,2024-11-01,16,11,0,28,Growth
CUST0265,2024-12-01,14,14,0,64,Growth
CUST0265,2025-01-01,11,8,0,3,Growth
CUST0265,2025-02-01,17,9,0,29,Growth
CUST0265,2025-03-01,34,17,0,28,Growth
CUST0265,2025-04-01,14,16,0,-1,Growth
CUST0265,2025-05-01,14,8,1,55,Growth
CUST0266,2025-05-01,11,1,0,14,Starter
CUST0266,2025-06-01,9,1,0,57,Starter
CUST0267,2024-03-01,27,155,0,31,Growth
CUST0267,2024-04-01,19,161,1,38,Growth
CUST0267,2024-05-01,13,177,0,35,Growth
CUST0267,2024-06-01,21,185,0,23,Growth
CUST0267,2024-07-01,4,175,0,21,Growth
CUST0267,2024-08-01,15,151,0,43,Growth
CUST0267,2024-09-01,19,125,0,84,Growth
CUST0267,2024-10-01,20,132,0,63,Growth
CUST0267,2024-11-01,17,131,0,18,Growth
CUST0267,2024-12-01,23,103,0,22,Growth
CUST0267,2025-01-01,25,105,0,10,Growth
CUST0267,2025-02-01,22,87,0,40,Growth
CUST0267,2025-03-01,30,118,0,51,Growth
CUST0267,2025-04-01,19,167,0,60,Growth
CUST0267,2025-05-01,4,148,0,24,Growth
CUST0267,2025-06-01,24,135,1,17,Growth
CUST0267,2025-07-01,13,181,1,44,Growth
CUST0267,2025-08-01,15,92,0,20,Growth
CUST0267,2025-09-01,18,113,0,35,Growth
CUST0267,2025-10-01,22,115,1,62,Growth
CUST0268,2024-02-01,11,1,0,83,Starter
CUST0268,2024-03-01,10,1,0,-16,Starter
CUST0268,2024-04-01,9,1,0,21,Starter
CUST0268,2024-05-01,9,1,0,14,Starter
CUST0268,2024-06-01,7,1,0,66,Starter
CUST0268,2024-07-01,6,1,1,40,Starter
CUST0268,2024-08-01,8,1,0,69,Starter
CUST0268,2024-09-01,3,1,4,24,Starter
CUST0268,2024-10-01,6,1,1,44,Starter
CUST0268,2024-11-01,5,1,0,77,Starter
CUST0268,2024-12-01,3,1,0,29,Starter
CUST0268,2025-01-01,10,1,0,15,Starter
CUST0268,2025-02-01,14,1,0,60,Starter
CUST0268,2025-03-01,5,1,0,6,Starter
CUST0268,2025-04-01,7,1,0,88,Starter
CUST0268,2025-05-01,9,1,1,57,Starter
CUST0268,2025-06-01,4,1,0,16,Starter
CUST0268,2025-07-01,7,1,0,69,Starter
CUST0268,2025-08-01,6,1,0,6,Starter
CUST0268,2025-09-01,6,1,1,61,Starter
CUST0268,2025-10-01,7,1,0,56,Starter
CUST0268,2025-11-01,3,1,0,16,Starter
CUST0269,2025-01-01,70,6,0,65,Enterprise
CUST0269,2025-02-01,33,6,1,95,Enterprise
CUST0269,2025-03-01,46,6,2,14,Enterprise
CUST0269,2025-04-01,68,8,0,72,Enterprise
CUST0269,2025-05-01,54,7,0,35,Enterprise
CUST0269,2025-06-01,32,7,0,29,Enterprise
CUST0269,2025-07-01,62,8,0,22,Enterprise
CUST0270,2024-07-01,4,83,0,24,Starter
CUST0270,2024-08-01,7,112,1,42,Starter
CUST0270,2024-09-01,4,155,0,4,Starter
CUST0270,2024-10-01,3,114,0,-21,Starter
CUST0270,2024-11-01,8,182,0,61,Starter
CUST0270,2024-12-01,10,190,0,0,Starter
CUST0270,2025-01-01,11,156,0,68,Starter
CUST0270,2025-02-01,7,81,2,-16,Starter
CUST0271,2025-05-01,18,1,0,82,Growth
CUST0271,2025-06-01,25,1,1,32,Growth
CUST0271,2025-07-01,13,1,1,58,Growth
CUST0271,2025-08-01,28,1,0,18,Growth
CUST0271,2025-09-01,17,1,0,66,Growth
CUST0271,2025-10-01,27,1,0,11,Growth
CUST0271,2025-11-01,11,1,0,22,Growth
CUST0271,2025-12-01,24,1,0,69,Growth
CUST0272,2025-02-01,25,9,0,23,Growth
CUST0272,2025-03-01,10,17,0,-13,Growth
CUST0272,2025-04-01,11,14,0,-24,Growth
CUST0272,2025-05-01,27,15,1,41,Growth
CUST0272,2025-06-01,25,18,0,2,Growth
CUST0272,2025-07-01,31,16,0,61,Growth
CUST0272,2025-08-01,44,12,0,79,Enterprise
CUST0272,2025-09-01,66,12,0,34,Enterprise
CUST0272,2025-10-01,40,19,2,61,Enterprise
CUST0272,2025-11-01,60,11,1,72,Enterprise
CUST0272,2025-12-01,43,17,2,67,Enterprise
CUST0273,2024-09-01,6,33,0,11,Starter
CUST0273,2024-10-01,8,39,0,57,Starter
CUST0273,2024-11-01,9,37,1,51,Starter
CUST0273,2024-12-01,8,24,1,13,Starter
CUST0273,2025-01-01,8,34,0,37,Starter
CUST0273,2025-02-01,8,48,0,30,Starter
CUST0273,2025-03-01,9,33,2,26,Starter
CUST0273,2025-04-01,9,40,0,47,Starter
CUST0273,2025-05-01,6,23,0,58,Starter
CUST0273,2025-06-01,2,39,0,-63,Starter
CUST0273,2025-07-01,11,30,1,61,Starter
CUST0273,2025-08-01,5,29,1,36,Starter
CUST0273,2025-09-01,8,30,0,72,Starter
CUST0273,2025-10-01,7,39,2,47,Starter
CUST0273,2025-11-01,13,19,0,36,Starter
CUST0273,2025-12-01,7,33,1,56,Starter
CUST0274,2025-03-01,8,135,1,50,Starter
CUST0274,2025-04-01,7,121,0,69,Starter
CUST0274,2025-05-01,4,194,0,-16,Starter
CUST0274,2025-06-01,6,165,0,-4,Starter
CUST0274,2025-07-01,9,91,1,21,Starter
CUST0274,2025-08-01,5,145,0,-6,Starter
CUST0274,2025-09-01,14,181,1,71,Growth
CUST0274,2025-10-01,12,176,0,27,Growth
CUST0274,2025-11-01,25,143,0,20,Growth
CUST0274,2025-12-01,24,168,1,5,Growth
CUST0275,2025-04-01,7,1,1,16,Starter
CUST0275,2025-05-01,9,1,1,74,Starter
CUST0275,2025-06-01,9,1,1,83,Starter
CUST0275,2025-07-01,10,1,2,33,Starter
CUST0275,2025-08-01,11,1,0,51,Starter
CUST0275,2025-09-01,11,1,0,39,Starter
CUST0275,2025-10-01,5,1,0,31,Starter
CUST0275,2025-11-01,6,1,1,63,Starter
CUST0275,2025-12-01,7,1,0,61,Starter
CUST0276,2025-04-01,9,1,0,42,Starter
CUST0276,2025-05-01,10,1,1,54,Starter
CUST0276,2025-06-01,7,1,3,62,Starter
CUST0276,2025-07-01,8,1,0,36,Starter
CUST0276,2025-08-01,4,1,1,-31,Starter
CUST0276,2025-09-01,6,1,0,51,Starter
CUST0276,2025-10-01,6,1,0,30,Starter
CUST0276,2025-11-01,7,1,0,83,Starter
CUST0276,2025-12-01,4,1,1,42,Starter
CUST0277,2024-08-01,5,1,0,31,Starter
CUST0277,2024-09-01,2,1,0,35,Starter
CUST0277,2024-10-01,4,1,0,8,Starter
CUST0277,2024-11-01,5,1,0,39,Starter
CUST0277,2024-12-01,10,1,0,53,Starter
CUST0277,2025-01-01,9,1,0,100,Starter
CUST0277,2025-02-01,4,1,0,7,Starter
CUST0277,2025-03-01,13,1,1,39,Starter
CUST0277,2025-04-01,8,1,0,72,Starter
CUST0277,2025-05-01,5,1,0,6,Starter
CUST0277,2025-06-01,12,1,0,16,Starter
CUST0277,2025-07-01,9,1,0,87,Starter
CUST0277,2025-08-01,6,1,0,37,Starter
CUST0277,2025-09-01,9,1,0,55,Starter
CUST0277,2025-10-01,12,1,1,47,Starter
CUST0277,2025-11-01,9,1,1,29,Starter
CUST0277,2025-12-01,11,1,0,49,Starter
CUST0278,2024-02-01,5,48,0,44,Starter
CUST0278,2024-03-01,3,66,0,30,Starter
CUST0278,2024-04-01,4,79,0,17,Starter
CUST0278,2024-05-01,10,80,0,36,Starter
CUST0278,2024-06-01,8,59,0,62,Starter
CUST0278,2024-07-01,9,45,0,34,Starter
CUST0278,2024-08-01,5,38,1,21,Starter
CUST0278,2024-09-01,5,60,1,42,Starter
CUST0279,2024-01-01,7,12,0,19,Starter
CUST0279,2024-02-01,9,9,1,22,Starter
CUST0279,2024-03-01,7,7,0,15,Starter
CUST0279,2024-04-01,7,8,1,35,Starter
CUST0279,2024-05-01,9,15,0,16,Starter
CUST0279,2024-06-01,8,7,1,34,Starter
CUST0279,2024-07-01,23,11,0,53,Growth
CUST0279,2024-08-01,32,18,0,15,Growth
CUST0279,2024-09-01,28,9,0,11,Growth
CUST0279,2024-10-01,20,9,0,-2,Growth
CUST0279,2024-11-01,14,9,0,44,Growth
CUST0279,2024-12-01,19,15,0,66,Growth
CUST0279,2025-01-01,22,18,0,16,Growth
CUST0279,2025-02-01,18,9,0,29,Growth
CUST0280,2025-04-01,2,126,0,49,Starter
CUST0280,2025-05-01,8,100,2,56,Starter
CUST0280,2025-06-01,10,79,1,49,Starter
CUST0280,2025-07-01,3,106,0,-11,Starter
CUST0281,2024-10-01,8,1,1,-2,Starter
CUST0281,2024-11-01,10,1,0,34,Starter
CUST0281,2024-12-01,7,1,0,-20,Starter
CUST0281,2025-01-01,8,1,0,26,Starter
CUST0281,2025-02-01,1,1,0,39,Starter
CUST0281,2025-03-01,8,1,0,48,Starter
CUST0281,2025-04-01,11,1,0,57,Starter
CUST0281,2025-05-01,4,1,0,32,Starter
CUST0281,2025-06-01,3,1,0,25,Starter
CUST0281,2025-07-01,13,1,0,55,Starter
CUST0281,2025-08-01,7,1,1,25,Starter
CUST0281,2025-09-01,8,1,1,16,Starter
CUST0281,2025-10-01,6,1,0,23,Starter
CUST0281,2025-11-01,13,1,0,54,Starter
CUST0281,2025-12-01,9,1,0,51,Starter
CUST0282,2024-05-01,8,5,0,28,Starter
CUST0282,2024-06-01,4,6,0,18,Starter
CUST0282,2024-07-01,12,8,0,47,Starter
CUST0282,2024-08-01,11,4,0,-3,Starter
CUST0282,2024-09-01,8,7,1,51,Starter
CUST0282,2024-10-01,2,4,0,31,Starter
CUST0282,2024-11-01,17,4,0,38,Growth
CUST0282,2024-12-01,21,9,0,58,Growth
CUST0282,2025-01-01,29,5,0,72,Growth
CUST0282,2025-02-01,9,4,0,10,Growth
CUST0282,2025-03-01,11,6,0,-9,Growth
CUST0282,2025-04-01,29,4,0,81,Growth
CUST0282,2025-05-01,23,6,0,45,Growth
CUST0282,2025-06-01,23,3,0,71,Growth
CUST0282,2025-07-01,23,6,0,10,Growth
CUST0282,2025-08-01,19,5,1,32,Growth
CUST0282,2025-09-01,18,9,1,59,Growth
CUST0282,2025-10-01,28,8,0,26,Growth
CUST0282,2025-11-01,10,6,1,7,Growth
CUST0282,2025-12-01,16,6,1,74,Growth
CUST0283,2024-11-01,10,41,0,52,Starter
CUST0283,2024-12-01,7,40,1,52,Starter
CUST0283,2025-01-01,9,47,0,100,Starter
CUST0283,2025-02-01,7,28,1,61,Starter
CUST0283,2025-03-01,5,35,0,69,Starter
CUST0283,2025-04-01,8,35,0,11,Starter
CUST0283,2025-05-01,3,47,0,9,Starter
CUST0283,2025-06-01,8,47,0,20,Starter
CUST0283,2025-07-01,8,27,0,46,Starter
CUST0283,2025-08-01,10,45,0,40,Starter
CUST0283,2025-09-01,9,37,0,70,Starter
CUST0283,2025-10-01,7,38,1,53,Starter
CUST0283,2025-11-01,4,24,0,5,Starter
CUST0283,2025-12-01,5,43,1,32,Starter
CUST0284,2024-11-01,9,85,0,51,Starter
CUST0284,2024-12-01,9,158,0,51,Starter
CUST0284,2025-01-01,7,82,1,70,Starter
CUST0284,2025-02-01,5,159,0,50,Starter
CUST0284,2025-03-01,11,109,0,35,Starter
CUST0284,2025-04-01,8,183,0,50,Starter
CUST0284,2025-05-01,0,124,0,14,Starter
CUST0285,2024-11-01,48,22,2,56,Enterprise
CUST0285,2024-12-01,56,29,0,39,Enterprise
CUST0285,2025-01-01,73,35,2,28,Enterprise
CUST0285,2025-02-01,32,33,0,24,Enterprise
CUST0285,2025-03-01,46,34,0,-20,Enterprise
CUST0285,2025-04-01,62,27,1,52,Enterprise
CUST0285,2025-05-01,48,34,1,-37,Enterprise
CUST0285,2025-06-01,37,18,0,76,Enterprise
CUST0285,2025-07-01,27,46,0,-5,Enterprise
CUST0285,2025-08-01,14,32,1,10,Enterprise
CUST0285,2025-09-01,61,36,0,22,Enterprise
CUST0285,2025-10-01,33,31,1,24,Enterprise
CUST0285,2025-11-01,32,30,1,70,Enterprise
CUST0285,2025-12-01,13,26,0,3,Enterprise
CUST0286,2024-08-01,6,1,0,66,Starter
CUST0286,2024-09-01,8,1,1,0,Starter
CUST0286,2024-10-01,3,1,1,-22,Starter
CUST0286,2024-11-01,4,1,0,0,Starter
CUST0286,2024-12-01,10,1,0,41,Starter
CUST0286,2025-01-01,4,1,3,-26,Starter
CUST0286,2025-02-01,6,1,1,15,Starter
CUST0286,2025-03-01,9,1,0,0,Starter
CUST0286,2025-04-01,4,1,1,-32,Starter
CUST0286,2025-05-01,9,1,0,68,Starter
CUST0286,2025-06-01,11,1,0,56,Starter
CUST0286,2025-07-01,4,1,0,-34,Starter
CUST0286,2025-08-01,4,1,1,20,Starter
CUST0286,2025-09-01,7,1,1,61,Starter
CUST0287,2025-02-01,17,20,0,81,Growth
CUST0287,2025-03-01,19,27,0,43,Growth
CUST0287,2025-04-01,25,21,0,6,Growth
CUST0287,2025-05-01,32,45,1,58,Growth
CUST0287,2025-06-01,19,33,0,42,Growth
CUST0287,2025-07-01,18,28,0,26,Growth
CUST0287,2025-08-01,12,45,0,0,Growth
CUST0287,2025-09-01,21,36,0,77,Growth
CUST0287,2025-10-01,18,24,0,34,Growth
CUST0287,2025-11-01,15,25,0,81,Growth
CUST0287,2025-12-01,19,34,0,58,Growth
CUST0288,2024-04-01,9,1,0,60,Starter
CUST0288,2024-05-01,10,1,0,34,Starter
CUST0288,2024-06-01,6,1,1,63,Starter
CUST0288,2024-07-01,11,1,0,85,Starter
CUST0288,2024-08-01,9,1,0,33,Starter
CUST0288,2024-09-01,10,1,0,38,Starter
CUST0288,2024-10-01,7,1,0,1,Starter
CUST0288,2024-11-01,10,1,1,-5,Starter
CUST0288,2024-12-01,8,1,0,18,Starter
CUST0288,2025-01-01,6,1,0,15,Starter
CUST0289,2024-08-01,32,21,1,80,Growth
CUST0289,2024-09-01,8,24,0,-25,Growth
CUST0289,2024-10-01,16,26,1,88,Growth
CUST0289,2024-11-01,18,47,0,47,Growth
CUST0289,2024-12-01,28,23,0,88,Growth
CUST0289,2025-01-01,18,26,0,26,Growth
CUST0289,2025-02-01,33,44,1,81,Growth
CUST0289,2025-03-01,29,33,0,46,Growth
CUST0289,2025-04-01,18,44,0,65,Growth
CUST0289,2025-05-01,31,24,0,48,Growth
CUST0289,2025-06-01,33,19,2,57,Growth
CUST0289,2025-07-01,21,21,0,-17,Growth
CUST0289,2025-08-01,12,43,0,7,Growth
CUST0289,2025-09-01,16,40,0,73,Growth
CUST0289,2025-10-01,27,26,0,31,Growth
CUST0289,2025-11-01,33,28,0,38,Growth
CUST0289,2025-12-01,22,30,0,42,Growth
CUST0290,2024-06-01,5,114,0,36,Starter
CUST0290,2024-07-01,7,123,0,-3,Starter
CUST0290,2024-08-01,8,134,0,62,Starter
CUST0290,2024-09-01,5,90,0,57,Starter
CUST0290,2024-10-01,11,134,0,-31,Starter
CUST0290,2024-11-01,7,122,0,88,Starter
CUST0290,2024-12-01,8,160,0,-4,Starter
CUST0290,2025-01-01,4,139,0,18,Starter
CUST0290,2025-02-01,9,182,0,41,Starter
CUST0290,2025-03-01,8,190,0,42,Starter
CUST0290,2025-04-01,6,193,0,42,Starter
CUST0290,2025-05-01,3,152,0,2,Starter
CUST0290,2025-06-01,9,114,0,18,Starter
CUST0290,2025-07-01,7,166,0,44,Starter
CUST0290,2025-08-01,13,121,0,66,Starter
CUST0290,2025-09-01,3,86,0,63,Starter
CUST0290,2025-10-01,12,126,0,46,Starter
CUST0290,2025-11-01,10,88,0,22,Starter
CUST0291,2025-02-01,7,3,1,49,Starter
CUST0291,2025-03-01,7,2,1,100,Starter
CUST0291,2025-04-01,6,2,1,41,Starter
CUST0291,2025-05-01,7,3,0,49,Starter
CUST0291,2025-06-01,2,2,1,38,Starter
CUST0291,2025-07-01,6,3,0,40,Starter
CUST0291,2025-08-01,10,3,0,18,Starter
CUST0291,2025-09-01,4,4,0,-3,Starter
CUST0291,2025-10-01,10,3,1,40,Starter
CUST0291,2025-11-01,4,3,0,46,Starter
CUST0291,2025-12-01,9,4,0,18,Starter
CUST0292,2024-06-01,8,1,0,-33,Growth
CUST0292,2024-07-01,21,1,0,64,Growth
CUST0293,2024-03-01,26,1,0,19,Growth
CUST0293,2024-04-01,29,1,0,77,Growth
CUST0293,2024-05-01,26,1,0,0,Growth
CUST0293,2024-06-01,16,1,0,37,Growth
CUST0293,2024-07-01,3,1,1,-9,Growth
CUST0294,2024-12-01,9,1,0,68,Starter
CUST0294,2025-01-01,8,1,0,24,Starter
CUST0294,2025-02-01,8,1,1,57,Starter
CUST0294,2025-03-01,8,1,0,-5,Starter
CUST0294,2025-04-01,6,1,1,16,Starter
CUST0294,2025-05-01,8,1,0,11,Starter
CUST0294,2025-06-01,6,1,1,65,Starter
CUST0294,2025-07-01,2,1,0,23,Starter
CUST0294,2025-08-01,8,1,2,19,Starter
CUST0294,2025-09-01,10,1,1,61,Starter
CUST0294,2025-10-01,9,1,0,43,Starter
CUST0294,2025-11-01,5,1,1,-4,Starter
CUST0294,2025-12-01,8,1,0,80,Starter
CUST0295,2024-11-01,0,94,0,-14,Starter
CUST0295,2024-12-01,8,97,1,41,Starter
CUST0295,2025-01-01,0,68,0,25,Starter
CUST0295,2025-02-01,8,47,0,17,Starter
CUST0295,2025-03-01,10,74,0,64,Starter
CUST0295,2025-04-01,6,70,1,32,Starter
CUST0295,2025-05-01,18,64,1,28,Growth
CUST0295,2025-06-01,26,57,1,23,Growth
CUST0295,2025-07-01,25,94,0,32,Growth
CUST0295,2025-08-01,21,67,2,26,Growth
CUST0295,2025-09-01,7,47,0,-3,Growth
CUST0295,2025-10-01,12,77,0,18,Growth
CUST0295,2025-11-01,15,51,0,11,Growth
CUST0295,2025-12-01,10,91,1,-25,Growth
CUST0296,2024-03-01,23,11,0,69,Growth
CUST0296,2024-04-01,11,13,0,2,Growth
CUST0296,2024-05-01,18,16,0,21,Growth
CUST0296,2024-06-01,30,8,1,49,Growth
CUST0296,2024-07-01,18,8,0,60,Growth
CUST0296,2024-08-01,27,10,0,29,Growth
CUST0296,2024-09-01,25,9,0,50,Growth
CUST0296,2024-10-01,30,12,1,26,Growth
CUST0296,2024-11-01,17,18,0,89,Growth
CUST0296,2024-12-01,8,16,1,-32,Growth
CUST0296,2025-01-01,15,15,0,1,Growth
CUST0296,2025-02-01,32,9,0,64,Growth
CUST0296,2025-03-01,24,13,0,74,Growth
CUST0296,2025-04-01,17,12,0,0,Growth
CUST0296,2025-05-01,20,17,0,3,Growth
CUST0296,2025-06-01,20,8,0,86,Growth
CUST0296,2025-07-01,19,16,0,84,Growth
CUST0296,2025-08-01,11,14,0,24,Growth
CUST0296,2025-09-01,20,9,1,12,Growth
CUST0297,2025-03-01,5,75,0,25,Starter
CUST0297,2025-04-01,13,93,1,54,Starter
CUST0297,2025-05-01,12,72,0,19,Starter
CUST0297,2025-06-01,7,58,0,92,Starter
CUST0297,2025-07-01,11,48,0,35,Starter
CUST0297,2025-08-01,6,77,0,29,Starter
CUST0297,2025-09-01,7,41,0,53,Starter
CUST0297,2025-10-01,6,56,1,89,Starter
CUST0297,2025-11-01,7,76,0,65,Starter
CUST0297,2025-12-01,7,42,0,56,Starter
CUST0298,2024-10-01,10,1,0,66,Growth
CUST0298,2024-11-01,14,1,0,53,Growth
CUST0298,2024-12-01,20,1,1,31,Growth
CUST0298,2025-01-01,7,1,0,1,Growth
CUST0298,2025-02-01,12,1,1,-14,Growth
CUST0298,2025-03-01,16,1,0,0,Growth
CUST0299,2024-07-01,19,49,0,43,Growth
CUST0299,2024-08-01,16,76,0,69,Growth
CUST0299,2024-09-01,16,69,0,36,Growth
CUST0299,2024-10-01,15,66,0,29,Growth
CUST0299,2024-11-01,24,84,0,8,Growth
CUST0299,2024-12-01,22,50,0,21,Growth
CUST0299,2025-01-01,25,87,0,0,Enterprise
CUST0299,2025-02-01,69,84,1,48,Enterprise
CUST0299,2025-03-01,60,86,1,46,Enterprise
CUST0299,2025-04-01,45,81,0,52,Enterprise
CUST0299,2025-05-01,54,54,0,27,Enterprise
CUST0299,2025-06-01,58,54,3,44,Enterprise
CUST0299,2025-07-01,19,51,1,0,Enterprise
CUST0299,2025-08-01,62,86,0,91,Enterprise
CUST0299,2025-09-01,28,41,1,71,Enterprise
CUST0299,2025-10-01,45,89,0,45,Enterprise
CUST0299,2025-11-01,30,58,0,16,Enterprise
CUST0299,2025-12-01,18,86,2,-13,Enterprise
CUST0300,2024-01-01,5,1,1,46,Starter
CUST0300,2024-02-01,7,1,0,51,Starter
CUST0300,2024-03-01,6,1,0,69,Starter
CUST0300,2024-04-01,7,1,1,33,Starter
CUST0301,2025-02-01,24,93,0,68,Growth
CUST0301,2025-03-01,20,84,1,31,Growth
CUST0301,2025-04-01,20,148,0,8,Growth
CUST0301,2025-05-01,15,139,1,18,Growth
CUST0301,2025-06-01,13,188,0,21,Growth
CUST0301,2025-07-01,22,193,0,-20,Growth
CUST0301,2025-08-01,20,182,0,23,Growth
CUST0301,2025-09-01,17,166,0,6,Growth
CUST0301,2025-10-01,23,153,1,25,Growth
CUST0301,2025-11-01,27,165,0,51,Growth
CUST0301,2025-12-01,20,192,0,22,Growth
CUST0302,2024-11-01,43,4,1,-4,Enterprise
CUST0302,2024-12-01,48,2,0,57,Enterprise
CUST0302,2025-01-01,47,4,0,32,Enterprise
CUST0302,2025-02-01,64,2,1,49,Enterprise
CUST0302,2025-03-01,36,4,0,34,Enterprise
CUST0302,2025-04-01,30,4,0,82,Enterprise
CUST0302,2025-05-01,13,3,1,16,Enterprise
CUST0302,2025-06-01,65,2,0,72,Enterprise
CUST0302,2025-07-01,21,2,1,26,Enterprise
CUST0302,2025-08-01,38,1,0,34,Enterprise
CUST0302,2025-09-01,29,4,1,51,Enterprise
CUST0302,2025-10-01,42,4,0,59,Enterprise
CUST0302,2025-11-01,42,3,1,58,Enterprise
CUST0302,2025-12-01,30,3,0,8,Enterprise
CUST0303,2024-12-01,23,1,2,71,Growth
CUST0303,2025-01-01,17,1,0,41,Growth
CUST0303,2025-02-01,25,1,0,35,Growth
CUST0303,2025-03-01,25,1,1,1,Growth
CUST0303,2025-04-01,25,1,0,17,Growth
CUST0303,2025-05-01,13,1,0,24,Growth
CUST0303,2025-06-01,21,1,0,41,Growth
CUST0303,2025-07-01,21,1,0,14,Growth
CUST0303,2025-08-01,22,1,0,67,Growth
CUST0303,2025-09-01,1,1,0,1,Growth
CUST0303,2025-10-01,16,1,0,32,Growth
CUST0304,2025-01-01,5,88,0,37,Starter
CUST0304,2025-02-01,6,171,0,8,Starter
CUST0304,2025-03-01,9,116,1,38,Starter
CUST0304,2025-04-01,11,175,0,70,Starter
CUST0304,2025-05-01,5,169,0,43,Starter
CUST0304,2025-06-01,6,161,1,41,Starter
CUST0304,2025-07-01,7,109,0,21,Starter
CUST0304,2025-08-01,7,133,0,63,Starter
CUST0304,2025-09-01,11,97,0,22,Starter
CUST0304,2025-10-01,6,153,1,3,Starter
CUST0304,2025-11-01,12,112,2,64,Starter
CUST0304,2025-12-01,5,90,1,-1,Starter
CUST0305,2024-02-01,7,72,0,31,Starter
CUST0305,2024-03-01,4,77,0,28,Starter
CUST0305,2024-04-01,11,41,1,75,Starter
CUST0305,2024-05-01,9,84,0,19,Starter
CUST0305,2024-06-01,15,40,0,75,Starter
CUST0305,2024-07-01,6,61,0,75,Starter
CUST0305,2024-08-01,8,74,0,11,Starter
CUST0305,2024-09-01,11,59,0,19,Starter
CUST0305,2024-10-01,9,38,0,43,Starter
CUST0305,2024-11-01,9,84,0,85,Starter
CUST0305,2024-12-01,7,86,0,11,Starter
CUST0305,2025-01-01,6,64,1,64,Starter
CUST0305,2025-02-01,7,68,0,39,Starter
CUST0305,2025-03-01,11,78,0,30,Starter
CUST0305,2025-04-01,4,67,3,49,Starter
CUST0305,2025-05-01,5,38,0,51,Starter
CUST0305,2025-06-01,10,59,0,46,Starter
CUST0305,2025-07-01,10,61,0,11,Starter
CUST0305,2025-08-01,0,67,1,-12,Starter
CUST0306,2024-08-01,30,7,4,61,Growth
CUST0306,2024-09-01,23,14,0,48,Growth
CUST0306,2024-10-01,19,11,1,9,Growth
CUST0307,2025-04-01,4,1,0,21,Starter
CUST0307,2025-05-01,6,1,0,78,Starter
CUST0308,2024-03-01,28,1,0,61,Growth
CUST0308,2024-04-01,24,1,0,22,Growth
CUST0308,2024-05-01,16,1,0,22,Growth
CUST0308,2024-06-01,12,1,2,-26,Growth
CUST0308,2024-07-01,30,1,0,0,Growth
CUST0308,2024-08-01,24,1,0,17,Growth
CUST0308,2024-09-01,17,1,0,23,Growth
CUST0308,2024-10-01,9,1,0,14,Growth
CUST0308,2024-11-01,7,1,0,14,Growth
CUST0308,2024-12-01,28,1,3,3,Growth
CUST0308,2025-01-01,14,1,1,31,Growth
CUST0308,2025-02-01,25,1,1,77,Growth
CUST0308,2025-03-01,2,1,0,0,Growth
CUST0308,2025-04-01,8,1,0,-2,Growth
CUST0308,2025-05-01,22,1,1,28,Growth
CUST0308,2025-06-01,26,1,0,19,Growth
CUST0308,2025-07-01,25,1,0,40,Growth
CUST0308,2025-08-01,24,1,0,50,Growth
CUST0308,2025-09-01,5,1,0,-10,Growth
CUST0308,2025-10-01,15,1,0,16,Growth
CUST0308,2025-11-01,15,1,0,43,Growth
CUST0308,2025-12-01,26,1,1,46,Growth
CUST0309,2024-09-01,11,1,1,-8,Growth
CUST0309,2024-10-01,18,1,1,51,Growth
CUST0309,2024-11-01,27,1,0,46,Growth
CUST0309,2024-12-01,14,1,2,84,Growth
CUST0309,2025-01-01,17,1,1,52,Growth
CUST0309,2025-02-01,15,1,0,77,Growth
CUST0309,2025-03-01,20,1,1,53,Growth
CUST0309,2025-04-01,29,1,0,76,Growth
CUST0309,2025-05-01,12,1,0,17,Growth
CUST0309,2025-06-01,7,1,1,43,Growth
CUST0309,2025-07-01,19,1,0,50,Growth
CUST0309,2025-08-01,14,1,0,3,Growth
CUST0310,2024-03-01,7,9,0,40,Starter
CUST0310,2024-04-01,11,7,0,42,Starter
CUST0310,2024-05-01,10,9,0,29,Starter
CUST0310,2024-06-01,4,5,0,21,Starter
CUST0310,2024-07-01,12,3,1,44,Starter
CUST0310,2024-08-01,3,5,0,-1,Starter
CUST0310,2024-09-01,8,9,1,-33,Starter
CUST0310,2024-10-01,11,9,0,29,Starter
CUST0311,2025-01-01,7,1,1,63,Growth
CUST0311,2025-02-01,21,1,0,35,Growth
CUST0311,2025-03-01,20,1,1,65,Growth
CUST0311,2025-04-01,9,1,0,3,Growth
CUST0311,2025-05-01,26,1,0,19,Growth
CUST0311,2025-06-01,14,1,0,40,Growth
CUST0311,2025-07-01,20,1,0,54,Enterprise
CUST0311,2025-08-01,51,1,2,15,Enterprise
CUST0311,2025-09-01,42,1,2,100,Enterprise
CUST0311,2025-10-01,43,1,1,14,Enterprise
CUST0311,2025-11-01,57,1,2,61,Enterprise
CUST0311,2025-12-01,22,1,1,-15,Enterprise
CUST0312,2024-10-01,17,84,0,54,Growth
CUST0312,2024-11-01,25,173,0,17,Growth
CUST0312,2024-12-01,26,194,0,22,Growth
CUST0312,2025-01-01,13,192,2,52,Growth
CUST0312,2025-02-01,20,158,1,62,Growth
CUST0312,2025-03-01,17,92,1,34,Growth
CUST0312,2025-04-01,23,160,0,42,Growth
CUST0312,2025-05-01,36,191,0,48,Growth
CUST0312,2025-06-01,18,110,0,15,Growth
CUST0312,2025-07-01,13,185,1,44,Growth
CUST0312,2025-08-01,20,84,1,37,Growth
CUST0312,2025-09-01,34,158,0,10,Growth
CUST0312,2025-10-01,18,173,0,-15,Growth
CUST0312,2025-11-01,9,167,0,15,Growth
CUST0312,2025-12-01,10,188,0,-19,Growth
CUST0313,2025-01-01,31,17,0,24,Growth
CUST0313,2025-02-01,13,15,0,71,Growth
CUST0313,2025-03-01,13,13,0,48,Growth
CUST0313,2025-04-01,22,12,0,61,Growth
CUST0313,2025-05-01,12,11,1,10,Growth
CUST0313,2025-06-01,10,9,1,26,Growth
CUST0313,2025-07-01,31,19,2,75,Growth
CUST0313,2025-08-01,15,18,0,2,Growth
CUST0313,2025-09-01,21,14,0,76,Growth
CUST0313,2025-10-01,35,19,0,28,Growth
CUST0313,2025-11-01,26,12,0,20,Growth
CUST0313,2025-12-01,9,14,0,-25,Growth
CUST0314,2025-01-01,11,11,0,30,Starter
CUST0314,2025-02-01,6,8,0,58,Starter
CUST0314,2025-03-01,4,8,0,21,Starter
CUST0314,2025-04-01,7,11,0,90,Starter
CUST0314,2025-05-01,6,15,0,36,Starter
CUST0314,2025-06-01,4,18,0,65,Starter
CUST0314,2025-07-01,17,15,0,83,Growth
CUST0314,2025-08-01,8,8,0,16,Growth
CUST0314,2025-09-01,34,9,0,24,Growth
CUST0314,2025-10-01,21,7,0,73,Growth
CUST0314,2025-11-01,17,10,0,3,Growth
CUST0314,2025-12-01,16,13,1,29,Growth
CUST0315,2025-06-01,10,1,0,39,Starter
CUST0315,2025-07-01,7,1,0,12,Starter
CUST0315,2025-08-01,9,1,1,45,Starter
CUST0315,2025-09-01,4,1,0,43,Starter
CUST0315,2025-10-01,6,1,0,50,Starter
CUST0315,2025-11-01,8,1,0,44,Starter
CUST0315,2025-12-01,3,1,0,-5,Starter
CUST0316,2025-07-01,51,149,0,3,Enterprise
CUST0316,2025-08-01,41,178,2,39,Enterprise
CUST0316,2025-09-01,44,193,1,22,Enterprise
CUST0316,2025-10-01,71,111,0,14,Enterprise
CUST0316,2025-11-01,27,94,0,5,Enterprise
CUST0316,2025-12-01,51,118,0,73,Enterprise
CUST0317,2024-03-01,49,1,2,65,Enterprise
CUST0317,2024-04-01,49,1,0,46,Enterprise
CUST0317,2024-05-01,36,1,0,38,Enterprise
CUST0317,2024-06-01,38,1,2,48,Enterprise
CUST0317,2024-07-01,33,1,2,55,Enterprise
CUST0317,2024-08-01,52,1,0,38,Enterprise
CUST0317,2024-09-01,54,1,0,19,Enterprise
CUST0317,2024-10-01,75,1,2,55,Enterprise
CUST0317,2024-11-01,29,1,0,68,Enterprise
CUST0317,2024-12-01,39,1,0,39,Enterprise
CUST0317,2025-01-01,10,1,1,0,Enterprise
CUST0317,2025-02-01,38,1,0,42,Enterprise
CUST0317,2025-03-01,28,1,0,6,Enterprise
CUST0318,2024-12-01,5,1,1,55,Starter
CUST0318,2025-01-01,7,1,0,26,Starter
CUST0318,2025-02-01,8,1,1,5,Starter
CUST0318,2025-03-01,7,1,0,36,Starter
CUST0318,2025-04-01,8,1,0,24,Starter
CUST0318,2025-05-01,6,1,0,67,Starter
CUST0318,2025-06-01,8,1,1,19,Starter
CUST0318,2025-07-01,7,1,1,14,Starter
CUST0318,2025-08-01,6,1,0,17,Starter
CUST0318,2025-09-01,3,1,0,44,Starter
CUST0318,2025-10-01,8,1,1,32,Starter
CUST0318,2025-11-01,8,1,2,78,Starter
CUST0318,2025-12-01,12,1,0,52,Starter
CUST0319,2024-06-01,6,2,0,13,Starter
CUST0319,2024-07-01,4,4,0,22,Starter
CUST0319,2024-08-01,8,4,0,35,Starter
CUST0319,2024-09-01,10,2,0,40,Starter
CUST0319,2024-10-01,13,3,0,5,Starter
CUST0319,2024-11-01,8,3,0,-2,Starter
CUST0319,2024-12-01,10,3,2,6,Starter
CUST0319,2025-01-01,8,3,1,23,Starter
CUST0319,2025-02-01,6,4,0,-8,Starter
CUST0319,2025-03-01,9,2,0,-10,Starter
CUST0319,2025-04-01,6,3,1,46,Starter
CUST0319,2025-05-01,2,4,0,12,Starter
CUST0319,2025-06-01,5,3,0,59,Starter
CUST0319,2025-07-01,11,4,0,32,Starter
CUST0319,2025-08-01,8,3,0,67,Starter
CUST0319,2025-09-01,7,1,0,57,Starter
CUST0320,2024-09-01,14,80,1,32,Growth
CUST0320,2024-10-01,21,150,0,51,Growth
CUST0320,2024-11-01,25,138,0,41,Growth
CUST0320,2024-12-01,13,109,2,35,Growth
CUST0320,2025-01-01,23,183,0,62,Growth
CUST0320,2025-02-01,26,77,0,42,Growth
CUST0320,2025-03-01,12,169,0,71,Growth
CUST0320,2025-04-01,17,94,1,47,Growth
CUST0321,2024-04-01,4,12,2,-24,Starter
CUST0321,2024-05-01,4,10,0,-5,Starter
CUST0322,2024-06-01,60,4,0,44,Enterprise
CUST0322,2024-07-01,38,6,0,54,Enterprise
CUST0322,2024-08-01,40,4,1,48,Enterprise
CUST0322,2024-09-01,54,4,2,48,Enterprise
CUST0322,2024-10-01,30,7,1,69,Enterprise
CUST0322,2024-11-01,56,7,0,74,Enterprise
CUST0322,2024-12-01,32,6,0,44,Enterprise
CUST0322,2025-01-01,36,9,1,11,Enterprise
CUST0322,2025-02-01,31,3,0,5,Enterprise
CUST0322,2025-03-01,41,4,3,48,Enterprise
CUST0322,2025-04-01,33,8,2,12,Enterprise
CUST0322,2025-05-01,58,9,0,32,Enterprise
CUST0322,2025-06-01,54,4,1,26,Enterprise
CUST0322,2025-07-01,56,9,1,26,Enterprise
CUST0322,2025-08-01,42,8,0,72,Enterprise
CUST0322,2025-09-01,18,6,0,14,Enterprise
CUST0322,2025-10-01,30,4,1,12,Enterprise
CUST0322,2025-11-01,39,4,1,43,Enterprise
CUST0322,2025-12-01,62,3,0,54,Enterprise
CUST0323,2024-08-01,25,3,1,61,Growth
CUST0323,2024-09-01,24,3,0,-9,Growth
CUST0323,2024-10-01,25,3,0,-2,Growth
CUST0323,2024-11-01,16,2,0,31,Growth
CUST0323,2024-12-01,27,4,0,15,Growth
CUST0323,2025-01-01,18,2,0,7,Growth
CUST0323,2025-02-01,23,3,1,24,Growth
CUST0323,2025-03-01,36,3,0,11,Growth
CUST0323,2025-04-01,23,3,0,40,Growth
CUST0323,2025-05-01,19,3,0,49,Growth
CUST0323,2025-06-01,11,2,0,59,Growth
CUST0323,2025-07-01,24,4,3,31,Growth
CUST0323,2025-08-01,21,2,1,25,Growth
CUST0323,2025-09-01,26,3,0,48,Growth
CUST0323,2025-10-01,22,2,0,17,Growth
CUST0323,2025-11-01,19,2,1,11,Growth
CUST0323,2025-12-01,23,4,1,63,Growth
CUST0324,2024-05-01,10,43,0,4,Starter
CUST0324,2024-06-01,9,67,0,29,Starter
CUST0324,2024-07-01,8,77,0,57,Starter
CUST0324,2024-08-01,5,42,0,23,Starter
CUST0324,2024-09-01,9,58,0,13,Starter
CUST0324,2024-10-01,9,59,0,80,Starter
CUST0324,2024-11-01,10,70,0,78,Starter
CUST0325,2025-04-01,18,1,0,52,Growth
CUST0325,2025-05-01,27,1,0,10,Growth
CUST0325,2025-06-01,15,1,0,50,Growth
CUST0325,2025-07-01,18,1,0,9,Growth
CUST0325,2025-08-01,16,1,0,32,Growth
CUST0325,2025-09-01,25,1,0,71,Growth
CUST0325,2025-10-01,15,1,1,67,Growth
CUST0325,2025-11-01,19,1,0,23,Growth
CUST0325,2025-12-01,24,1,0,68,Growth
CUST0326,2024-05-01,0,70,0,23,Starter
CUST0326,2024-06-01,6,61,0,57,Starter
CUST0326,2024-07-01,8,79,0,52,Starter
CUST0326,2024-08-01,7,70,0,70,Starter
CUST0326,2024-09-01,4,51,0,36,Starter
CUST0326,2024-10-01,1,55,1,-13,Starter
CUST0326,2024-11-01,7,53,0,79,Starter
CUST0326,2024-12-01,9,49,0,50,Starter
CUST0326,2025-01-01,7,61,0,68,Starter
CUST0326,2025-02-01,3,96,2,-45,Starter
CUST0326,2025-03-01,7,96,0,33,Starter
CUST0326,2025-04-01,7,68,1,56,Starter
CUST0326,2025-05-01,7,97,1,92,Starter
CUST0326,2025-06-01,11,69,0,84,Starter
CUST0326,2025-07-01,5,44,0,27,Starter
CUST0326,2025-08-01,8,93,0,83,Starter
CUST0326,2025-09-01,3,63,0,-11,Starter
CUST0326,2025-10-01,6,50,0,22,Starter
CUST0326,2025-11-01,4,39,0,-12,Starter
CUST0326,2025-12-01,8,73,2,25,Starter
CUST0327,2024-08-01,11,2,0,46,Starter
CUST0327,2024-09-01,2,3,1,-19,Starter
CUST0327,2024-10-01,4,2,3,-32,Starter
CUST0327,2024-11-01,3,3,0,6,Starter
CUST0327,2024-12-01,11,2,1,84,Starter
CUST0327,2025-01-01,5,2,0,1,Starter
CUST0327,2025-02-01,26,4,1,42,Growth
CUST0327,2025-03-01,32,2,0,48,Growth
CUST0327,2025-04-01,37,4,0,40,Growth
CUST0327,2025-05-01,21,2,0,49,Growth
CUST0328,2024-02-01,25,1,0,8,Enterprise
CUST0328,2024-03-01,30,1,1,100,Enterprise
CUST0328,2024-04-01,63,1,1,88,Enterprise
CUST0328,2024-05-01,32,1,1,71,Enterprise
CUST0328,2024-06-01,58,1,0,3,Enterprise
CUST0328,2024-07-01,48,1,0,65,Enterprise
CUST0328,2024-08-01,65,1,0,67,Enterprise
CUST0328,2024-09-01,35,1,0,26,Enterprise
CUST0328,2024-10-01,73,1,2,48,Enterprise
CUST0328,2024-11-01,38,1,0,15,Enterprise
CUST0328,2024-12-01,61,1,1,64,Enterprise
CUST0328,2025-01-01,29,1,0,66,Enterprise
CUST0328,2025-02-01,56,1,0,45,Enterprise
CUST0328,2025-03-01,39,1,0,53,Enterprise
CUST0328,2025-04-01,55,1,1,42,Enterprise
CUST0328,2025-05-01,56,1,1,47,Enterprise
CUST0328,2025-06-01,61,1,1,46,Enterprise
CUST0328,2025-07-01,54,1,1,2,Enterprise
CUST0328,2025-08-01,38,1,2,12,Enterprise
CUST0328,2025-09-01,57,1,3,24,Enterprise
CUST0328,2025-10-01,33,1,0,31,Enterprise
CUST0328,2025-11-01,24,1,1,-20,Enterprise
CUST0328,2025-12-01,13,1,1,-34,Enterprise
CUST0329,2024-11-01,12,1,0,37,Growth
CUST0329,2024-12-01,25,1,0,76,Growth
CUST0329,2025-01-01,19,1,0,58,Growth
CUST0329,2025-02-01,21,1,2,27,Growth
CUST0329,2025-03-01,20,1,0,32,Growth
CUST0329,2025-04-01,29,1,0,27,Growth
CUST0329,2025-05-01,69,1,1,41,Enterprise
CUST0329,2025-06-01,30,1,2,82,Enterprise
CUST0329,2025-07-01,58,1,2,30,Enterprise
CUST0330,2025-03-01,4,14,0,44,Starter
CUST0330,2025-04-01,10,12,0,35,Starter
CUST0330,2025-05-01,7,9,1,24,Starter
CUST0330,2025-06-01,9,13,1,22,Starter
CUST0331,2024-01-01,5,1,0,13,Starter
CUST0331,2024-02-01,14,1,0,68,Starter
CUST0331,2024-03-01,10,1,1,59,Starter
CUST0331,2024-04-01,6,1,0,30,Starter
CUST0331,2024-05-01,10,1,0,29,Starter
CUST0331,2024-06-01,10,1,0,-10,Starter
CUST0331,2024-07-01,8,1,0,61,Starter
CUST0331,2024-08-01,7,1,0,74,Starter
CUST0331,2024-09-01,6,1,0,46,Starter
CUST0331,2024-10-01,10,1,0,15,Starter
CUST0331,2024-11-01,11,1,1,29,Starter
CUST0331,2024-12-01,8,1,0,93,Starter
CUST0331,2025-01-01,8,1,0,37,Starter
CUST0331,2025-02-01,10,1,3,36,Starter
CUST0331,2025-03-01,8,1,1,68,Starter
CUST0331,2025-04-01,7,1,0,2,Starter
CUST0331,2025-05-01,4,1,0,21,Starter
CUST0331,2025-06-01,5,1,0,19,Starter
CUST0331,2025-07-01,6,1,1,59,Starter
CUST0331,2025-08-01,3,1,0,45,Starter
CUST0332,2024-10-01,25,1,0,53,Growth
CUST0332,2024-11-01,31,1,0,15,Growth
CUST0332,2024-12-01,18,1,0,28,Growth
CUST0332,2025-01-01,10,1,0,7,Growth
CUST0332,2025-02-01,6,1,0,25,Growth
CUST0332,2025-03-01,28,1,0,35,Growth
CUST0332,2025-04-01,21,1,0,70,Growth
CUST0332,2025-05-01,14,1,0,4,Growth
CUST0332,2025-06-01,6,1,0,-8,Growth
CUST0332,2025-07-01,15,1,0,57,Growth
CUST0332,2025-08-01,11,1,0,-26,Growth
CUST0332,2025-09-01,26,1,0,27,Growth
CUST0332,2025-10-01,21,1,0,58,Growth
CUST0332,2025-11-01,38,1,0,50,Growth
CUST0332,2025-12-01,15,1,1,62,Growth
CUST0333,2025-03-01,10,188,0,3,Starter
CUST0333,2025-04-01,11,167,1,14,Starter
CUST0333,2025-05-01,8,125,0,49,Starter
CUST0333,2025-06-01,5,181,1,50,Starter
CUST0333,2025-07-01,6,108,1,71,Starter
CUST0333,2025-08-01,8,178,0,78,Starter
CUST0333,2025-09-01,10,87,0,26,Starter
CUST0333,2025-10-01,11,87,1,11,Starter
CUST0333,2025-11-01,8,76,0,90,Starter
CUST0333,2025-12-01,9,172,0,94,Starter
CUST0334,2025-01-01,10,9,1,18,Starter
CUST0334,2025-02-01,12,7,0,38,Starter
CUST0334,2025-03-01,10,8,1,57,Starter
CUST0334,2025-04-01,9,6,0,39,Starter
CUST0334,2025-05-01,11,4,0,52,Starter
CUST0334,2025-06-01,6,8,0,28,Starter
CUST0334,2025-07-01,10,8,0,21,Starter
CUST0334,2025-08-01,12,5,1,41,Starter
CUST0334,2025-09-01,8,6,0,40,Starter
CUST0334,2025-10-01,5,9,0,27,Starter
CUST0334,2025-11-01,12,7,0,49,Starter
CUST0334,2025-12-01,7,4,0,81,Starter
CUST0335,2024-03-01,13,74,0,30,Starter
CUST0335,2024-04-01,9,62,2,5,Starter
CUST0335,2024-05-01,3,65,0,5,Starter
CUST0335,2024-06-01,4,54,1,15,Starter
CUST0335,2024-07-01,9,43,0,62,Starter
CUST0335,2024-08-01,3,84,1,0,Starter
CUST0335,2024-09-01,13,73,0,42,Starter
CUST0335,2024-10-01,10,39,1,53,Starter
CUST0335,2024-11-01,7,91,0,8,Starter
CUST0335,2024-12-01,7,95,0,53,Starter
CUST0335,2025-01-01,5,52,1,40,Starter
CUST0335,2025-02-01,7,66,0,-25,Starter
CUST0336,2024-05-01,7,181,0,41,Starter
CUST0336,2024-06-01,8,93,0,0,Starter
CUST0336,2024-07-01,8,111,0,57,Starter
CUST0336,2024-08-01,13,84,0,44,Starter
CUST0336,2024-09-01,10,189,0,55,Starter
CUST0336,2024-10-01,15,77,1,43,Starter
CUST0336,2024-11-01,6,148,0,47,Starter
CUST0336,2024-12-01,2,136,0,6,Starter
CUST0336,2025-01-01,7,183,0,46,Starter
CUST0336,2025-02-01,10,129,0,50,Starter
CUST0336,2025-03-01,8,103,0,18,Starter
CUST0336,2025-04-01,10,125,0,50,Starter
CUST0336,2025-05-01,9,145,0,44,Starter
CUST0336,2025-06-01,9,191,0,51,Starter
CUST0336,2025-07-01,9,115,1,70,Starter
CUST0336,2025-08-01,4,142,1,40,Starter
CUST0337,2024-08-01,22,1,0,85,Growth
CUST0337,2024-09-01,15,1,0,72,Growth
CUST0337,2024-10-01,16,1,0,52,Growth
CUST0337,2024-11-01,21,1,1,10,Growth
CUST0337,2024-12-01,26,1,1,57,Growth
CUST0337,2025-01-01,22,1,1,16,Growth
CUST0337,2025-02-01,18,1,1,78,Growth
CUST0337,2025-03-01,27,1,0,27,Growth
CUST0337,2025-04-01,7,1,2,1,Growth
CUST0337,2025-05-01,25,1,0,33,Growth
CUST0337,2025-06-01,30,1,0,76,Growth
CUST0337,2025-07-01,15,1,0,63,Growth
CUST0337,2025-08-01,29,1,0,55,Growth
CUST0337,2025-09-01,20,1,0,18,Growth
CUST0337,2025-10-01,28,1,1,31,Growth
CUST0337,2025-11-01,23,1,1,89,Growth
CUST0337,2025-12-01,15,1,0,79,Growth
CUST0338,2024-03-01,6,3,1,41,Starter
CUST0338,2024-04-01,7,3,0,44,Starter
CUST0338,2024-05-01,11,4,0,79,Starter
CUST0338,2024-06-01,8,1,0,36,Starter
CUST0338,2024-07-01,5,2,1,8,Starter
CUST0338,2024-08-01,10,2,0,33,Starter
CUST0339,2024-06-01,13,13,0,34,Starter
CUST0339,2024-07-01,8,16,0,9,Starter
CUST0339,2024-08-01,11,12,0,39,Starter
CUST0339,2024-09-01,9,19,0,41,Starter
CUST0339,2024-10-01,3,7,1,28,Starter
CUST0339,2024-11-01,12,14,1,50,Starter
CUST0339,2024-12-01,11,19,2,40,Starter
CUST0339,2025-01-01,3,16,1,-29,Starter
CUST0340,2024-08-01,45,179,0,9,Enterprise
CUST0340,2024-09-01,58,117,1,96,Enterprise
CUST0340,2024-10-01,46,114,1,47,Enterprise
CUST0340,2024-11-01,50,193,1,76,Enterprise
CUST0340,2024-12-01,35,91,0,36,Enterprise
CUST0340,2025-01-01,28,141,0,56,Enterprise
CUST0340,2025-02-01,27,127,0,52,Enterprise
CUST0340,2025-03-01,0,177,1,-6,Enterprise
CUST0340,2025-04-01,28,88,0,40,Enterprise
CUST0340,2025-05-01,50,164,2,52,Enterprise
CUST0340,2025-06-01,50,95,0,52,Enterprise
CUST0340,2025-07-01,18,123,0,-23,Enterprise
CUST0340,2025-08-01,31,155,2,26,Enterprise
CUST0340,2025-09-01,56,126,1,28,Enterprise
CUST0340,2025-10-01,38,131,3,51,Enterprise
CUST0340,2025-11-01,49,84,1,64,Enterprise
CUST0340,2025-12-01,59,194,1,-11,Enterprise
CUST0341,2024-09-01,10,24,0,46,Starter
CUST0341,2024-10-01,3,45,1,6,Starter
CUST0341,2024-11-01,7,26,0,74,Starter
CUST0341,2024-12-01,3,36,0,41,Starter
CUST0341,2025-01-01,5,43,0,33,Starter
CUST0341,2025-02-01,6,22,0,36,Starter
CUST0341,2025-03-01,4,25,0,11,Starter
CUST0341,2025-04-01,6,23,0,49,Starter
CUST0342,2024-06-01,10,1,0,25,Starter
CUST0342,2024-07-01,14,1,1,-1,Starter
CUST0342,2024-08-01,5,1,2,48,Starter
CUST0342,2024-09-01,8,1,2,-15,Starter
CUST0342,2024-10-01,12,1,0,34,Starter
CUST0342,2024-11-01,9,1,1,78,Starter
CUST0342,2024-12-01,7,1,0,32,Starter
CUST0342,2025-01-01,6,1,0,59,Starter
CUST0342,2025-02-01,4,1,0,-4,Starter
CUST0342,2025-03-01,12,1,2,42,Starter
CUST0342,2025-04-01,11,1,1,-6,Starter
CUST0342,2025-05-01,8,1,1,-21,Starter
CUST0342,2025-06-01,2,1,0,10,Starter
CUST0342,2025-07-01,4,1,0,30,Starter
CUST0342,2025-08-01,12,1,0,43,Starter
CUST0342,2025-09-01,9,1,0,60,Starter
CUST0342,2025-10-01,10,1,0,22,Starter
CUST0342,2025-11-01,8,1,0,53,Starter
CUST0343,2024-05-01,5,8,2,56,Starter
CUST0343,2024-06-01,6,9,0,83,Starter
CUST0343,2024-07-01,9,7,0,0,Starter
CUST0343,2024-08-01,11,16,0,26,Starter
CUST0343,2024-09-01,6,15,0,27,Starter
CUST0343,2024-10-01,5,11,0,78,Starter
CUST0343,2024-11-01,21,14,1,90,Growth
CUST0343,2024-12-01,11,15,0,31,Growth
CUST0343,2025-01-01,29,8,0,67,Growth
CUST0343,2025-02-01,27,13,2,22,Growth
CUST0343,2025-03-01,21,16,0,29,Growth
CUST0343,2025-04-01,22,15,0,20,Growth
CUST0343,2025-05-01,25,15,0,48,Growth
CUST0343,2025-06-01,14,18,1,26,Growth
CUST0344,2024-02-01,11,1,1,-3,Starter
CUST0344,2024-03-01,5,1,0,62,Starter
CUST0344,2024-04-01,12,1,1,59,Starter
CUST0344,2024-05-01,9,1,0,13,Starter
CUST0344,2024-06-01,4,1,0,62,Starter
CUST0344,2024-07-01,7,1,0,43,Starter
CUST0344,2024-08-01,9,1,0,32,Starter
CUST0344,2024-09-01,8,1,0,-2,Starter
CUST0344,2024-10-01,10,1,0,48,Starter
CUST0344,2024-11-01,10,1,0,31,Starter
CUST0345,2024-11-01,27,1,0,7,Growth
CUST0345,2024-12-01,13,1,0,33,Growth
CUST0345,2025-01-01,19,1,0,42,Growth
CUST0345,2025-02-01,23,1,0,10,Growth
CUST0345,2025-03-01,23,1,0,79,Growth
CUST0345,2025-04-01,24,1,1,64,Growth
CUST0345,2025-05-01,25,1,2,43,Growth
CUST0345,2025-06-01,18,1,0,70,Growth
CUST0345,2025-07-01,17,1,0,23,Growth
CUST0345,2025-08-01,18,1,1,43,Growth
CUST0345,2025-09-01,8,1,0,53,Growth
CUST0345,2025-10-01,20,1,0,36,Growth
CUST0345,2025-11-01,25,1,1,63,Growth
CUST0345,2025-12-01,15,1,0,31,Growth
CUST0346,2024-11-01,29,4,0,24,Growth
CUST0346,2024-12-01,22,5,0,73,Growth
CUST0346,2025-01-01,15,8,0,21,Growth
CUST0346,2025-02-01,13,4,0,43,Growth
CUST0346,2025-03-01,18,8,0,60,Growth
CUST0346,2025-04-01,23,6,0,83,Growth
CUST0346,2025-05-01,0,6,1,22,Growth
CUST0346,2025-06-01,9,7,0,28,Growth
CUST0346,2025-07-01,18,7,0,41,Growth
CUST0346,2025-08-01,12,7,0,-5,Growth
CUST0346,2025-09-01,21,4,0,50,Growth
CUST0346,2025-10-01,13,6,0,39,Growth
CUST0346,2025-11-01,31,8,0,76,Growth
CUST0346,2025-12-01,23,7,0,69,Growth
CUST0347,2025-02-01,2,8,0,39,Starter
CUST0347,2025-03-01,7,13,0,39,Starter
CUST0347,2025-04-01,6,18,0,38,Starter
CUST0347,2025-05-01,6,15,0,89,Starter
CUST0347,2025-06-01,6,10,1,81,Starter
CUST0347,2025-07-01,4,17,1,-11,Starter
CUST0347,2025-08-01,7,10,2,41,Starter
CUST0347,2025-09-01,5,15,0,70,Starter
CUST0347,2025-10-01,9,11,0,22,Starter
CUST0347,2025-11-01,7,11,0,25,Starter
CUST0347,2025-12-01,6,9,1,49,Starter
CUST0348,2024-03-01,17,6,1,42,Growth
CUST0348,2024-04-01,2,9,1,-1,Growth
CUST0348,2024-05-01,10,9,0,3,Growth
CUST0348,2024-06-01,30,6,0,59,Growth
CUST0348,2024-07-01,23,6,0,14,Growth
CUST0348,2024-08-01,16,9,0,55,Growth
CUST0348,2024-09-01,26,8,1,72,Growth
CUST0348,2024-10-01,24,5,0,54,Growth
CUST0348,2024-11-01,23,5,0,66,Growth
CUST0348,2024-12-01,13,6,0,10,Growth
CUST0348,2025-01-01,17,4,0,66,Growth
CUST0349,2024-07-01,22,7,0,81,Growth
CUST0349,2024-08-01,17,9,0,26,Growth
CUST0349,2024-09-01,10,10,0,27,Growth
CUST0349,2024-10-01,30,8,0,58,Growth
CUST0349,2024-11-01,19,10,0,18,Growth
CUST0349,2024-12-01,25,18,0,18,Growth
CUST0349,2025-01-01,23,10,0,39,Growth
CUST0349,2025-02-01,5,11,0,5,Growth
CUST0349,2025-03-01,19,15,0,22,Growth
CUST0349,2025-04-01,18,10,0,37,Growth
CUST0349,2025-05-01,24,8,0,44,Growth
CUST0349,2025-06-01,14,9,0,69,Growth
CUST0349,2025-07-01,16,11,0,27,Growth
CUST0349,2025-08-01,31,17,0,42,Growth
CUST0349,2025-09-01,1,19,0,32,Growth
CUST0349,2025-10-01,19,11,1,36,Growth
CUST0349,2025-11-01,26,8,1,37,Growth
CUST0349,2025-12-01,13,9,1,22,Growth
CUST0350,2024-11-01,35,1,1,42,Enterprise
CUST0350,2024-12-01,34,1,0,54,Enterprise
CUST0350,2025-01-01,68,1,0,44,Enterprise
CUST0350,2025-02-01,43,1,1,37,Enterprise
CUST0350,2025-03-01,28,1,0,29,Enterprise
CUST0350,2025-04-01,54,1,2,18,Enterprise
CUST0350,2025-05-01,29,1,0,19,Enterprise
CUST0350,2025-06-01,73,1,0,94,Enterprise
CUST0350,2025-07-01,39,1,1,36,Enterprise
CUST0350,2025-08-01,42,1,1,-4,Enterprise
CUST0350,2025-09-01,52,1,0,51,Enterprise
CUST0350,2025-10-01,32,1,0,53,Enterprise
CUST0350,2025-11-01,61,1,0,80,Enterprise
CUST0350,2025-12-01,31,1,0,70,Enterprise
CUST0351,2025-02-01,7,35,0,42,Starter
CUST0351,2025-03-01,6,45,1,29,Starter
CUST0351,2025-04-01,5,25,0,-6,Starter
CUST0351,2025-05-01,11,35,0,26,Starter
CUST0351,2025-06-01,7,45,0,2,Starter
CUST0351,2025-07-01,9,19,0,33,Starter
CUST0351,2025-08-01,8,48,0,20,Starter
CUST0351,2025-09-01,9,34,0,51,Starter
CUST0351,2025-10-01,12,21,1,0,Starter
CUST0351,2025-11-01,7,41,0,58,Starter
CUST0352,2025-06-01,52,16,0,1,Enterprise
CUST0352,2025-07-01,17,13,0,26,Enterprise
CUST0352,2025-08-01,0,13,1,27,Enterprise
CUST0352,2025-09-01,26,17,0,-14,Enterprise
CUST0353,2024-01-01,9,1,2,59,Starter
CUST0353,2024-02-01,9,1,0,-10,Starter
CUST0353,2024-03-01,12,1,0,54,Starter
CUST0353,2024-04-01,9,1,0,15,Starter
CUST0353,2024-05-01,8,1,1,84,Starter
CUST0353,2024-06-01,5,1,0,44,Starter
CUST0353,2024-07-01,6,1,2,45,Starter
CUST0353,2024-08-01,11,1,0,28,Starter
CUST0353,2024-09-01,9,1,1,70,Starter
CUST0353,2024-10-01,5,1,0,56,Starter
CUST0353,2024-11-01,9,1,0,25,Starter
CUST0353,2024-12-01,6,1,0,62,Starter
CUST0353,2025-01-01,7,1,0,61,Starter
CUST0353,2025-02-01,8,1,0,29,Starter
CUST0353,2025-03-01,10,1,0,83,Starter
CUST0353,2025-04-01,12,1,0,28,Starter
CUST0353,2025-05-01,3,1,0,41,Starter
CUST0353,2025-06-01,9,1,1,47,Starter
CUST0353,2025-07-01,13,1,0,61,Starter
CUST0353,2025-08-01,10,1,0,-10,Starter
CUST0353,2025-09-01,10,1,0,2,Starter
CUST0353,2025-10-01,7,1,0,3,Starter
CUST0353,2025-11-01,9,1,1,100,Starter
CUST0353,2025-12-01,6,1,0,20,Starter
CUST0354,2025-03-01,14,9,0,62,Growth
CUST0354,2025-04-01,22,7,0,87,Growth
CUST0355,2024-12-01,3,9,1,-1,Starter
CUST0355,2025-01-01,10,5,0,55,Starter
CUST0355,2025-02-01,4,6,0,-32,Starter
CUST0355,2025-03-01,4,9,1,3,Starter
CUST0355,2025-04-01,9,7,1,10,Starter
CUST0355,2025-05-01,10,5,0,39,Starter
CUST0355,2025-06-01,9,9,1,82,Starter
CUST0355,2025-07-01,4,6,0,60,Starter
CUST0355,2025-08-01,4,4,0,19,Starter
CUST0355,2025-09-01,2,7,0,10,Starter
CUST0355,2025-10-01,5,7,0,38,Starter
CUST0355,2025-11-01,7,5,0,14,Starter
CUST0355,2025-12-01,5,8,0,55,Starter
CUST0356,2025-05-01,19,75,0,31,Growth
CUST0356,2025-06-01,19,76,0,37,Growth
CUST0356,2025-07-01,13,92,0,-12,Growth
CUST0356,2025-08-01,5,86,1,-5,Growth
CUST0356,2025-09-01,18,58,0,93,Growth
CUST0356,2025-10-01,14,69,0,95,Growth
CUST0356,2025-11-01,6,94,0,10,Growth
CUST0356,2025-12-01,22,52,0,36,Growth
CUST0357,2024-03-01,4,19,0,-1,Starter
CUST0357,2024-04-01,8,32,0,97,Starter
CUST0358,2024-05-01,12,34,1,41,Growth
CUST0358,2024-06-01,16,34,0,41,Growth
CUST0358,2024-07-01,22,44,0,37,Growth
CUST0358,2024-08-01,35,42,0,40,Growth
CUST0358,2024-09-01,22,31,0,66,Growth
CUST0358,2024-10-01,19,20,2,11,Growth
CUST0358,2024-11-01,15,27,0,22,Growth
CUST0358,2024-12-01,19,40,0,45,Growth
CUST0358,2025-01-01,10,47,0,48,Growth
CUST0358,2025-02-01,19,40,1,29,Growth
CUST0358,2025-03-01,25,46,0,44,Growth
CUST0358,2025-04-01,19,33,0,23,Growth
CUST0358,2025-05-01,24,27,0,12,Growth
CUST0358,2025-06-01,23,26,1,-9,Growth
CUST0358,2025-07-01,29,20,0,62,Growth
CUST0359,2024-10-01,18,1,0,57,Growth
CUST0359,2024-11-01,25,1,2,40,Growth
CUST0359,2024-12-01,29,1,0,27,Growth
CUST0359,2025-01-01,17,1,0,68,Growth
CUST0359,2025-02-01,22,1,1,35,Growth
CUST0359,2025-03-01,19,1,0,20,Growth
CUST0359,2025-04-01,13,1,0,59,Growth
CUST0359,2025-05-01,12,1,0,1,Growth
CUST0359,2025-06-01,25,1,0,0,Growth
CUST0359,2025-07-01,29,1,0,15,Growth
CUST0359,2025-08-01,29,1,0,12,Growth
CUST0359,2025-09-01,25,1,0,25,Growth
CUST0359,2025-10-01,33,1,0,33,Growth
CUST0359,2025-11-01,11,1,0,22,Growth
CUST0359,2025-12-01,16,1,0,54,Growth
CUST0360,2024-06-01,29,1,0,60,Growth
CUST0360,2024-07-01,8,1,0,-17,Growth
CUST0360,2024-08-01,21,1,0,48,Growth
CUST0360,2024-09-01,2,1,1,6,Growth
CUST0360,2024-10-01,23,1,0,28,Growth
CUST0360,2024-11-01,28,1,1,57,Growth
CUST0360,2024-12-01,27,1,1,38,Growth
CUST0360,2025-01-01,14,1,0,-2,Growth
CUST0360,2025-02-01,25,1,1,48,Growth
CUST0360,2025-03-01,22,1,0,63,Growth
CUST0360,2025-04-01,15,1,0,13,Growth
CUST0360,2025-05-01,21,1,1,61,Growth
CUST0360,2025-06-01,29,1,1,34,Growth
CUST0360,2025-07-01,12,1,0,35,Growth
CUST0360,2025-08-01,17,1,0,52,Growth
CUST0360,2025-09-01,31,1,0,64,Growth
CUST0360,2025-10-01,30,1,0,64,Growth
CUST0360,2025-11-01,17,1,1,46,Growth
CUST0360,2025-12-01,13,1,1,9,Growth
CUST0361,2025-05-01,11,25,0,80,Starter
CUST0361,2025-06-01,11,36,1,35,Starter
CUST0361,2025-07-01,6,22,0,100,Starter
CUST0361,2025-08-01,9,41,2,9,Starter
CUST0361,2025-09-01,5,24,0,2,Starter
CUST0361,2025-10-01,8,40,0,38,Starter
CUST0361,2025-11-01,7,45,0,8,Starter
CUST0361,2025-12-01,5,26,0,38,Starter
CUST0362,2024-11-01,7,16,0,56,Starter
CUST0362,2024-12-01,3,12,0,31,Starter
CUST0362,2025-01-01,6,19,0,47,Starter
CUST0362,2025-02-01,12,16,0,36,Starter
CUST0362,2025-03-01,12,11,0,100,Starter
CUST0362,2025-04-01,8,9,0,94,Starter
CUST0362,2025-05-01,5,10,0,49,Starter
CUST0362,2025-06-01,7,13,0,42,Starter
CUST0362,2025-07-01,7,10,1,63,Starter
CUST0362,2025-08-01,4,10,1,10,Starter
CUST0362,2025-09-01,8,17,0,71,Starter
CUST0362,2025-10-01,5,15,0,7,Starter
CUST0362,2025-11-01,5,14,0,14,Starter
CUST0362,2025-12-01,6,12,0,36,Starter
CUST0363,2024-11-01,10,1,0,75,Starter
CUST0363,2024-12-01,10,1,0,89,Starter
CUST0363,2025-01-01,4,1,0,7,Starter
CUST0363,2025-02-01,5,1,0,64,Starter
CUST0363,2025-03-01,8,1,0,21,Starter
CUST0363,2025-04-01,10,1,0,64,Starter
CUST0364,2025-06-01,7,3,0,55,Starter
CUST0364,2025-07-01,8,2,0,32,Starter
CUST0364,2025-08-01,7,3,0,24,Starter
CUST0364,2025-09-01,8,2,0,37,Starter
CUST0364,2025-10-01,9,2,1,4,Starter
CUST0364,2025-11-01,3,2,0,-31,Starter
CUST0364,2025-12-01,6,2,0,22,Starter
CUST0365,2024-08-01,8,93,1,44,Starter
CUST0365,2024-09-01,6,82,0,58,Starter
CUST0365,2024-10-01,11,162,0,23,Starter
CUST0365,2024-11-01,9,115,1,21,Starter
CUST0365,2024-12-01,7,150,0,26,Starter
CUST0365,2025-01-01,5,164,0,37,Starter
CUST0365,2025-02-01,17,192,0,46,Growth
CUST0365,2025-03-01,17,112,0,35,Growth
CUST0366,2024-12-01,22,5,0,28,Enterprise
CUST0366,2025-01-01,57,6,1,55,Enterprise
CUST0366,2025-02-01,23,7,0,-29,Enterprise
CUST0366,2025-03-01,66,8,1,19,Enterprise
CUST0366,2025-04-01,58,6,1,22,Enterprise
CUST0366,2025-05-01,34,7,2,73,Enterprise
CUST0366,2025-06-01,68,7,0,14,Enterprise
CUST0366,2025-07-01,75,3,0,26,Enterprise
CUST0366,2025-08-01,50,5,1,53,Enterprise
CUST0366,2025-09-01,65,7,1,25,Enterprise
CUST0366,2025-10-01,37,6,1,2,Enterprise
CUST0366,2025-11-01,52,4,1,61,Enterprise
CUST0366,2025-12-01,16,4,1,-11,Enterprise
CUST0367,2024-06-01,8,91,2,94,Starter
CUST0367,2024-07-01,15,60,0,54,Starter
CUST0367,2024-08-01,8,73,1,-13,Starter
CUST0367,2024-09-01,8,75,0,34,Starter
CUST0367,2024-10-01,6,97,0,61,Starter
CUST0367,2024-11-01,9,76,0,25,Starter
CUST0367,2024-12-01,12,42,1,49,Starter
CUST0367,2025-01-01,13,40,2,98,Starter
CUST0367,2025-02-01,6,43,0,42,Starter
CUST0367,2025-03-01,5,70,1,51,Starter
CUST0367,2025-04-01,7,71,0,45,Starter
CUST0367,2025-05-01,7,93,1,59,Starter
CUST0367,2025-06-01,6,66,0,70,Starter
CUST0367,2025-07-01,11,54,0,29,Starter
CUST0367,2025-08-01,4,47,0,21,Starter
CUST0367,2025-09-01,7,83,0,43,Starter
CUST0367,2025-10-01,9,64,0,4,Starter
CUST0367,2025-11-01,6,60,0,79,Starter
CUST0367,2025-12-01,8,59,0,52,Starter
CUST0368,2024-10-01,8,1,1,75,Starter
CUST0368,2024-11-01,11,1,1,-7,Starter
CUST0368,2024-12-01,9,1,0,37,Starter
CUST0368,2025-01-01,10,1,0,30,Starter
CUST0369,2025-01-01,6,16,0,10,Starter
CUST0369,2025-02-01,7,12,1,27,Starter
CUST0369,2025-03-01,6,11,0,84,Starter
CUST0369,2025-04-01,11,8,0,-4,Starter
CUST0369,2025-05-01,5,14,0,73,Starter
CUST0369,2025-06-01,6,9,0,-8,Starter
CUST0369,2025-07-01,8,16,0,91,Starter
CUST0369,2025-08-01,7,17,1,2,Starter
CUST0369,2025-09-01,8,8,0,26,Starter
CUST0369,2025-10-01,12,15,0,-3,Starter
CUST0369,2025-11-01,6,12,0,19,Starter
CUST0369,2025-12-01,8,8,0,-15,Starter
CUST0370,2024-05-01,12,4,0,46,Starter
CUST0370,2024-06-01,8,7,0,11,Starter
CUST0371,2024-09-01,25,112,0,56,Growth
CUST0371,2024-10-01,28,148,0,31,Growth
CUST0371,2024-11-01,9,150,0,-6,Growth
CUST0371,2024-12-01,26,167,0,27,Growth
CUST0371,2025-01-01,33,188,0,59,Growth
CUST0371,2025-02-01,32,95,0,28,Growth
CUST0371,2025-03-01,22,97,1,53,Growth
CUST0371,2025-04-01,9,139,1,-1,Growth
CUST0371,2025-05-01,23,151,0,44,Growth
CUST0371,2025-06-01,17,77,0,30,Growth
CUST0371,2025-07-01,27,80,0,44,Growth
CUST0371,2025-08-01,22,144,0,53,Growth
CUST0371,2025-09-01,17,130,0,59,Growth
CUST0371,2025-10-01,24,152,3,64,Growth
CUST0371,2025-11-01,28,87,0,11,Growth
CUST0371,2025-12-01,18,183,1,57,Growth
CUST0372,2024-12-01,6,4,3,60,Starter
CUST0372,2025-01-01,5,2,1,23,Starter
CUST0372,2025-02-01,10,3,0,61,Starter
CUST0373,2024-03-01,9,14,0,47,Starter
CUST0373,2024-04-01,7,16,0,15,Starter
CUST0373,2024-05-01,13,9,0,27,Starter
CUST0373,2024-06-01,7,13,0,37,Starter
CUST0373,2024-07-01,6,10,0,52,Starter
CUST0373,2024-08-01,6,12,0,32,Starter
CUST0373,2024-09-01,6,17,0,32,Starter
CUST0373,2024-10-01,4,14,0,-23,Starter
CUST0373,2024-11-01,12,7,0,61,Starter
CUST0373,2024-12-01,12,11,0,78,Starter
CUST0373,2025-01-01,5,14,0,74,Starter
CUST0373,2025-02-01,10,11,1,82,Starter
CUST0373,2025-03-01,6,17,0,59,Starter
CUST0373,2025-04-01,7,10,0,63,Starter
CUST0373,2025-05-01,6,18,0,29,Starter
CUST0373,2025-06-01,9,19,0,31,Starter
CUST0373,2025-07-01,6,16,0,42,Starter
CUST0373,2025-08-01,8,15,0,47,Starter
CUST0373,2025-09-01,10,17,1,45,Starter
CUST0373,2025-10-01,10,11,0,13,Starter
CUST0373,2025-11-01,5,13,0,55,Starter
CUST0373,2025-12-01,7,17,2,43,Starter
CUST0374,2025-02-01,50,1,0,68,Enterprise
CUST0374,2025-03-01,43,1,1,29,Enterprise
CUST0374,2025-04-01,20,1,0,-6,Enterprise
CUST0374,2025-05-01,65,1,0,10,Enterprise
CUST0374,2025-06-01,61,1,0,52,Enterprise
CUST0374,2025-07-01,48,1,0,56,Enterprise
CUST0374,2025-08-01,64,1,0,70,Enterprise
CUST0374,2025-09-01,40,1,1,67,Enterprise
CUST0374,2025-10-01,28,1,0,36,Enterprise
CUST0374,2025-11-01,41,1,0,60,Enterprise
CUST0374,2025-12-01,48,1,1,40,Enterprise
CUST0375,2024-12-01,6,20,0,33,Starter
CUST0375,2025-01-01,9,39,0,41,Starter
CUST0375,2025-02-01,6,43,0,60,Starter
CUST0375,2025-03-01,8,42,0,40,Starter
CUST0375,2025-04-01,12,41,0,44,Starter
CUST0375,2025-05-01,5,33,0,-9,Starter
CUST0375,2025-06-01,2,34,0,13,Starter
CUST0375,2025-07-01,9,27,0,76,Starter
CUST0375,2025-08-01,11,36,0,38,Starter
CUST0375,2025-09-01,7,31,0,26,Starter
CUST0375,2025-10-01,10,46,0,39,Starter
CUST0376,2024-08-01,34,9,1,58,Enterprise
CUST0376,2024-09-01,42,12,0,39,Enterprise
CUST0376,2024-10-01,14,9,0,26,Enterprise
CUST0376,2024-11-01,20,11,2,-11,Enterprise
CUST0376,2024-12-01,49,10,0,50,Enterprise
CUST0376,2025-01-01,27,14,0,9,Enterprise
CUST0376,2025-02-01,47,8,0,48,Enterprise
CUST0376,2025-03-01,45,14,1,40,Enterprise
CUST0376,2025-04-01,0,15,0,23,Enterprise
CUST0377,2024-11-01,0,14,0,-4,Starter
CUST0377,2024-12-01,0,15,1,-1,Starter
CUST0377,2025-01-01,9,9,0,69,Starter
CUST0377,2025-02-01,7,16,1,0,Starter
CUST0377,2025-03-01,9,8,0,50,Starter
CUST0377,2025-04-01,5,15,1,51,Starter
CUST0377,2025-05-01,9,15,0,63,Starter
CUST0377,2025-06-01,10,15,1,43,Starter
CUST0377,2025-07-01,5,10,0,39,Starter
CUST0377,2025-08-01,7,17,0,39,Starter
CUST0377,2025-09-01,7,10,0,57,Starter
CUST0377,2025-10-01,7,7,0,43,Starter
CUST0377,2025-11-01,4,8,0,10,Starter
CUST0377,2025-12-01,5,13,1,15,Starter
CUST0378,2025-08-01,32,1,1,28,Enterprise
CUST0378,2025-09-01,46,1,2,17,Enterprise
CUST0378,2025-10-01,21,1,1,-1,Enterprise
CUST0378,2025-11-01,38,1,1,7,Enterprise
CUST0378,2025-12-01,30,1,2,13,Enterprise
CUST0379,2024-04-01,11,192,0,40,Starter
CUST0379,2024-05-01,7,93,0,66,Starter
CUST0379,2024-06-01,10,130,0,94,Starter
CUST0379,2024-07-01,9,146,0,23,Starter
CUST0379,2024-08-01,5,127,0,24,Starter
CUST0379,2024-09-01,11,94,0,57,Starter
CUST0379,2024-10-01,5,131,0,63,Starter
CUST0379,2024-11-01,7,193,0,40,Starter
CUST0379,2024-12-01,11,187,2,45,Starter
CUST0379,2025-01-01,12,106,0,-3,Starter
CUST0380,2024-09-01,11,3,2,35,Starter
CUST0380,2024-10-01,3,3,0,12,Starter
CUST0380,2024-11-01,5,2,0,22,Starter
CUST0380,2024-12-01,2,2,1,10,Starter
CUST0380,2025-01-01,6,4,1,49,Starter
CUST0380,2025-02-01,5,4,0,32,Starter
CUST0380,2025-03-01,9,2,1,100,Starter
CUST0380,2025-04-01,10,2,0,96,Starter
CUST0380,2025-05-01,7,2,0,79,Starter
CUST0380,2025-06-01,9,2,0,47,Starter
CUST0380,2025-07-01,8,2,1,32,Starter
CUST0380,2025-08-01,7,2,1,36,Starter
CUST0380,2025-09-01,8,4,0,30,Starter
CUST0380,2025-10-01,5,4,0,42,Starter
CUST0380,2025-11-01,9,4,0,47,Starter
CUST0381,2025-09-01,28,1,0,82,Enterprise
CUST0381,2025-10-01,76,1,0,56,Enterprise
CUST0381,2025-11-01,58,1,0,46,Enterprise
CUST0381,2025-12-01,50,1,0,0,Enterprise
CUST0382,2024-06-01,7,1,0,38,Starter
CUST0382,2024-07-01,13,1,1,48,Starter
CUST0382,2024-08-01,7,1,0,-6,Starter
CUST0382,2024-09-01,9,1,0,48,Starter
CUST0382,2024-10-01,3,1,0,-26,Starter
CUST0382,2024-11-01,5,1,0,37,Starter
CUST0382,2024-12-01,8,1,0,43,Starter
CUST0382,2025-01-01,4,1,0,7,Starter
CUST0383,2024-08-01,2,120,0,11,Starter
CUST0383,2024-09-01,8,161,0,20,Starter
CUST0383,2024-10-01,14,181,0,12,Starter
CUST0383,2024-11-01,10,106,0,13,Starter
CUST0383,2024-12-01,5,80,1,42,Starter
CUST0383,2025-01-01,6,135,0,-2,Starter
CUST0383,2025-02-01,9,154,0,64,Starter
CUST0383,2025-03-01,6,162,0,3,Starter
CUST0383,2025-04-01,8,184,0,36,Starter
CUST0383,2025-05-01,7,162,1,43,Starter
CUST0383,2025-06-01,6,190,0,20,Starter
CUST0383,2025-07-01,4,80,1,-2,Starter
CUST0383,2025-08-01,8,81,0,41,Starter
CUST0383,2025-09-01,10,180,1,54,Starter
CUST0383,2025-10-01,4,128,0,-25,Starter
CUST0383,2025-11-01,2,184,0,17,Starter
CUST0383,2025-12-01,3,158,0,-26,Starter
CUST0384,2025-04-01,8,1,0,55,Starter
CUST0384,2025-05-01,14,1,0,-1,Starter
CUST0384,2025-06-01,5,1,0,22,Starter
CUST0384,2025-07-01,14,1,1,35,Starter
CUST0384,2025-08-01,9,1,0,36,Starter
CUST0384,2025-09-01,5,1,0,-2,Starter
CUST0384,2025-10-01,23,1,2,22,Growth
CUST0384,2025-11-01,15,1,0,27,Growth
CUST0384,2025-12-01,28,1,0,72,Growth
CUST0385,2024-12-01,10,1,1,19,Growth
CUST0385,2025-01-01,30,1,1,57,Growth
CUST0385,2025-02-01,35,1,1,34,Growth
CUST0385,2025-03-01,9,1,0,15,Growth
CUST0385,2025-04-01,25,1,0,45,Growth
CUST0385,2025-05-01,25,1,0,59,Growth
CUST0385,2025-06-01,21,1,0,-13,Growth
CUST0385,2025-07-01,17,1,0,40,Growth
CUST0385,2025-08-01,6,1,0,11,Growth
CUST0385,2025-09-01,27,1,1,26,Growth
CUST0385,2025-10-01,17,1,1,21,Growth
CUST0385,2025-11-01,22,1,0,36,Growth
CUST0385,2025-12-01,23,1,0,75,Growth
CUST0386,2024-09-01,12,4,0,25,Starter
CUST0386,2024-10-01,6,4,0,41,Starter
CUST0386,2024-11-01,6,3,2,43,Starter
CUST0387,2024-04-01,8,106,1,83,Starter
CUST0387,2024-05-01,5,123,0,60,Starter
CUST0387,2024-06-01,9,162,0,9,Starter
CUST0387,2024-07-01,5,80,0,62,Starter
CUST0387,2024-08-01,8,193,1,58,Starter
CUST0387,2024-09-01,9,130,1,53,Starter
CUST0387,2024-10-01,1,156,0,33,Starter
CUST0387,2024-11-01,2,184,1,24,Starter
CUST0387,2024-12-01,5,124,0,67,Starter
CUST0387,2025-01-01,6,170,0,100,Starter
CUST0387,2025-02-01,5,101,0,39,Starter
CUST0387,2025-03-01,7,115,0,7,Starter
CUST0387,2025-04-01,12,75,0,24,Starter
CUST0387,2025-05-01,8,87,0,20,Starter
CUST0387,2025-06-01,11,133,2,49,Starter
CUST0387,2025-07-01,11,192,0,57,Starter
CUST0387,2025-08-01,10,134,1,35,Starter
CUST0387,2025-09-01,5,188,0,73,Starter
CUST0387,2025-10-01,12,90,0,32,Starter
CUST0387,2025-11-01,4,86,0,28,Starter
CUST0387,2025-12-01,1,102,0,39,Starter
CUST0388,2025-03-01,12,2,1,26,Growth
CUST0388,2025-04-01,36,2,0,82,Growth
CUST0388,2025-05-01,24,1,0,34,Growth
CUST0388,2025-06-01,18,3,0,-10,Growth
CUST0388,2025-07-01,14,3,0,37,Growth
CUST0388,2025-08-01,22,4,0,100,Growth
CUST0388,2025-09-01,52,2,0,57,Enterprise
CUST0388,2025-10-01,29,4,0,28,Enterprise
CUST0388,2025-11-01,43,2,1,23,Enterprise
CUST0388,2025-12-01,32,4,0,70,Enterprise
CUST0389,2025-08-01,4,1,0,5,Starter
CUST0389,2025-09-01,8,1,0,64,Starter
CUST0389,2025-10-01,8,1,0,33,Starter
CUST0389,2025-11-01,8,1,1,33,Starter
CUST0389,2025-12-01,7,1,0,20,Starter
CUST0390,2024-10-01,8,2,0,100,Starter
CUST0390,2024-11-01,5,3,0,26,Starter
CUST0391,2025-03-01,19,16,0,39,Growth
CUST0391,2025-04-01,25,12,1,56,Growth
CUST0391,2025-05-01,21,12,1,27,Growth
CUST0391,2025-06-01,24,10,0,23,Growth
CUST0391,2025-07-01,15,11,0,48,Growth
CUST0391,2025-08-01,25,17,0,-8,Growth
CUST0391,2025-09-01,24,10,0,12,Growth
CUST0391,2025-10-01,30,17,0,63,Growth
CUST0391,2025-11-01,10,17,0,0,Growth
CUST0391,2025-12-01,29,14,0,49,Growth
CUST0392,2024-07-01,10,97,0,32,Starter
CUST0392,2024-08-01,10,106,0,85,Starter
CUST0392,2024-09-01,5,133,0,31,Starter
CUST0392,2024-10-01,9,114,0,37,Starter
CUST0392,2024-11-01,9,120,0,54,Starter
CUST0392,2024-12-01,7,182,0,27,Starter
CUST0392,2025-01-01,8,158,0,9,Starter
CUST0392,2025-02-01,6,184,0,33,Starter
CUST0392,2025-03-01,8,124,1,7,Starter
CUST0392,2025-04-01,9,124,1,35,Starter
CUST0392,2025-05-01,6,149,0,39,Starter
CUST0392,2025-06-01,6,128,1,22,Starter
CUST0392,2025-07-01,5,111,0,-11,Starter
CUST0392,2025-08-01,6,119,0,54,Starter
CUST0392,2025-09-01,10,75,2,71,Starter
CUST0392,2025-10-01,2,105,0,21,Starter
CUST0392,2025-11-01,6,163,0,-3,Starter
CUST0392,2025-12-01,3,166,1,48,Starter
CUST0393,2024-06-01,9,8,0,68,Starter
CUST0393,2024-07-01,8,5,0,29,Starter
CUST0393,2024-08-01,10,3,0,14,Starter
CUST0393,2024-09-01,9,9,0,-18,Starter
CUST0393,2024-10-01,4,7,0,-8,Starter
CUST0393,2024-11-01,7,6,0,61,Starter
CUST0393,2024-12-01,6,7,0,52,Starter
CUST0393,2025-01-01,7,5,0,67,Starter
CUST0393,2025-02-01,5,4,0,33,Starter
CUST0393,2025-03-01,11,5,0,16,Starter
CUST0393,2025-04-01,9,4,1,71,Starter
CUST0393,2025-05-01,6,6,0,28,Starter
CUST0393,2025-06-01,4,8,0,17,Starter
CUST0393,2025-07-01,7,4,0,52,Starter
CUST0393,2025-08-01,4,6,0,53,Starter
CUST0393,2025-09-01,10,7,0,100,Starter
CUST0393,2025-10-01,8,7,0,64,Starter
CUST0393,2025-11-01,12,4,0,47,Starter
CUST0393,2025-12-01,7,8,0,28,Starter
CUST0394,2024-04-01,7,9,1,33,Starter
CUST0394,2024-05-01,11,5,0,72,Starter
CUST0394,2024-06-01,9,4,0,11,Starter
CUST0394,2024-07-01,4,6,0,-41,Starter
CUST0394,2024-08-01,5,8,0,11,Starter
CUST0394,2024-09-01,9,5,0,32,Starter
CUST0394,2024-10-01,16,4,0,37,Growth
CUST0394,2024-11-01,20,7,0,25,Growth
CUST0394,2024-12-01,18,6,1,46,Growth
CUST0394,2025-01-01,32,9,0,45,Growth
CUST0394,2025-02-01,18,5,0,46,Growth
CUST0394,2025-03-01,13,7,0,62,Growth
CUST0394,2025-04-01,25,9,0,57,Growth
CUST0394,2025-05-01,25,5,0,30,Growth
CUST0394,2025-06-01,19,5,0,83,Growth
CUST0394,2025-07-01,18,8,0,-18,Growth
CUST0394,2025-08-01,16,4,0,35,Growth
CUST0394,2025-09-01,30,8,0,41,Growth
CUST0394,2025-10-01,10,6,0,18,Growth
CUST0394,2025-11-01,20,8,1,29,Growth
CUST0394,2025-12-01,8,7,0,15,Growth
CUST0395,2024-12-01,41,1,0,36,Enterprise
CUST0395,2025-01-01,46,1,3,22,Enterprise
CUST0395,2025-02-01,40,1,0,37,Enterprise
CUST0395,2025-03-01,24,1,0,-2,Enterprise
CUST0395,2025-04-01,45,1,0,54,Enterprise
CUST0395,2025-05-01,53,1,0,-1,Enterprise
CUST0395,2025-06-01,39,1,0,20,Enterprise
CUST0395,2025-07-01,16,1,0,6,Enterprise
CUST0395,2025-08-01,37,1,0,40,Enterprise
CUST0395,2025-09-01,53,1,0,48,Enterprise
CUST0395,2025-10-01,74,1,1,-18,Enterprise
CUST0395,2025-11-01,56,1,1,-4,Enterprise
CUST0395,2025-12-01,30,1,0,32,Enterprise
CUST0396,2025-05-01,40,1,1,-2,Enterprise
CUST0396,2025-06-01,32,1,0,25,Enterprise
CUST0396,2025-07-01,35,1,1,20,Enterprise
CUST0396,2025-08-01,36,1,1,3,Enterprise
CUST0396,2025-09-01,62,1,0,66,Enterprise
CUST0396,2025-10-01,24,1,1,4,Enterprise
CUST0396,2025-11-01,35,1,1,57,Enterprise
CUST0396,2025-12-01,46,1,1,48,Enterprise
CUST0397,2024-09-01,56,5,0,49,Enterprise
CUST0397,2024-10-01,64,5,0,27,Enterprise
CUST0397,2024-11-01,60,4,1,11,Enterprise
CUST0397,2024-12-01,35,9,0,61,Enterprise
CUST0397,2025-01-01,49,3,1,10,Enterprise
CUST0397,2025-02-01,68,7,0,30,Enterprise
CUST0397,2025-03-01,26,8,0,9,Enterprise
CUST0397,2025-04-01,62,5,1,71,Enterprise
CUST0397,2025-05-01,31,5,0,53,Enterprise
CUST0397,2025-06-01,53,6,0,42,Enterprise
CUST0397,2025-07-01,75,6,1,63,Enterprise
CUST0397,2025-08-01,48,7,1,57,Enterprise
CUST0397,2025-09-01,37,6,1,47,Enterprise
CUST0397,2025-10-01,69,5,0,56,Enterprise
CUST0397,2025-11-01,78,5,1,34,Enterprise
CUST0397,2025-12-01,17,7,1,-6,Enterprise
CUST0398,2025-03-01,7,83,0,14,Starter
CUST0398,2025-04-01,11,88,0,79,Starter
CUST0398,2025-05-01,8,73,0,37,Starter
CUST0399,2024-09-01,3,1,1,45,Starter
CUST0399,2024-10-01,1,1,2,1,Starter
CUST0399,2024-11-01,6,1,0,48,Starter
CUST0399,2024-12-01,11,1,0,50,Starter
CUST0399,2025-01-01,7,1,0,54,Starter
CUST0399,2025-02-01,6,1,0,78,Starter
CUST0399,2025-03-01,30,1,0,38,Growth
CUST0399,2025-04-01,14,1,0,21,Growth
CUST0399,2025-05-01,17,1,1,81,Growth
CUST0399,2025-06-01,21,1,1,29,Growth
CUST0399,2025-07-01,13,1,1,17,Growth
CUST0399,2025-08-01,22,1,1,54,Growth
CUST0399,2025-09-01,11,1,0,15,Growth
CUST0399,2025-10-01,26,1,1,60,Growth
CUST0399,2025-11-01,18,1,0,20,Growth
CUST0399,2025-12-01,21,1,0,45,Growth
CUST0400,2025-02-01,20,101,0,47,Growth
CUST0400,2025-03-01,13,162,0,56,Growth
CUST0400,2025-04-01,10,139,0,-24,Growth
CUST0400,2025-05-01,5,192,1,17,Growth
CUST0400,2025-06-01,23,183,0,80,Growth
CUST0400,2025-07-01,17,144,0,7,Growth
CUST0400,2025-08-01,12,106,0,39,Growth
CUST0400,2025-09-01,20,164,1,-4,Growth
CUST0400,2025-10-01,13,81,1,22,Growth
CUST0400,2025-11-01,29,188,0,25,Growth
CUST0400,2025-12-01,25,110,0,40,Growth
CUST0401,2024-10-01,46,9,2,9,Enterprise
CUST0401,2024-11-01,37,9,2,14,Enterprise
CUST0401,2024-12-01,16,8,0,20,Enterprise
CUST0401,2025-01-01,42,7,2,38,Enterprise
CUST0401,2025-02-01,22,5,0,6,Enterprise
CUST0401,2025-03-01,34,8,0,87,Enterprise
CUST0401,2025-04-01,54,5,0,40,Enterprise
CUST0401,2025-05-01,58,4,1,32,Enterprise
CUST0401,2025-06-01,18,5,1,11,Enterprise
CUST0401,2025-07-01,61,4,0,28,Enterprise
CUST0401,2025-08-01,52,4,0,1,Enterprise
CUST0401,2025-09-01,30,4,0,15,Enterprise
CUST0401,2025-10-01,69,7,0,0,Enterprise
CUST0401,2025-11-01,49,6,0,86,Enterprise
CUST0401,2025-12-01,17,4,0,-4,Enterprise
CUST0402,2024-02-01,2,1,0,24,Starter
CUST0402,2024-03-01,4,1,0,19,Starter
CUST0402,2024-04-01,7,1,0,35,Starter
CUST0402,2024-05-01,9,1,0,47,Starter
CUST0402,2024-06-01,9,1,0,53,Starter
CUST0402,2024-07-01,9,1,0,43,Starter
CUST0402,2024-08-01,12,1,0,42,Starter
CUST0402,2024-09-01,13,1,0,22,Starter
CUST0402,2024-10-01,4,1,0,25,Starter
CUST0402,2024-11-01,2,1,0,28,Starter
CUST0402,2024-12-01,3,1,2,3,Starter
CUST0402,2025-01-01,8,1,0,4,Starter
CUST0402,2025-02-01,7,1,0,60,Starter
CUST0402,2025-03-01,2,1,0,13,Starter
CUST0402,2025-04-01,6,1,0,69,Starter
CUST0402,2025-05-01,6,1,0,95,Starter
CUST0402,2025-06-01,8,1,0,37,Starter
CUST0402,2025-07-01,6,1,1,27,Starter
CUST0402,2025-08-01,7,1,0,50,Starter
CUST0402,2025-09-01,2,1,0,-4,Starter
CUST0403,2024-06-01,6,9,0,40,Starter
CUST0403,2024-07-01,8,14,0,32,Starter
CUST0403,2024-08-01,13,11,0,34,Starter
CUST0403,2024-09-01,9,12,0,54,Starter
CUST0403,2024-10-01,5,12,1,46,Starter
CUST0403,2024-11-01,4,16,0,47,Starter
CUST0403,2024-12-01,9,8,0,52,Starter
CUST0403,2025-01-01,3,10,1,39,Starter
CUST0403,2025-02-01,9,18,0,41,Starter
CUST0403,2025-03-01,7,14,0,36,Starter
CUST0403,2025-04-01,8,10,0,31,Starter
CUST0403,2025-05-01,12,15,0,69,Starter
CUST0403,2025-06-01,9,9,0,33,Starter
CUST0403,2025-07-01,12,11,0,24,Starter
CUST0403,2025-08-01,10,11,0,87,Starter
CUST0403,2025-09-01,7,16,0,71,Starter
CUST0403,2025-10-01,10,11,0,47,Starter
CUST0403,2025-11-01,9,15,0,46,Starter
CUST0403,2025-12-01,11,17,3,28,Starter
CUST0404,2024-07-01,10,74,0,30,Starter
CUST0404,2024-08-01,8,62,1,42,Starter
CUST0404,2024-09-01,7,95,0,23,Starter
CUST0404,2024-10-01,4,96,0,-41,Starter
CUST0404,2024-11-01,11,83,1,55,Starter
CUST0404,2024-12-01,13,54,0,10,Starter
CUST0404,2025-01-01,8,86,0,33,Starter
CUST0404,2025-02-01,6,44,0,78,Starter
CUST0404,2025-03-01,6,94,1,36,Starter
CUST0404,2025-04-01,9,65,0,53,Starter
CUST0404,2025-05-01,7,57,0,58,Starter
CUST0404,2025-06-01,6,83,0,69,Starter
CUST0404,2025-07-01,10,71,0,20,Starter
CUST0404,2025-08-01,8,77,0,67,Starter
CUST0404,2025-09-01,7,38,0,61,Starter
CUST0404,2025-10-01,4,44,0,-32,Starter
CUST0404,2025-11-01,10,77,1,-7,Starter
CUST0404,2025-12-01,6,54,1,66,Starter
CUST0405,2024-09-01,3,1,0,-53,Starter
CUST0405,2024-10-01,9,1,0,73,Starter
CUST0405,2024-11-01,8,1,0,66,Starter
CUST0405,2024-12-01,8,1,2,21,Starter
CUST0405,2025-01-01,6,1,2,74,Starter
CUST0405,2025-02-01,13,1,0,4,Starter
CUST0405,2025-03-01,4,1,0,-4,Starter
CUST0405,2025-04-01,11,1,1,21,Starter
CUST0405,2025-05-01,4,1,0,-4,Starter
CUST0405,2025-06-01,2,1,0,48,Starter
CUST0405,2025-07-01,6,1,1,57,Starter
CUST0405,2025-08-01,5,1,0,23,Starter
CUST0405,2025-09-01,5,1,0,79,Starter
CUST0405,2025-10-01,6,1,0,44,Starter
CUST0405,2025-11-01,2,1,0,-55,Starter
CUST0405,2025-12-01,4,1,0,34,Starter
CUST0406,2024-12-01,46,15,1,65,Enterprise
CUST0406,2025-01-01,74,7,1,18,Enterprise
CUST0406,2025-02-01,41,8,1,24,Enterprise
CUST0406,2025-03-01,58,10,0,69,Enterprise
CUST0406,2025-04-01,51,12,0,-24,Enterprise
CUST0406,2025-05-01,39,8,0,70,Enterprise
CUST0406,2025-06-01,51,13,1,70,Enterprise
CUST0406,2025-07-01,29,19,2,6,Enterprise
CUST0406,2025-08-01,40,18,0,59,Enterprise
CUST0406,2025-09-01,67,8,0,48,Enterprise
CUST0406,2025-10-01,28,13,0,39,Enterprise
CUST0406,2025-11-01,46,10,0,21,Enterprise
CUST0406,2025-12-01,19,17,1,16,Enterprise
CUST0407,2024-03-01,51,102,2,23,Enterprise
CUST0407,2024-04-01,49,104,1,37,Enterprise
CUST0407,2024-05-01,53,129,1,22,Enterprise
CUST0407,2024-06-01,41,146,2,44,Enterprise
CUST0407,2024-07-01,41,188,0,24,Enterprise
CUST0407,2024-08-01,69,135,1,2,Enterprise
CUST0407,2024-09-01,47,115,1,0,Enterprise
CUST0407,2024-10-01,55,155,0,60,Enterprise
CUST0407,2024-11-01,65,191,1,41,Enterprise
CUST0407,2024-12-01,42,147,0,45,Enterprise
CUST0407,2025-01-01,29,184,1,28,Enterprise
CUST0407,2025-02-01,43,131,2,34,Enterprise
CUST0407,2025-03-01,32,186,0,68,Enterprise
CUST0407,2025-04-01,31,163,1,-34,Enterprise
CUST0407,2025-05-01,65,186,2,31,Enterprise
CUST0407,2025-06-01,66,77,0,13,Enterprise
CUST0407,2025-07-01,68,179,1,15,Enterprise
CUST0407,2025-08-01,54,125,1,74,Enterprise
CUST0407,2025-09-01,41,168,0,87,Enterprise
CUST0407,2025-10-01,45,78,2,33,Enterprise
CUST0407,2025-11-01,54,166,0,22,Enterprise
CUST0407,2025-12-01,52,107,0,29,Enterprise
CUST0408,2024-04-01,25,1,1,55,Growth
CUST0408,2024-05-01,14,1,0,38,Growth
CUST0408,2024-06-01,9,1,1,8,Growth
CUST0408,2024-07-01,25,1,0,13,Growth
CUST0408,2024-08-01,21,1,0,100,Growth
CUST0408,2024-09-01,28,1,0,35,Growth
CUST0408,2024-10-01,20,1,0,28,Growth
CUST0408,2024-11-01,23,1,0,7,Growth
CUST0408,2024-12-01,17,1,0,21,Growth
CUST0408,2025-01-01,16,1,0,45,Growth
CUST0408,2025-02-01,4,1,0,2,Growth
CUST0408,2025-03-01,16,1,1,62,Growth
CUST0408,2025-04-01,28,1,0,48,Growth
CUST0408,2025-05-01,25,1,0,52,Growth
CUST0408,2025-06-01,22,1,1,81,Growth
CUST0408,2025-07-01,27,1,0,47,Growth
CUST0408,2025-08-01,25,1,0,33,Growth
CUST0408,2025-09-01,20,1,0,43,Growth
CUST0408,2025-10-01,13,1,0,72,Growth
CUST0408,2025-11-01,26,1,0,74,Growth
CUST0408,2025-12-01,18,1,0,37,Growth
CUST0409,2024-09-01,6,52,0,10,Starter
CUST0409,2024-10-01,9,38,0,12,Starter
CUST0409,2024-11-01,4,64,0,25,Starter
CUST0409,2024-12-01,8,68,0,57,Starter
CUST0409,2025-01-01,5,45,0,85,Starter
CUST0409,2025-02-01,5,92,1,59,Starter
CUST0409,2025-03-01,6,68,0,58,Starter
CUST0409,2025-04-01,12,95,0,98,Starter
CUST0409,2025-05-01,2,86,0,15,Starter
CUST0409,2025-06-01,8,74,0,66,Starter
CUST0409,2025-07-01,11,38,0,39,Starter
CUST0409,2025-08-01,12,84,0,36,Starter
CUST0409,2025-09-01,5,70,0,59,Starter
CUST0409,2025-10-01,4,60,0,27,Starter
CUST0409,2025-11-01,10,60,0,66,Starter
CUST0409,2025-12-01,7,90,0,64,Starter
CUST0410,2025-04-01,6,15,0,21,Growth
CUST0410,2025-05-01,21,15,0,70,Growth
CUST0410,2025-06-01,36,17,0,86,Growth
CUST0410,2025-07-01,9,13,0,11,Growth
CUST0410,2025-08-01,16,8,0,16,Growth
CUST0410,2025-09-01,23,11,0,22,Growth
CUST0410,2025-10-01,21,14,0,33,Growth
CUST0410,2025-11-01,8,8,1,24,Growth
CUST0410,2025-12-01,23,19,0,37,Growth
CUST0411,2024-12-01,4,4,0,-23,Starter
CUST0411,2025-01-01,9,8,0,24,Starter
CUST0411,2025-02-01,8,5,0,42,Starter
CUST0411,2025-03-01,2,9,0,48,Starter
CUST0411,2025-04-01,4,8,0,4,Starter
CUST0411,2025-05-01,4,8,1,2,Starter
CUST0411,2025-06-01,9,4,0,22,Starter
CUST0411,2025-07-01,3,7,0,40,Starter
CUST0411,2025-08-01,6,7,0,69,Starter
CUST0411,2025-09-01,10,7,0,53,Starter
CUST0411,2025-10-01,10,4,0,29,Starter
CUST0411,2025-11-01,11,4,0,82,Starter
CUST0411,2025-12-01,11,7,0,16,Starter
CUST0412,2024-04-01,8,51,0,10,Starter
CUST0412,2024-05-01,10,73,0,33,Starter
CUST0412,2024-06-01,3,92,0,0,Starter
CUST0412,2024-07-01,8,42,0,23,Starter
CUST0412,2024-08-01,11,51,1,29,Starter
CUST0412,2024-09-01,3,57,0,-16,Starter
CUST0412,2024-10-01,3,89,1,15,Starter
CUST0412,2024-11-01,10,76,0,46,Starter
CUST0412,2024-12-01,12,44,1,28,Starter
CUST0413,2024-03-01,23,10,0,12,Growth
CUST0413,2024-04-01,20,12,0,62,Growth
CUST0413,2024-05-01,12,17,0,-2,Growth
CUST0413,2024-06-01,20,8,0,59,Growth
CUST0413,2024-07-01,24,13,1,25,Growth
CUST0413,2024-08-01,17,17,0,49,Growth
CUST0413,2024-09-01,28,8,0,54,Enterprise
CUST0413,2024-10-01,73,10,0,40,Enterprise
CUST0413,2024-11-01,66,15,0,13,Enterprise
CUST0413,2024-12-01,47,12,0,34,Enterprise
CUST0413,2025-01-01,49,11,1,81,Enterprise
CUST0413,2025-02-01,56,15,1,37,Enterprise
CUST0413,2025-03-01,49,18,0,37,Enterprise
CUST0413,2025-04-01,44,15,0,50,Enterprise
CUST0413,2025-05-01,60,7,2,21,Enterprise
CUST0413,2025-06-01,67,11,0,30,Enterprise
CUST0413,2025-07-01,54,8,1,33,Enterprise
CUST0413,2025-08-01,53,13,0,46,Enterprise
CUST0413,2025-09-01,51,18,1,36,Enterprise
CUST0413,2025-10-01,14,14,1,49,Enterprise
CUST0413,2025-11-01,36,11,0,79,Enterprise
CUST0413,2025-12-01,28,8,0,3,Enterprise
CUST0414,2024-08-01,17,5,1,44,Growth
CUST0414,2024-09-01,9,7,0,43,Growth
CUST0414,2024-10-01,16,9,0,36,Growth
CUST0414,2024-11-01,16,4,1,31,Growth
CUST0414,2024-12-01,11,6,0,55,Growth
CUST0414,2025-01-01,17,5,0,14,Growth
CUST0414,2025-02-01,10,7,0,21,Growth
CUST0414,2025-03-01,31,8,0,91,Growth
CUST0414,2025-04-01,19,5,0,32,Growth
CUST0414,2025-05-01,20,6,0,41,Growth
CUST0414,2025-06-01,7,4,0,0,Growth
CUST0414,2025-07-01,22,5,2,49,Growth
CUST0414,2025-08-01,24,4,0,-6,Growth
CUST0414,2025-09-01,16,8,0,37,Growth
CUST0414,2025-10-01,18,5,1,47,Growth
CUST0414,2025-11-01,40,7,1,36,Growth
CUST0414,2025-12-01,24,8,2,11,Growth
CUST0415,2024-10-01,40,57,1,100,Enterprise
CUST0415,2024-11-01,31,73,2,69,Enterprise
CUST0415,2024-12-01,49,53,0,45,Enterprise
CUST0415,2025-01-01,52,77,0,63,Enterprise
CUST0415,2025-02-01,12,44,0,57,Enterprise
CUST0415,2025-03-01,10,75,3,-5,Enterprise
CUST0415,2025-04-01,47,45,1,45,Enterprise
CUST0415,2025-05-01,67,90,1,80,Enterprise
CUST0415,2025-06-01,28,55,0,43,Enterprise
CUST0415,2025-07-01,69,64,0,46,Enterprise
CUST0415,2025-08-01,0,49,2,8,Enterprise
CUST0415,2025-09-01,46,42,2,41,Enterprise
CUST0415,2025-10-01,32,54,1,32,Enterprise
CUST0415,2025-11-01,54,60,1,-6,Enterprise
CUST0415,2025-12-01,65,83,0,84,Enterprise
CUST0416,2025-05-01,36,3,0,40,Enterprise
CUST0416,2025-06-01,74,1,2,79,Enterprise
CUST0416,2025-07-01,54,2,0,76,Enterprise
CUST0416,2025-08-01,42,2,2,53,Enterprise
CUST0416,2025-09-01,45,2,0,15,Enterprise
CUST0416,2025-10-01,50,2,0,26,Enterprise
CUST0416,2025-11-01,41,4,1,29,Enterprise
CUST0416,2025-12-01,44,2,0,55,Enterprise
CUST0417,2024-04-01,7,122,0,34,Starter
CUST0417,2024-05-01,4,168,0,-3,Starter
CUST0417,2024-06-01,8,103,0,42,Starter
CUST0417,2024-07-01,6,116,0,48,Starter
CUST0417,2024-08-01,6,147,0,48,Starter
CUST0417,2024-09-01,4,168,0,5,Starter
CUST0417,2024-10-01,6,123,1,27,Starter
CUST0417,2024-11-01,11,172,0,44,Starter
CUST0417,2024-12-01,5,180,0,71,Starter
CUST0417,2025-01-01,8,193,0,64,Starter
CUST0417,2025-02-01,5,159,0,47,Starter
CUST0417,2025-03-01,5,189,0,45,Starter
CUST0417,2025-04-01,9,112,1,71,Starter
CUST0417,2025-05-01,5,109,0,30,Starter
CUST0417,2025-06-01,8,192,0,61,Starter
CUST0417,2025-07-01,8,188,0,51,Starter
CUST0417,2025-08-01,6,80,0,47,Starter
CUST0417,2025-09-01,11,97,0,44,Starter
CUST0417,2025-10-01,9,161,0,25,Starter
CUST0417,2025-11-01,5,138,0,85,Starter
CUST0417,2025-12-01,9,163,0,60,Starter
CUST0418,2025-03-01,28,1,0,9,Growth
CUST0418,2025-04-01,30,2,0,45,Growth
CUST0418,2025-05-01,32,4,0,16,Growth
CUST0418,2025-06-01,26,3,0,29,Growth
CUST0418,2025-07-01,19,2,0,67,Growth
CUST0418,2025-08-01,17,3,1,0,Growth
CUST0418,2025-09-01,20,4,0,64,Growth
CUST0418,2025-10-01,30,3,0,65,Growth
CUST0418,2025-11-01,18,4,1,34,Growth
CUST0418,2025-12-01,19,4,0,60,Growth
CUST0419,2024-06-01,18,1,0,39,Growth
CUST0419,2024-07-01,10,1,0,30,Growth
CUST0419,2024-08-01,7,1,0,47,Growth
CUST0419,2024-09-01,20,1,1,48,Growth
CUST0419,2024-10-01,19,1,0,47,Growth
CUST0419,2024-11-01,6,1,0,39,Growth
CUST0419,2024-12-01,67,1,0,64,Enterprise
CUST0419,2025-01-01,24,1,1,33,Enterprise
CUST0419,2025-02-01,38,1,2,50,Enterprise
CUST0419,2025-03-01,45,1,1,32,Enterprise
CUST0419,2025-04-01,53,1,0,31,Enterprise
CUST0419,2025-05-01,33,1,1,40,Enterprise
CUST0419,2025-06-01,68,1,0,29,Enterprise
CUST0419,2025-07-01,57,1,0,63,Enterprise
CUST0419,2025-08-01,65,1,0,71,Enterprise
CUST0419,2025-09-01,63,1,2,23,Enterprise
CUST0419,2025-10-01,70,1,2,37,Enterprise
CUST0419,2025-11-01,40,1,1,73,Enterprise
CUST0420,2025-05-01,9,3,0,66,Starter
CUST0420,2025-06-01,8,2,0,44,Starter
CUST0420,2025-07-01,7,3,0,32,Starter
CUST0420,2025-08-01,10,1,0,15,Starter
CUST0421,2025-02-01,20,1,1,6,Growth
CUST0421,2025-03-01,11,1,0,-31,Growth
CUST0421,2025-04-01,17,1,0,-2,Growth
CUST0421,2025-05-01,8,1,0,-12,Growth
CUST0421,2025-06-01,22,1,0,13,Growth
CUST0421,2025-07-01,33,1,0,52,Growth
CUST0421,2025-08-01,46,1,1,35,Enterprise
CUST0421,2025-09-01,53,1,0,64,Enterprise
CUST0421,2025-10-01,60,1,0,58,Enterprise
CUST0421,2025-11-01,13,1,1,28,Enterprise
CUST0421,2025-12-01,33,1,1,45,Enterprise
CUST0422,2025-02-01,12,12,0,66,Starter
CUST0422,2025-03-01,8,12,0,98,Starter
CUST0422,2025-04-01,9,12,1,85,Starter
CUST0422,2025-05-01,6,10,1,30,Starter
CUST0423,2025-04-01,20,1,1,35,Growth
CUST0423,2025-05-01,23,1,1,64,Growth
CUST0423,2025-06-01,10,1,0,7,Growth
CUST0423,2025-07-01,23,1,0,59,Growth
CUST0423,2025-08-01,12,1,0,55,Growth
CUST0423,2025-09-01,23,1,0,59,Growth
CUST0423,2025-10-01,23,1,1,25,Growth
CUST0423,2025-11-01,16,1,0,62,Growth
CUST0423,2025-12-01,10,1,0,23,Growth
CUST0424,2024-07-01,18,11,0,-7,Enterprise
CUST0424,2024-08-01,38,9,1,83,Enterprise
CUST0424,2024-09-01,48,8,0,44,Enterprise
CUST0424,2024-10-01,47,11,0,19,Enterprise
CUST0424,2024-11-01,60,8,0,26,Enterprise
CUST0424,2024-12-01,42,13,1,37,Enterprise
CUST0424,2025-01-01,33,16,0,35,Enterprise
CUST0424,2025-02-01,36,9,1,65,Enterprise
CUST0424,2025-03-01,28,11,0,57,Enterprise
CUST0424,2025-04-01,25,8,0,-5,Enterprise
CUST0424,2025-05-01,35,15,2,32,Enterprise
CUST0424,2025-06-01,26,11,0,-1,Enterprise
CUST0424,2025-07-01,38,13,1,15,Enterprise
CUST0424,2025-08-01,32,11,2,10,Enterprise
CUST0424,2025-09-01,27,8,2,-6,Enterprise
CUST0424,2025-10-01,76,19,1,37,Enterprise
CUST0424,2025-11-01,73,9,1,41,Enterprise
CUST0424,2025-12-01,41,15,0,65,Enterprise
CUST0425,2025-07-01,7,45,1,67,Growth
CUST0425,2025-08-01,23,61,0,24,Growth
CUST0425,2025-09-01,14,86,0,57,Growth
CUST0425,2025-10-01,27,57,0,13,Growth
CUST0425,2025-11-01,18,91,0,41,Growth
CUST0425,2025-12-01,20,42,0,45,Growth
CUST0426,2024-09-01,40,8,0,37,Enterprise
CUST0426,2024-10-01,44,8,0,12,Enterprise
CUST0426,2024-11-01,72,5,0,58,Enterprise
CUST0426,2024-12-01,61,5,0,46,Enterprise
CUST0426,2025-01-01,81,6,1,12,Enterprise
CUST0426,2025-02-01,39,8,1,16,Enterprise
CUST0426,2025-03-01,74,8,2,42,Enterprise
CUST0426,2025-04-01,34,8,0,61,Enterprise
CUST0426,2025-05-01,48,4,0,63,Enterprise
CUST0426,2025-06-01,53,8,1,26,Enterprise
CUST0426,2025-07-01,49,8,0,26,Enterprise
CUST0426,2025-08-01,22,5,0,-3,Enterprise
CUST0426,2025-09-01,31,3,0,52,Enterprise
CUST0426,2025-10-01,51,8,0,16,Enterprise
CUST0426,2025-11-01,60,4,1,51,Enterprise
CUST0426,2025-12-01,64,4,1,54,Enterprise
CUST0427,2025-02-01,55,2,0,33,Enterprise
CUST0427,2025-03-01,19,4,2,42,Enterprise
CUST0427,2025-04-01,27,2,2,-9,Enterprise
CUST0427,2025-05-01,52,3,0,51,Enterprise
CUST0427,2025-06-01,32,4,1,67,Enterprise
CUST0427,2025-07-01,56,4,2,15,Enterprise
CUST0427,2025-08-01,48,2,2,29,Enterprise
CUST0427,2025-09-01,44,2,0,59,Enterprise
CUST0427,2025-10-01,44,2,0,35,Enterprise
CUST0427,2025-11-01,62,4,0,45,Enterprise
CUST0427,2025-12-01,25,2,2,-13,Enterprise
CUST0428,2025-06-01,12,8,0,9,Growth
CUST0428,2025-07-01,13,16,1,8,Growth
CUST0428,2025-08-01,13,8,0,63,Growth
CUST0428,2025-09-01,10,18,0,-5,Growth
CUST0428,2025-10-01,23,18,0,38,Growth
CUST0428,2025-11-01,19,11,0,70,Growth
CUST0428,2025-12-01,6,14,1,56,Growth
CUST0429,2024-02-01,56,1,0,55,Enterprise
CUST0429,2024-03-01,29,1,0,-5,Enterprise
CUST0429,2024-04-01,25,1,0,-23,Enterprise
CUST0429,2024-05-01,43,1,1,41,Enterprise
CUST0429,2024-06-01,43,1,0,79,Enterprise
CUST0429,2024-07-01,57,1,0,46,Enterprise
CUST0429,2024-08-01,51,1,0,39,Enterprise
CUST0429,2024-09-01,43,1,0,56,Enterprise
CUST0429,2024-10-01,34,1,1,5,Enterprise
CUST0429,2024-11-01,39,1,0,6,Enterprise
CUST0429,2024-12-01,43,1,0,50,Enterprise
CUST0429,2025-01-01,47,1,2,54,Enterprise
CUST0429,2025-02-01,37,1,0,46,Enterprise
CUST0429,2025-03-01,43,1,0,23,Enterprise
CUST0429,2025-04-01,60,1,0,71,Enterprise
CUST0429,2025-05-01,49,1,1,5,Enterprise
CUST0429,2025-06-01,50,1,1,24,Enterprise
CUST0429,2025-07-01,58,1,0,18,Enterprise
CUST0429,2025-08-01,58,1,1,-21,Enterprise
CUST0429,2025-09-01,34,1,0,28,Enterprise
CUST0429,2025-10-01,27,1,3,50,Enterprise
CUST0429,2025-11-01,40,1,0,62,Enterprise
CUST0429,2025-12-01,42,1,0,20,Enterprise
CUST0430,2025-04-01,12,11,2,2,Growth
CUST0430,2025-05-01,19,15,0,72,Growth
CUST0430,2025-06-01,31,13,1,22,Growth
CUST0430,2025-07-01,31,16,0,28,Growth
CUST0430,2025-08-01,17,16,0,0,Growth
CUST0430,2025-09-01,18,14,0,65,Growth
CUST0430,2025-10-01,19,17,0,-14,Enterprise
CUST0430,2025-11-01,63,8,0,55,Enterprise
CUST0430,2025-12-01,36,8,0,100,Enterprise
CUST0431,2025-04-01,9,16,0,80,Starter
CUST0431,2025-05-01,7,13,0,24,Starter
CUST0431,2025-06-01,7,19,0,5,Starter
CUST0431,2025-07-01,10,15,0,32,Starter
CUST0431,2025-08-01,8,18,1,43,Starter
CUST0432,2025-03-01,11,2,0,-37,Growth
CUST0432,2025-04-01,27,2,0,76,Growth
CUST0432,2025-05-01,15,2,0,-10,Growth
CUST0432,2025-06-01,10,2,0,-1,Growth
CUST0432,2025-07-01,26,3,1,2,Growth
CUST0432,2025-08-01,15,4,0,19,Growth
CUST0432,2025-09-01,32,4,0,57,Growth
CUST0432,2025-10-01,9,3,0,3,Growth
CUST0432,2025-11-01,21,3,0,32,Growth
CUST0432,2025-12-01,5,4,0,20,Growth
CUST0433,2024-05-01,4,1,0,-36,Starter
CUST0433,2024-06-01,3,1,1,14,Starter
CUST0433,2024-07-01,10,1,1,-3,Starter
CUST0433,2024-08-01,6,1,0,16,Starter
CUST0433,2024-09-01,10,1,0,24,Starter
CUST0433,2024-10-01,10,1,1,52,Starter
CUST0433,2024-11-01,20,1,0,18,Growth
CUST0433,2024-12-01,17,1,1,63,Growth
CUST0433,2025-01-01,23,1,0,39,Growth
CUST0433,2025-02-01,18,1,1,29,Growth
CUST0433,2025-03-01,10,1,0,74,Growth
CUST0433,2025-04-01,22,1,0,-6,Growth
CUST0433,2025-05-01,21,1,0,67,Growth
CUST0434,2024-05-01,21,3,0,59,Growth
CUST0434,2024-06-01,15,2,0,22,Growth
CUST0434,2024-07-01,17,2,0,40,Growth
CUST0434,2024-08-01,16,2,0,34,Growth
CUST0434,2024-09-01,12,3,0,-30,Growth
CUST0434,2024-10-01,14,2,0,84,Growth
CUST0434,2024-11-01,28,2,0,45,Growth
CUST0434,2024-12-01,9,3,0,6,Growth
CUST0434,2025-01-01,20,4,0,24,Growth
CUST0434,2025-02-01,28,4,0,2,Growth
CUST0434,2025-03-01,12,4,1,25,Growth
CUST0434,2025-04-01,35,2,0,39,Growth
CUST0434,2025-05-01,21,2,0,42,Growth
CUST0435,2024-09-01,7,2,0,-2,Growth
CUST0435,2024-10-01,13,2,1,21,Growth
CUST0435,2024-11-01,28,3,0,60,Growth
CUST0435,2024-12-01,23,2,0,14,Growth
CUST0435,2025-01-01,24,3,0,46,Growth
CUST0435,2025-02-01,36,2,0,3,Growth
CUST0435,2025-03-01,18,2,0,22,Growth
CUST0435,2025-04-01,22,4,0,1,Growth
CUST0435,2025-05-01,24,4,0,0,Growth
CUST0435,2025-06-01,22,2,0,29,Growth
CUST0435,2025-07-01,13,3,1,55,Growth
CUST0435,2025-08-01,16,4,0,79,Growth
CUST0435,2025-09-01,31,3,1,44,Growth
CUST0435,2025-10-01,34,2,0,24,Growth
CUST0435,2025-11-01,18,4,0,18,Growth
CUST0435,2025-12-01,17,4,1,33,Growth
CUST0436,2024-10-01,7,1,0,12,Starter
CUST0436,2024-11-01,11,1,0,7,Starter
CUST0436,2024-12-01,13,1,0,2,Starter
CUST0436,2025-01-01,6,1,0,50,Starter
CUST0436,2025-02-01,7,1,0,52,Starter
CUST0436,2025-03-01,6,1,0,29,Starter
CUST0436,2025-04-01,6,1,0,50,Starter
CUST0436,2025-05-01,8,1,0,45,Starter
CUST0436,2025-06-01,15,1,0,-4,Starter
CUST0436,2025-07-01,6,1,0,10,Starter
CUST0436,2025-08-01,4,1,2,-9,Starter
CUST0436,2025-09-01,2,1,0,26,Starter
CUST0436,2025-10-01,5,1,0,21,Starter
CUST0436,2025-11-01,5,1,1,44,Starter
CUST0436,2025-12-01,8,1,0,87,Starter
CUST0437,2024-07-01,7,1,0,-34,Growth
CUST0437,2024-08-01,14,1,0,57,Growth
CUST0437,2024-09-01,15,1,0,31,Growth
CUST0438,2025-05-01,7,2,0,26,Growth
CUST0438,2025-06-01,8,4,0,-1,Growth
CUST0438,2025-07-01,5,3,1,-34,Growth
CUST0439,2024-01-01,11,4,0,28,Starter
CUST0439,2024-02-01,3,4,0,-48,Starter
CUST0440,2024-08-01,11,36,1,38,Growth
CUST0440,2024-09-01,29,47,0,84,Growth
CUST0440,2024-10-01,19,30,0,7,Growth
CUST0440,2024-11-01,22,32,1,42,Growth
CUST0440,2024-12-01,17,28,0,20,Growth
CUST0440,2025-01-01,18,18,1,50,Growth
CUST0440,2025-02-01,19,43,0,84,Growth
CUST0440,2025-03-01,20,39,1,36,Growth
CUST0440,2025-04-01,10,38,0,34,Growth
CUST0440,2025-05-01,14,31,0,100,Growth
CUST0440,2025-06-01,11,32,1,-9,Growth
CUST0440,2025-07-01,22,30,1,12,Growth
CUST0440,2025-08-01,22,21,0,21,Growth
CUST0440,2025-09-01,22,46,0,34,Growth
CUST0440,2025-10-01,17,23,0,39,Growth
CUST0440,2025-11-01,30,30,1,26,Growth
CUST0440,2025-12-01,14,25,0,43,Growth
CUST0441,2024-04-01,15,77,2,12,Enterprise
CUST0441,2024-05-01,29,49,0,-10,Enterprise
CUST0441,2024-06-01,49,82,0,40,Enterprise
CUST0441,2024-07-01,33,71,1,-17,Enterprise
CUST0441,2024-08-01,40,53,1,46,Enterprise
CUST0441,2024-09-01,61,84,2,32,Enterprise
CUST0441,2024-10-01,40,71,0,38,Enterprise
CUST0441,2024-11-01,91,73,0,53,Enterprise
CUST0441,2024-12-01,27,70,2,-12,Enterprise
CUST0442,2025-07-01,49,1,1,7,Enterprise
CUST0442,2025-08-01,44,1,0,50,Enterprise
CUST0442,2025-09-01,63,1,0,49,Enterprise
CUST0442,2025-10-01,40,1,1,27,Enterprise
CUST0442,2025-11-01,78,1,0,52,Enterprise
CUST0442,2025-12-01,58,1,1,58,Enterprise
CUST0443,2024-12-01,22,8,0,63,Growth
CUST0443,2025-01-01,17,9,0,50,Growth
CUST0443,2025-02-01,30,3,0,24,Growth
CUST0443,2025-03-01,25,9,0,32,Growth
CUST0443,2025-04-01,28,8,0,74,Growth
CUST0443,2025-05-01,19,6,1,75,Growth
CUST0443,2025-06-01,26,9,0,8,Growth
CUST0443,2025-07-01,33,6,0,42,Growth
CUST0443,2025-08-01,19,8,0,63,Growth
CUST0443,2025-09-01,22,8,0,28,Growth
CUST0443,2025-10-01,30,8,0,37,Growth
CUST0443,2025-11-01,20,7,0,79,Growth
CUST0443,2025-12-01,26,9,1,38,Growth
CUST0444,2024-09-01,45,74,1,49,Enterprise
CUST0444,2024-10-01,51,67,0,50,Enterprise
CUST0444,2024-11-01,43,49,1,57,Enterprise
CUST0444,2024-12-01,33,55,1,26,Enterprise
CUST0444,2025-01-01,45,94,0,-17,Enterprise
CUST0444,2025-02-01,58,62,1,39,Enterprise
CUST0444,2025-03-01,25,84,0,-2,Enterprise
CUST0444,2025-04-01,30,50,0,58,Enterprise
CUST0444,2025-05-01,10,41,3,15,Enterprise
CUST0444,2025-06-01,22,48,2,-3,Enterprise
CUST0444,2025-07-01,54,81,0,20,Enterprise
CUST0444,2025-08-01,50,79,1,-2,Enterprise
CUST0444,2025-09-01,36,85,0,85,Enterprise
CUST0444,2025-10-01,42,59,0,59,Enterprise
CUST0444,2025-11-01,56,38,0,24,Enterprise
CUST0444,2025-12-01,26,54,2,-40,Enterprise
CUST0445,2024-05-01,60,3,2,45,Enterprise
CUST0445,2024-06-01,33,3,0,43,Enterprise
CUST0445,2024-07-01,29,2,1,53,Enterprise
CUST0445,2024-08-01,25,2,0,-61,Enterprise
CUST0445,2024-09-01,28,4,0,41,Enterprise
CUST0445,2024-10-01,46,2,0,16,Enterprise
CUST0445,2024-11-01,25,3,0,-4,Enterprise
CUST0445,2024-12-01,39,2,1,51,Enterprise
CUST0445,2025-01-01,39,4,2,-18,Enterprise
CUST0445,2025-02-01,45,2,1,58,Enterprise
CUST0445,2025-03-01,47,2,1,69,Enterprise
CUST0445,2025-04-01,66,2,0,-21,Enterprise
CUST0445,2025-05-01,28,2,2,71,Enterprise
CUST0445,2025-06-01,13,4,3,22,Enterprise
CUST0445,2025-07-01,55,2,1,-13,Enterprise
CUST0445,2025-08-01,30,4,0,-6,Enterprise
CUST0445,2025-09-01,61,3,1,35,Enterprise
CUST0445,2025-10-01,40,4,0,40,Enterprise
CUST0445,2025-11-01,25,3,0,32,Enterprise
CUST0445,2025-12-01,35,3,0,61,Enterprise
CUST0446,2024-12-01,4,1,1,31,Starter
CUST0446,2025-01-01,7,1,0,61,Starter
CUST0447,2024-04-01,32,2,0,0,Growth
CUST0447,2024-05-01,14,4,0,-11,Growth
CUST0447,2024-06-01,11,2,0,4,Growth
CUST0447,2024-07-01,17,2,0,26,Growth
CUST0447,2024-08-01,29,4,2,75,Growth
CUST0447,2024-09-01,31,2,0,44,Growth
CUST0447,2024-10-01,37,3,0,-20,Growth
CUST0447,2024-11-01,24,4,1,33,Growth
CUST0447,2024-12-01,23,4,0,79,Growth
CUST0448,2024-11-01,17,151,0,53,Growth
CUST0448,2024-12-01,33,108,0,56,Growth
CUST0448,2025-01-01,13,75,0,0,Growth
CUST0448,2025-02-01,14,136,0,35,Growth
CUST0449,2025-06-01,13,1,0,64,Starter
CUST0449,2025-07-01,6,1,0,16,Starter
CUST0449,2025-08-01,5,1,0,93,Starter
CUST0449,2025-09-01,5,1,1,39,Starter
CUST0449,2025-10-01,12,1,1,33,Starter
CUST0450,2025-06-01,4,7,0,21,Starter
CUST0450,2025-07-01,12,6,0,8,Starter
CUST0450,2025-08-01,8,4,0,57,Starter
CUST0450,2025-09-01,12,6,0,-5,Starter
CUST0450,2025-10-01,9,4,1,31,Starter
CUST0450,2025-11-01,13,8,0,20,Starter
CUST0450,2025-12-01,6,4,0,66,Starter
CUST0451,2024-05-01,10,9,0,91,Starter
CUST0451,2024-06-01,10,9,0,56,Starter
CUST0451,2024-07-01,11,8,0,82,Starter
CUST0451,2024-08-01,12,9,0,32,Starter
CUST0451,2024-09-01,7,5,0,49,Starter
CUST0451,2024-10-01,6,7,0,33,Starter
CUST0451,2024-11-01,8,9,0,34,Starter
CUST0451,2024-12-01,6,4,0,37,Starter
CUST0452,2025-05-01,33,15,0,92,Growth
CUST0452,2025-06-01,14,9,0,3,Growth
CUST0452,2025-07-01,21,9,1,60,Growth
CUST0452,2025-08-01,13,16,0,49,Growth
CUST0452,2025-09-01,25,11,0,18,Growth
CUST0452,2025-10-01,24,13,0,96,Growth
CUST0452,2025-11-01,25,14,0,61,Growth
CUST0452,2025-12-01,3,16,0,19,Growth
CUST0453,2024-02-01,7,4,0,10,Starter
CUST0453,2024-03-01,6,7,0,26,Starter
CUST0453,2024-04-01,5,7,1,46,Starter
CUST0453,2024-05-01,4,3,0,5,Starter
CUST0453,2024-06-01,11,4,0,28,Starter
CUST0453,2024-07-01,4,6,0,12,Starter
CUST0453,2024-08-01,9,8,1,36,Starter
CUST0454,2024-08-01,7,1,0,36,Starter
CUST0454,2024-09-01,5,1,1,69,Starter
CUST0454,2024-10-01,8,1,0,53,Starter
CUST0454,2024-11-01,7,1,0,69,Starter
CUST0454,2024-12-01,7,1,0,5,Starter
CUST0454,2025-01-01,8,1,1,45,Starter
CUST0454,2025-02-01,11,1,0,75,Starter
CUST0454,2025-03-01,9,1,0,70,Starter
CUST0454,2025-04-01,3,1,0,-11,Starter
CUST0454,2025-05-01,10,1,0,55,Starter
CUST0454,2025-06-01,7,1,0,50,Starter
CUST0454,2025-07-01,10,1,0,79,Starter
CUST0454,2025-08-01,4,1,0,7,Starter
CUST0454,2025-09-01,11,1,1,41,Starter
CUST0454,2025-10-01,10,1,1,61,Starter
CUST0454,2025-11-01,0,1,0,19,Starter
CUST0454,2025-12-01,7,1,0,58,Starter
CUST0455,2024-06-01,71,2,0,40,Enterprise
CUST0455,2024-07-01,44,2,1,99,Enterprise
CUST0455,2024-08-01,20,4,0,-14,Enterprise
CUST0455,2024-09-01,40,2,1,12,Enterprise
CUST0455,2024-10-01,46,2,0,91,Enterprise
CUST0455,2024-11-01,39,3,0,9,Enterprise
CUST0455,2024-12-01,72,3,1,22,Enterprise
CUST0455,2025-01-01,29,3,1,27,Enterprise
CUST0455,2025-02-01,27,2,0,35,Enterprise
CUST0455,2025-03-01,27,1,0,23,Enterprise
CUST0455,2025-04-01,43,4,1,37,Enterprise
CUST0455,2025-05-01,41,3,0,32,Enterprise
CUST0455,2025-06-01,42,3,0,35,Enterprise
CUST0455,2025-07-01,31,2,0,27,Enterprise
CUST0455,2025-08-01,49,4,0,92,Enterprise
CUST0455,2025-09-01,23,4,1,-51,Enterprise
CUST0455,2025-10-01,51,3,0,10,Enterprise
CUST0455,2025-11-01,45,4,1,46,Enterprise
CUST0455,2025-12-01,58,2,0,5,Enterprise
CUST0456,2024-01-01,67,91,0,16,Enterprise
CUST0456,2024-02-01,56,79,1,24,Enterprise
CUST0456,2024-03-01,59,67,1,34,Enterprise
CUST0456,2024-04-01,44,71,0,20,Enterprise
CUST0456,2024-05-01,58,77,1,17,Enterprise
CUST0456,2024-06-01,30,89,0,50,Enterprise
CUST0456,2024-07-01,26,86,0,28,Enterprise
CUST0456,2024-08-01,76,41,1,16,Enterprise
CUST0456,2024-09-01,72,38,1,4,Enterprise
CUST0456,2024-10-01,33,59,0,59,Enterprise
CUST0456,2024-11-01,12,51,1,11,Enterprise
CUST0456,2024-12-01,20,76,1,4,Enterprise
CUST0456,2025-01-01,46,59,0,40,Enterprise
CUST0456,2025-02-01,38,76,1,7,Enterprise
CUST0456,2025-03-01,33,71,1,9,Enterprise
CUST0456,2025-04-01,66,60,0,16,Enterprise
CUST0456,2025-05-01,66,48,0,51,Enterprise
CUST0456,2025-06-01,55,57,1,66,Enterprise
CUST0456,2025-07-01,71,76,1,52,Enterprise
CUST0456,2025-08-01,25,72,1,14,Enterprise
CUST0456,2025-09-01,37,81,0,23,Enterprise
CUST0456,2025-10-01,46,95,0,17,Enterprise
CUST0456,2025-11-01,42,82,1,29,Enterprise
CUST0456,2025-12-01,46,60,0,56,Enterprise
CUST0457,2025-02-01,25,90,2,3,Enterprise
CUST0457,2025-03-01,92,115,1,12,Enterprise
CUST0457,2025-04-01,26,171,0,-46,Enterprise
CUST0457,2025-05-01,23,83,0,-8,Enterprise
CUST0457,2025-06-01,45,136,2,-5,Enterprise
CUST0457,2025-07-01,47,194,0,38,Enterprise
CUST0457,2025-08-01,44,116,0,50,Enterprise
CUST0457,2025-09-01,70,143,0,70,Enterprise
CUST0457,2025-10-01,24,183,0,60,Enterprise
CUST0457,2025-11-01,79,179,0,8,Enterprise
CUST0457,2025-12-01,40,77,0,44,Enterprise
CUST0458,2025-04-01,23,1,0,15,Growth
CUST0458,2025-05-01,9,1,0,39,Growth
CUST0458,2025-06-01,24,1,2,38,Growth
CUST0458,2025-07-01,18,1,0,61,Growth
CUST0458,2025-08-01,11,1,0,18,Growth
CUST0458,2025-09-01,25,1,0,37,Growth
CUST0458,2025-10-01,12,1,0,-13,Growth
CUST0458,2025-11-01,16,1,0,38,Growth
CUST0458,2025-12-01,4,1,1,30,Growth
CUST0459,2025-04-01,5,1,0,88,Starter
CUST0459,2025-05-01,9,1,0,51,Starter
CUST0459,2025-06-01,9,1,0,51,Starter
CUST0459,2025-07-01,10,1,0,31,Starter
CUST0459,2025-08-01,4,1,0,-22,Starter
CUST0459,2025-09-01,8,1,0,81,Starter
CUST0459,2025-10-01,7,1,0,69,Starter
CUST0459,2025-11-01,7,1,0,78,Starter
CUST0459,2025-12-01,9,1,0,47,Starter
CUST0460,2024-12-01,62,144,2,35,Enterprise
CUST0460,2025-01-01,21,192,1,23,Enterprise
CUST0460,2025-02-01,61,116,0,17,Enterprise
CUST0460,2025-03-01,75,170,1,38,Enterprise
CUST0460,2025-04-01,74,113,0,32,Enterprise
CUST0460,2025-05-01,57,109,0,45,Enterprise
CUST0460,2025-06-01,21,92,1,-14,Enterprise
CUST0460,2025-07-01,49,192,0,53,Enterprise
CUST0460,2025-08-01,55,160,1,11,Enterprise
CUST0460,2025-09-01,58,169,2,4,Enterprise
CUST0460,2025-10-01,23,89,0,59,Enterprise
CUST0460,2025-11-01,62,131,2,39,Enterprise
CUST0460,2025-12-01,33,194,0,17,Enterprise
CUST0461,2024-12-01,8,1,1,17,Starter
CUST0461,2025-01-01,3,1,0,-2,Starter
CUST0461,2025-02-01,10,1,1,25,Starter
CUST0461,2025-03-01,9,1,0,24,Starter
CUST0461,2025-04-01,7,1,1,79,Starter
CUST0461,2025-05-01,11,1,0,97,Starter
CUST0461,2025-06-01,8,1,0,9,Starter
CUST0462,2025-08-01,5,1,0,-17,Starter
CUST0462,2025-09-01,10,1,0,85,Starter
CUST0462,2025-10-01,12,1,0,23,Starter
CUST0462,2025-11-01,10,1,1,53,Starter
CUST0462,2025-12-01,11,1,1,28,Starter
CUST0463,2024-08-01,5,1,0,35,Starter
CUST0463,2024-09-01,10,1,0,30,Starter
CUST0463,2024-10-01,7,1,0,36,Starter
CUST0463,2024-11-01,9,1,0,40,Starter
CUST0463,2024-12-01,6,1,1,77,Starter
CUST0463,2025-01-01,4,1,0,20,Starter
CUST0463,2025-02-01,9,1,0,52,Starter
CUST0463,2025-03-01,8,1,0,58,Starter
CUST0463,2025-04-01,6,1,0,40,Starter
CUST0463,2025-05-01,4,1,0,1,Starter
CUST0463,2025-06-01,6,1,0,20,Starter
CUST0463,2025-07-01,8,1,1,51,Starter
CUST0463,2025-08-01,8,1,0,16,Starter
CUST0463,2025-09-01,10,1,1,46,Starter
CUST0463,2025-10-01,10,1,0,68,Starter
CUST0463,2025-11-01,7,1,1,51,Starter
CUST0463,2025-12-01,6,1,1,51,Starter
CUST0464,2024-12-01,14,95,0,24,Starter
CUST0464,2025-01-01,8,179,1,43,Starter
CUST0464,2025-02-01,8,116,0,49,Starter
CUST0464,2025-03-01,5,152,0,90,Starter
CUST0464,2025-04-01,6,134,0,54,Starter
CUST0464,2025-05-01,10,148,2,50,Starter
CUST0464,2025-06-01,6,100,1,44,Starter
CUST0465,2024-06-01,25,41,0,38,Growth
CUST0465,2024-07-01,24,38,0,49,Growth
CUST0465,2024-08-01,25,35,0,21,Growth
CUST0465,2024-09-01,24,22,0,39,Growth
CUST0465,2024-10-01,3,37,1,14,Growth
CUST0465,2024-11-01,31,25,0,23,Growth
CUST0465,2024-12-01,45,28,1,33,Enterprise
CUST0465,2025-01-01,72,46,0,35,Enterprise
CUST0465,2025-02-01,70,45,2,69,Enterprise
CUST0465,2025-03-01,58,41,0,61,Enterprise
CUST0465,2025-04-01,38,43,0,5,Enterprise
CUST0465,2025-05-01,38,44,1,15,Enterprise
CUST0465,2025-06-01,53,30,0,52,Enterprise
CUST0465,2025-07-01,39,39,0,49,Enterprise
CUST0465,2025-08-01,11,27,1,20,Enterprise
CUST0465,2025-09-01,42,26,0,5,Enterprise
CUST0465,2025-10-01,35,25,0,49,Enterprise
CUST0465,2025-11-01,53,39,0,-3,Enterprise
CUST0465,2025-12-01,45,20,0,22,Enterprise
CUST0466,2025-04-01,44,1,0,7,Enterprise
CUST0466,2025-05-01,19,1,0,5,Enterprise
CUST0466,2025-06-01,43,1,0,18,Enterprise
CUST0466,2025-07-01,69,1,0,21,Enterprise
CUST0466,2025-08-01,33,1,1,4,Enterprise
CUST0466,2025-09-01,55,1,1,91,Enterprise
CUST0466,2025-10-01,31,1,3,18,Enterprise
CUST0466,2025-11-01,36,1,1,42,Enterprise
CUST0466,2025-12-01,59,1,1,21,Enterprise
CUST0467,2025-03-01,10,1,0,44,Starter
CUST0467,2025-04-01,10,1,1,32,Starter
CUST0467,2025-05-01,11,1,0,20,Starter
CUST0467,2025-06-01,5,1,0,61,Starter
CUST0468,2024-11-01,73,7,0,28,Enterprise
CUST0468,2024-12-01,50,7,0,-10,Enterprise
CUST0468,2025-01-01,49,8,2,49,Enterprise
CUST0468,2025-02-01,41,6,1,59,Enterprise
CUST0468,2025-03-01,41,9,0,68,Enterprise
CUST0468,2025-04-01,39,7,3,38,Enterprise
CUST0468,2025-05-01,56,4,0,67,Enterprise
CUST0468,2025-06-01,36,8,1,39,Enterprise
CUST0468,2025-07-01,45,7,0,89,Enterprise
CUST0468,2025-08-01,60,4,0,30,Enterprise
CUST0469,2024-12-01,4,17,0,-13,Starter
CUST0469,2025-01-01,7,15,0,8,Starter
CUST0469,2025-02-01,9,12,1,48,Starter
CUST0469,2025-03-01,4,15,0,-32,Starter
CUST0469,2025-04-01,7,13,1,30,Starter
CUST0469,2025-05-01,6,18,1,2,Starter
CUST0469,2025-06-01,6,15,0,81,Starter
CUST0469,2025-07-01,10,17,0,11,Starter
CUST0469,2025-08-01,11,12,2,68,Starter
CUST0469,2025-09-01,6,7,0,8,Starter
CUST0469,2025-10-01,10,18,0,85,Starter
CUST0469,2025-11-01,5,16,0,56,Starter
CUST0469,2025-12-01,6,11,0,21,Starter
CUST0470,2024-10-01,8,1,0,18,Starter
CUST0470,2024-11-01,7,1,0,69,Starter
CUST0470,2024-12-01,4,1,1,4,Starter
CUST0470,2025-01-01,9,1,0,60,Starter
CUST0471,2024-12-01,54,8,1,22,Enterprise
CUST0471,2025-01-01,46,15,0,29,Enterprise
CUST0471,2025-02-01,34,15,1,31,Enterprise
CUST0471,2025-03-01,29,17,0,56,Enterprise
CUST0471,2025-04-01,15,10,0,36,Enterprise
CUST0471,2025-05-01,35,18,1,13,Enterprise
CUST0471,2025-06-01,45,16,1,55,Enterprise
CUST0471,2025-07-01,33,15,0,54,Enterprise
CUST0471,2025-08-01,48,18,1,48,Enterprise
CUST0471,2025-09-01,58,11,0,19,Enterprise
CUST0471,2025-10-01,57,7,0,7,Enterprise
CUST0471,2025-11-01,43,8,0,25,Enterprise
CUST0471,2025-12-01,48,14,0,29,Enterprise
CUST0472,2024-02-01,4,87,0,-23,Starter
CUST0472,2024-03-01,4,164,0,16,Starter
CUST0472,2024-04-01,8,166,0,28,Starter
CUST0472,2024-05-01,9,89,0,35,Starter
CUST0472,2024-06-01,9,185,0,39,Starter
CUST0472,2024-07-01,10,178,1,80,Starter
CUST0472,2024-08-01,6,111,1,13,Starter
CUST0472,2024-09-01,8,110,0,29,Starter
CUST0472,2024-10-01,9,172,1,21,Starter
CUST0472,2024-11-01,5,130,0,55,Starter
CUST0472,2024-12-01,8,93,0,47,Starter
CUST0472,2025-01-01,8,112,2,13,Starter
CUST0472,2025-02-01,2,115,0,36,Starter
CUST0473,2024-12-01,34,1,0,26,Growth
CUST0473,2025-01-01,23,1,0,24,Growth
CUST0473,2025-02-01,18,1,1,11,Growth
CUST0473,2025-03-01,16,1,1,42,Growth
CUST0473,2025-04-01,29,1,1,36,Growth
CUST0473,2025-05-01,25,1,0,63,Growth
CUST0473,2025-06-01,22,1,0,26,Growth
CUST0473,2025-07-01,25,1,0,25,Growth
CUST0473,2025-08-01,20,1,0,18,Growth
CUST0473,2025-09-01,14,1,0,-10,Growth
CUST0473,2025-10-01,18,1,0,47,Growth
CUST0473,2025-11-01,32,1,0,23,Growth
CUST0473,2025-12-01,20,1,0,36,Growth
CUST0474,2025-07-01,22,179,3,20,Growth
CUST0474,2025-08-01,16,151,0,47,Growth
CUST0474,2025-09-01,15,142,1,0,Growth
CUST0474,2025-10-01,34,130,1,89,Growth
CUST0474,2025-11-01,15,126,0,15,Growth
CUST0474,2025-12-01,14,116,1,24,Growth
CUST0475,2024-07-01,23,8,1,-2,Enterprise
CUST0475,2024-08-01,55,8,0,0,Enterprise
CUST0475,2024-09-01,59,12,1,61,Enterprise
CUST0475,2024-10-01,37,13,1,11,Enterprise
CUST0475,2024-11-01,39,18,2,31,Enterprise
CUST0475,2024-12-01,64,12,1,22,Enterprise
CUST0475,2025-01-01,28,16,0,5,Enterprise
CUST0475,2025-02-01,34,14,1,30,Enterprise
CUST0475,2025-03-01,46,13,0,31,Enterprise
CUST0475,2025-04-01,14,18,2,16,Enterprise
CUST0475,2025-05-01,56,19,0,16,Enterprise
CUST0475,2025-06-01,22,11,0,60,Enterprise
CUST0475,2025-07-01,32,11,0,31,Enterprise
CUST0475,2025-08-01,73,14,0,43,Enterprise
CUST0475,2025-09-01,60,18,0,16,Enterprise
CUST0475,2025-10-01,23,13,0,-16,Enterprise
CUST0475,2025-11-01,56,15,1,46,Enterprise
CUST0475,2025-12-01,44,12,0,27,Enterprise
CUST0476,2024-11-01,9,40,0,19,Starter
CUST0476,2024-12-01,7,24,1,49,Starter
CUST0476,2025-01-01,9,31,1,84,Starter
CUST0476,2025-02-01,7,25,1,15,Starter
CUST0476,2025-03-01,6,43,0,45,Starter
CUST0476,2025-04-01,9,45,0,63,Starter
CUST0476,2025-05-01,12,43,1,56,Starter
CUST0476,2025-06-01,8,46,0,23,Starter
CUST0476,2025-07-01,6,36,0,16,Starter
CUST0476,2025-08-01,6,41,1,48,Starter
CUST0477,2024-09-01,13,4,1,33,Growth
CUST0477,2024-10-01,22,2,0,47,Growth
CUST0477,2024-11-01,28,4,1,24,Growth
CUST0477,2024-12-01,24,1,2,60,Growth
CUST0478,2024-07-01,3,1,0,-17,Starter
CUST0478,2024-08-01,6,1,0,21,Starter
CUST0478,2024-09-01,7,1,0,25,Starter
CUST0478,2024-10-01,10,1,0,15,Starter
CUST0478,2024-11-01,4,1,1,-19,Starter
CUST0478,2024-12-01,8,1,0,62,Starter
CUST0478,2025-01-01,10,1,0,58,Starter
CUST0479,2025-03-01,18,3,0,19,Growth
CUST0479,2025-04-01,17,3,2,52,Growth
CUST0479,2025-05-01,13,4,0,46,Growth
CUST0479,2025-06-01,22,3,0,64,Growth
CUST0479,2025-07-01,28,1,0,52,Growth
CUST0479,2025-08-01,15,3,0,22,Growth
CUST0479,2025-09-01,28,4,0,2,Growth
CUST0480,2024-07-01,4,190,1,34,Starter
CUST0480,2024-08-01,3,148,0,-25,Starter
CUST0480,2024-09-01,7,81,0,54,Starter
CUST0480,2024-10-01,2,188,0,55,Starter
CUST0481,2025-03-01,7,14,0,6,Starter
CUST0481,2025-04-01,5,12,0,52,Starter
CUST0481,2025-05-01,6,14,0,53,Starter
CUST0481,2025-06-01,8,7,0,91,Starter
CUST0481,2025-07-01,5,10,1,31,Starter
CUST0481,2025-08-01,10,17,0,48,Starter
CUST0481,2025-09-01,7,8,1,40,Starter
CUST0481,2025-10-01,8,16,0,83,Starter
CUST0481,2025-11-01,7,16,0,-2,Starter
CUST0481,2025-12-01,3,8,0,-5,Starter
CUST0482,2024-11-01,10,3,1,77,Starter
CUST0482,2024-12-01,9,4,0,35,Starter
CUST0482,2025-01-01,8,3,1,23,Starter
CUST0482,2025-02-01,12,4,2,80,Starter
CUST0483,2024-03-01,7,1,1,28,Starter
CUST0483,2024-04-01,6,1,1,100,Starter
CUST0483,2024-05-01,7,1,0,39,Starter
CUST0483,2024-06-01,6,1,1,44,Starter
CUST0483,2024-07-01,6,1,0,14,Starter
CUST0483,2024-08-01,7,1,0,55,Starter
CUST0483,2024-09-01,6,1,0,2,Starter
CUST0483,2024-10-01,10,1,0,12,Starter
CUST0483,2024-11-01,8,1,0,81,Starter
CUST0483,2024-12-01,16,1,0,36,Starter
CUST0483,2025-01-01,10,1,0,47,Starter
CUST0483,2025-02-01,5,1,2,34,Starter
CUST0483,2025-03-01,6,1,0,65,Starter
CUST0483,2025-04-01,12,1,0,30,Starter
CUST0483,2025-05-01,3,1,0,13,Starter
CUST0483,2025-06-01,5,1,0,14,Starter
CUST0483,2025-07-01,6,1,0,22,Starter
CUST0483,2025-08-01,9,1,0,54,Starter
CUST0483,2025-09-01,8,1,0,19,Starter
CUST0483,2025-10-01,5,1,0,37,Starter
CUST0483,2025-11-01,7,1,0,40,Starter
CUST0483,2025-12-01,8,1,0,37,Starter
CUST0484,2024-06-01,23,1,2,13,Growth
CUST0484,2024-07-01,8,1,0,-11,Growth
CUST0484,2024-08-01,26,1,0,44,Growth
CUST0484,2024-09-01,16,1,1,86,Growth
CUST0484,2024-10-01,33,1,1,9,Growth
CUST0484,2024-11-01,23,1,1,53,Growth
CUST0484,2024-12-01,42,1,1,76,Enterprise
CUST0484,2025-01-01,38,1,0,22,Enterprise
CUST0484,2025-02-01,49,1,0,39,Enterprise
CUST0484,2025-03-01,72,1,1,12,Enterprise
CUST0484,2025-04-01,31,1,0,42,Enterprise
CUST0484,2025-05-01,66,1,2,28,Enterprise
CUST0484,2025-06-01,11,1,0,13,Enterprise
CUST0484,2025-07-01,48,1,0,36,Enterprise
CUST0484,2025-08-01,54,1,0,7,Enterprise
CUST0484,2025-09-01,44,1,0,29,Enterprise
CUST0484,2025-10-01,13,1,0,26,Enterprise
CUST0484,2025-11-01,50,1,0,22,Enterprise
CUST0484,2025-12-01,53,1,1,53,Enterprise
CUST0485,2024-11-01,40,9,1,44,Enterprise
CUST0485,2024-12-01,39,18,0,29,Enterprise
CUST0485,2025-01-01,71,16,1,37,Enterprise
CUST0485,2025-02-01,24,18,0,29,Enterprise
CUST0485,2025-03-01,69,16,1,52,Enterprise
CUST0485,2025-04-01,33,16,1,56,Enterprise
CUST0485,2025-05-01,27,9,1,-28,Enterprise
CUST0485,2025-06-01,31,18,0,55,Enterprise
CUST0485,2025-07-01,46,15,1,28,Enterprise
CUST0485,2025-08-01,59,17,1,79,Enterprise
CUST0485,2025-09-01,35,8,1,34,Enterprise
CUST0485,2025-10-01,51,14,0,23,Enterprise
CUST0485,2025-11-01,20,13,0,5,Enterprise
CUST0485,2025-12-01,69,13,0,59,Enterprise
CUST0486,2024-09-01,14,23,0,10,Starter
CUST0486,2024-10-01,11,29,0,-6,Starter
CUST0486,2024-11-01,10,39,1,41,Starter
CUST0486,2024-12-01,2,26,1,23,Starter
CUST0486,2025-01-01,7,35,0,42,Starter
CUST0486,2025-02-01,5,44,1,80,Starter
CUST0486,2025-03-01,4,41,0,59,Starter
CUST0486,2025-04-01,7,45,1,30,Starter
CUST0486,2025-05-01,11,36,2,56,Starter
CUST0486,2025-06-01,5,21,1,67,Starter
CUST0486,2025-07-01,12,42,0,43,Starter
CUST0486,2025-08-01,7,30,0,40,Starter
CUST0486,2025-09-01,8,40,0,58,Starter
CUST0486,2025-10-01,10,38,1,63,Starter
CUST0486,2025-11-01,9,30,0,35,Starter
CUST0486,2025-12-01,2,18,1,28,Starter
CUST0487,2024-08-01,16,2,0,52,Growth
CUST0487,2024-09-01,23,4,0,34,Growth
CUST0487,2024-10-01,16,1,0,68,Growth
CUST0487,2024-11-01,5,2,0,-16,Growth
CUST0488,2024-10-01,35,1,2,65,Enterprise
CUST0488,2024-11-01,62,1,0,25,Enterprise
CUST0488,2024-12-01,55,1,0,54,Enterprise
CUST0488,2025-01-01,34,1,0,51,Enterprise
CUST0488,2025-02-01,31,1,0,22,Enterprise
CUST0488,2025-03-01,56,1,2,33,Enterprise
CUST0488,2025-04-01,38,1,0,17,Enterprise
CUST0488,2025-05-01,17,1,0,29,Enterprise
CUST0488,2025-06-01,55,1,0,35,Enterprise
CUST0488,2025-07-01,54,1,1,5,Enterprise
CUST0488,2025-08-01,55,1,0,68,Enterprise
CUST0488,2025-09-01,21,1,0,20,Enterprise
CUST0488,2025-10-01,39,1,0,58,Enterprise
CUST0488,2025-11-01,48,1,1,51,Enterprise
CUST0488,2025-12-01,53,1,0,35,Enterprise
CUST0489,2024-06-01,10,151,0,75,Starter
CUST0489,2024-07-01,1,117,1,-16,Starter
CUST0489,2024-08-01,10,191,0,55,Starter
CUST0489,2024-09-01,5,95,0,100,Starter
CUST0489,2024-10-01,11,97,0,37,Starter
CUST0489,2024-11-01,8,93,1,12,Starter
CUST0489,2024-12-01,25,141,0,38,Growth
CUST0489,2025-01-01,23,145,2,30,Growth
CUST0489,2025-02-01,27,146,0,11,Growth
CUST0489,2025-03-01,17,143,0,44,Growth
CUST0489,2025-04-01,10,191,0,31,Growth
CUST0489,2025-05-01,19,144,0,7,Growth
CUST0489,2025-06-01,21,167,1,-8,Growth
CUST0489,2025-07-01,8,109,1,45,Growth
CUST0489,2025-08-01,9,84,0,7,Growth
CUST0489,2025-09-01,29,183,0,95,Growth
CUST0489,2025-10-01,9,175,0,16,Growth
CUST0489,2025-11-01,27,162,0,21,Growth
CUST0489,2025-12-01,27,171,0,75,Growth
CUST0490,2024-05-01,4,14,0,6,Starter
CUST0490,2024-06-01,10,19,0,27,Starter
CUST0490,2024-07-01,11,18,0,24,Starter
CUST0490,2024-08-01,8,15,1,20,Starter
CUST0490,2024-09-01,7,15,0,-4,Starter
CUST0490,2024-10-01,7,13,0,65,Starter
CUST0490,2024-11-01,13,10,0,31,Starter
CUST0490,2024-12-01,9,17,0,37,Starter
CUST0491,2024-12-01,6,1,0,14,Starter
CUST0491,2025-01-01,12,1,0,2,Starter
CUST0491,2025-02-01,0,1,0,20,Starter
CUST0491,2025-03-01,4,1,0,-3,Starter
CUST0491,2025-04-01,11,1,1,31,Starter
CUST0491,2025-05-01,5,1,0,51,Starter
CUST0491,2025-06-01,11,1,1,55,Starter
CUST0491,2025-07-01,6,1,0,69,Starter
CUST0491,2025-08-01,8,1,0,42,Starter
CUST0491,2025-09-01,4,1,0,-9,Starter
CUST0491,2025-10-01,8,1,0,-2,Starter
CUST0491,2025-11-01,5,1,0,31,Starter
CUST0491,2025-12-01,4,1,0,-10,Starter
CUST0492,2024-11-01,22,5,0,37,Growth
CUST0492,2024-12-01,24,7,0,30,Growth
CUST0492,2025-01-01,19,5,0,45,Growth
CUST0492,2025-02-01,14,5,0,52,Growth
CUST0492,2025-03-01,12,8,0,-6,Growth
CUST0492,2025-04-01,16,7,0,24,Growth
CUST0492,2025-05-01,20,8,0,24,Growth
CUST0492,2025-06-01,18,4,0,67,Growth
CUST0492,2025-07-01,28,7,1,0,Growth
CUST0492,2025-08-01,17,4,0,46,Growth
CUST0492,2025-09-01,6,4,2,-9,Growth
CUST0492,2025-10-01,25,7,0,19,Growth
CUST0492,2025-11-01,24,8,0,45,Growth
CUST0492,2025-12-01,9,8,1,-28,Growth
CUST0493,2024-10-01,12,1,1,-3,Growth
CUST0493,2024-11-01,28,1,0,91,Growth
CUST0493,2024-12-01,12,1,2,29,Growth
CUST0493,2025-01-01,29,1,0,33,Growth
CUST0493,2025-02-01,12,1,1,-5,Growth
CUST0494,2025-03-01,42,3,0,59,Enterprise
CUST0494,2025-04-01,54,3,0,23,Enterprise
CUST0494,2025-05-01,60,2,0,34,Enterprise
CUST0494,2025-06-01,52,4,0,46,Enterprise
CUST0494,2025-07-01,36,2,0,30,Enterprise
CUST0494,2025-08-01,31,2,1,67,Enterprise
CUST0494,2025-09-01,62,4,0,66,Enterprise
CUST0494,2025-10-01,31,2,1,65,Enterprise
CUST0494,2025-11-01,33,2,3,42,Enterprise
CUST0494,2025-12-01,17,4,0,35,Enterprise
CUST0495,2024-03-01,8,1,0,62,Starter
CUST0495,2024-04-01,9,1,1,44,Starter
CUST0495,2024-05-01,7,1,0,43,Starter
CUST0495,2024-06-01,8,1,0,46,Starter
CUST0495,2024-07-01,8,1,1,39,Starter
CUST0495,2024-08-01,9,1,1,44,Starter
CUST0495,2024-09-01,11,1,0,28,Starter
CUST0495,2024-10-01,9,1,0,40,Starter
CUST0495,2024-11-01,10,1,1,46,Starter
CUST0495,2024-12-01,13,1,0,56,Starter
CUST0495,2025-01-01,6,1,1,39,Starter
CUST0495,2025-02-01,4,1,0,-27,Starter
CUST0495,2025-03-01,7,1,0,-20,Starter
CUST0495,2025-04-01,6,1,0,64,Starter
CUST0495,2025-05-01,11,1,0,64,Starter
CUST0495,2025-06-01,7,1,0,18,Starter
CUST0496,2024-05-01,62,2,1,85,Enterprise
CUST0496,2024-06-01,49,3,0,47,Enterprise
CUST0496,2024-07-01,41,3,1,-9,Enterprise
CUST0496,2024-08-01,42,3,1,28,Enterprise
CUST0496,2024-09-01,52,2,1,52,Enterprise
CUST0496,2024-10-01,43,3,2,13,Enterprise
CUST0496,2024-11-01,49,3,0,55,Enterprise
CUST0496,2024-12-01,24,3,0,15,Enterprise
CUST0496,2025-01-01,40,3,0,-1,Enterprise
CUST0496,2025-02-01,41,2,1,23,Enterprise
CUST0496,2025-03-01,57,3,1,71,Enterprise
CUST0496,2025-04-01,83,3,1,37,Enterprise
CUST0496,2025-05-01,29,3,1,24,Enterprise
CUST0496,2025-06-01,51,3,2,17,Enterprise
CUST0496,2025-07-01,37,2,0,75,Enterprise
CUST0496,2025-08-01,49,2,0,7,Enterprise
CUST0496,2025-09-01,38,3,1,-8,Enterprise
CUST0496,2025-10-01,54,4,1,46,Enterprise
CUST0496,2025-11-01,33,3,0,28,Enterprise
CUST0496,2025-12-01,47,2,0,58,Enterprise
CUST0497,2024-12-01,11,4,0,10,Growth
CUST0497,2025-01-01,28,4,0,38,Growth
CUST0497,2025-02-01,22,4,0,74,Growth
CUST0497,2025-03-01,20,4,0,73,Growth
CUST0497,2025-04-01,17,4,0,65,Growth
CUST0497,2025-05-01,21,3,1,60,Growth
CUST0497,2025-06-01,26,4,1,36,Growth
CUST0497,2025-07-01,18,3,0,25,Growth
CUST0497,2025-08-01,18,2,1,34,Growth
CUST0497,2025-09-01,25,2,0,77,Growth
CUST0497,2025-10-01,12,2,0,-26,Growth
CUST0497,2025-11-01,17,1,0,34,Growth
CUST0497,2025-12-01,10,2,0,10,Growth
CUST0498,2024-11-01,8,76,1,26,Starter
CUST0498,2024-12-01,5,61,0,31,Starter
CUST0498,2025-01-01,8,79,0,32,Starter
CUST0498,2025-02-01,9,57,1,31,Starter
CUST0498,2025-03-01,4,79,0,29,Starter
CUST0498,2025-04-01,8,44,0,60,Starter
CUST0498,2025-05-01,29,64,0,19,Growth
CUST0498,2025-06-01,17,63,0,50,Growth
CUST0498,2025-07-01,22,60,0,41,Growth
CUST0498,2025-08-01,24,97,0,39,Growth
CUST0498,2025-09-01,27,38,2,14,Growth
CUST0498,2025-10-01,24,52,1,58,Growth
CUST0498,2025-11-01,12,49,1,-29,Growth
CUST0498,2025-12-01,14,76,0,-11,Growth
CUST0499,2024-03-01,18,18,0,30,Growth
CUST0499,2024-04-01,22,8,0,41,Growth
CUST0499,2024-05-01,13,19,0,-16,Growth
CUST0499,2024-06-01,14,11,0,21,Growth
CUST0499,2024-07-01,25,12,0,25,Growth
CUST0499,2024-08-01,18,8,0,33,Growth
CUST0499,2024-09-01,21,16,0,35,Growth
CUST0499,2024-10-01,26,9,1,85,Growth
CUST0499,2024-11-01,32,11,2,39,Growth
CUST0499,2024-12-01,23,8,1,38,Growth
CUST0499,2025-01-01,10,18,0,3,Growth
CUST0500,2025-05-01,62,45,2,18,Enterprise
CUST0500,2025-06-01,20,86,0,28,Enterprise
CUST0500,2025-07-01,29,61,0,45,Enterprise
CUST0500,2025-08-01,51,46,1,65,Enterprise
CUST0500,2025-09-01,59,84,0,11,Enterprise
CUST0500,2025-10-01,52,94,1,53,Enterprise
CUST0500,2025-11-01,28,66,1,14,Enterprise
CUST0500,2025-12-01,52,70,2,46,Enterprise
CUST0501,2024-12-01,73,27,0,47,Enterprise
CUST0501,2025-01-01,40,44,0,-30,Enterprise
CUST0502,2024-10-01,15,1,0,100,Growth
CUST0502,2024-11-01,24,1,1,-2,Growth
CUST0502,2024-12-01,24,1,0,53,Growth
CUST0502,2025-01-01,16,1,0,40,Growth
CUST0502,2025-02-01,23,1,0,27,Growth
CUST0502,2025-03-01,27,1,1,22,Growth
CUST0502,2025-04-01,27,1,0,26,Growth
CUST0502,2025-05-01,14,1,0,76,Growth
CUST0502,2025-06-01,19,1,1,17,Growth
CUST0502,2025-07-01,8,1,1,-15,Growth
CUST0502,2025-08-01,20,1,0,45,Growth
CUST0502,2025-09-01,15,1,1,44,Growth
CUST0502,2025-10-01,20,1,0,41,Growth
CUST0502,2025-11-01,25,1,0,10,Growth
CUST0502,2025-12-01,13,1,0,18,Growth
CUST0503,2024-04-01,19,42,0,50,Growth
CUST0503,2024-05-01,22,28,0,44,Growth
CUST0503,2024-06-01,21,21,0,17,Growth
CUST0503,2024-07-01,20,47,1,35,Growth
CUST0503,2024-08-01,16,29,0,47,Growth
CUST0503,2024-09-01,11,31,2,-13,Growth
CUST0503,2024-10-01,22,25,1,47,Growth
CUST0503,2024-11-01,10,46,0,-49,Growth
CUST0503,2024-12-01,12,26,2,8,Growth
CUST0503,2025-01-01,16,24,0,19,Growth
CUST0503,2025-02-01,18,47,0,11,Growth
CUST0503,2025-03-01,17,39,0,77,Growth
CUST0503,2025-04-01,21,47,0,18,Growth
CUST0503,2025-05-01,24,32,2,48,Growth
CUST0503,2025-06-01,26,41,0,0,Growth
CUST0503,2025-07-01,24,22,0,65,Growth
CUST0503,2025-08-01,7,35,0,5,Growth
CUST0503,2025-09-01,12,43,0,1,Growth
CUST0503,2025-10-01,0,44,0,22,Growth
CUST0503,2025-11-01,24,32,1,54,Growth
CUST0503,2025-12-01,22,45,0,42,Growth
CUST0504,2025-01-01,5,38,0,17,Starter
CUST0504,2025-02-01,7,36,1,66,Starter
CUST0504,2025-03-01,9,38,2,76,Starter
CUST0504,2025-04-01,5,36,0,18,Starter
CUST0504,2025-05-01,2,35,1,1,Starter
CUST0504,2025-06-01,6,19,0,56,Starter
CUST0505,2024-02-01,35,18,0,83,Enterprise
CUST0505,2024-03-01,53,18,1,77,Enterprise
CUST0505,2024-04-01,58,11,1,31,Enterprise
CUST0506,2025-02-01,15,39,1,56,Growth
CUST0506,2025-03-01,16,94,0,42,Growth
CUST0506,2025-04-01,22,62,1,61,Growth
CUST0506,2025-05-01,11,60,0,-11,Growth
CUST0506,2025-06-01,32,91,0,52,Growth
CUST0506,2025-07-01,21,87,0,19,Growth
CUST0506,2025-08-01,72,76,0,4,Enterprise
CUST0506,2025-09-01,40,39,1,90,Enterprise
CUST0506,2025-10-01,37,47,0,73,Enterprise
CUST0506,2025-11-01,46,39,0,18,Enterprise
CUST0506,2025-12-01,50,51,0,-22,Enterprise
CUST0507,2024-06-01,17,1,0,69,Growth
CUST0507,2024-07-01,21,1,0,7,Growth
CUST0507,2024-08-01,7,1,0,28,Growth
CUST0507,2024-09-01,23,1,0,63,Growth
CUST0507,2024-10-01,29,1,0,38,Growth
CUST0507,2024-11-01,12,1,0,19,Growth
CUST0507,2024-12-01,35,1,0,34,Growth
CUST0507,2025-01-01,19,1,0,24,Growth
CUST0507,2025-02-01,24,1,0,66,Growth
CUST0507,2025-03-01,16,1,0,12,Growth
CUST0507,2025-04-01,2,1,0,16,Growth
CUST0507,2025-05-01,14,1,0,4,Growth
CUST0507,2025-06-01,17,1,0,43,Growth
CUST0507,2025-07-01,13,1,1,63,Growth
CUST0507,2025-08-01,24,1,1,24,Growth
CUST0507,2025-09-01,24,1,2,38,Growth
CUST0507,2025-10-01,22,1,0,25,Growth
CUST0507,2025-11-01,34,1,0,55,Growth
CUST0507,2025-12-01,20,1,0,21,Growth
CUST0508,2025-10-01,28,1,0,23,Growth
CUST0508,2025-11-01,18,1,0,63,Growth
CUST0508,2025-12-01,17,1,0,60,Growth
CUST0509,2024-07-01,12,1,0,52,Starter
CUST0509,2024-08-01,5,1,0,34,Starter
CUST0509,2024-09-01,9,1,0,37,Starter
CUST0509,2024-10-01,5,1,0,69,Starter
CUST0509,2024-11-01,6,1,0,63,Starter
CUST0510,2024-10-01,7,1,0,34,Starter
CUST0510,2024-11-01,6,1,0,96,Starter
CUST0510,2024-12-01,4,1,0,21,Starter
CUST0510,2025-01-01,8,1,1,41,Starter
CUST0510,2025-02-01,14,1,0,10,Starter
CUST0510,2025-03-01,10,1,0,24,Starter
CUST0510,2025-04-01,8,1,0,35,Starter
CUST0510,2025-05-01,7,1,0,31,Starter
CUST0510,2025-06-01,13,1,1,55,Starter
CUST0510,2025-07-01,8,1,0,77,Starter
CUST0510,2025-08-01,12,1,0,54,Starter
CUST0510,2025-09-01,10,1,0,38,Starter
CUST0510,2025-10-01,14,1,0,26,Starter
CUST0510,2025-11-01,9,1,1,27,Starter
CUST0510,2025-12-01,14,1,0,55,Starter
CUST0511,2024-12-01,13,1,0,26,Starter
CUST0511,2025-01-01,5,1,0,45,Starter
CUST0511,2025-02-01,7,1,0,55,Starter
CUST0511,2025-03-01,10,1,0,-5,Starter
CUST0511,2025-04-01,13,1,0,46,Starter
CUST0511,2025-05-01,9,1,0,77,Starter
CUST0511,2025-06-01,5,1,1,21,Starter
CUST0511,2025-07-01,6,1,0,61,Starter
CUST0512,2024-07-01,13,53,1,74,Growth
CUST0512,2024-08-01,9,73,0,17,Growth
CUST0512,2024-09-01,27,89,1,36,Growth
CUST0512,2024-10-01,29,50,1,16,Growth
CUST0512,2024-11-01,11,78,0,-10,Growth
CUST0512,2024-12-01,28,67,1,78,Growth
CUST0512,2025-01-01,24,46,0,19,Growth
CUST0512,2025-02-01,19,52,0,39,Growth
CUST0512,2025-03-01,8,72,0,16,Growth
CUST0512,2025-04-01,26,73,1,35,Growth
CUST0512,2025-05-01,22,51,0,1,Growth
CUST0512,2025-06-01,20,79,0,29,Growth
CUST0512,2025-07-01,33,78,0,28,Growth
CUST0512,2025-08-01,33,86,1,37,Growth
CUST0512,2025-09-01,9,82,0,17,Growth
CUST0512,2025-10-01,14,96,0,54,Growth
CUST0512,2025-11-01,32,84,1,66,Growth
CUST0512,2025-12-01,18,95,0,74,Growth
CUST0513,2025-05-01,9,1,0,8,Starter
CUST0513,2025-06-01,10,1,1,45,Starter
CUST0513,2025-07-01,8,1,1,69,Starter
CUST0513,2025-08-01,12,1,0,15,Starter
CUST0513,2025-09-01,5,1,2,68,Starter
CUST0514,2024-11-01,17,9,0,18,Growth
CUST0514,2024-12-01,14,5,1,50,Growth
CUST0514,2025-01-01,29,5,0,51,Growth
CUST0514,2025-02-01,24,4,1,36,Growth
CUST0514,2025-03-01,13,6,1,29,Growth
CUST0514,2025-04-01,16,5,0,65,Growth
CUST0514,2025-05-01,30,5,1,18,Enterprise
CUST0514,2025-06-01,17,8,0,23,Enterprise
CUST0514,2025-07-01,95,4,0,48,Enterprise
CUST0514,2025-08-01,48,6,0,44,Enterprise
CUST0514,2025-09-01,38,5,0,35,Enterprise
CUST0514,2025-10-01,77,3,0,30,Enterprise
CUST0514,2025-11-01,47,8,0,44,Enterprise
CUST0514,2025-12-01,40,6,0,32,Enterprise
CUST0515,2024-02-01,19,1,0,61,Growth
CUST0515,2024-03-01,30,1,1,-5,Growth
CUST0515,2024-04-01,10,1,1,24,Growth
CUST0515,2024-05-01,17,1,0,39,Growth
CUST0515,2024-06-01,18,1,0,44,Growth
CUST0515,2024-07-01,19,1,0,25,Growth
CUST0515,2024-08-01,20,1,1,37,Growth
CUST0515,2024-09-01,19,1,0,56,Growth
CUST0515,2024-10-01,13,1,0,20,Growth
CUST0515,2024-11-01,24,1,0,18,Growth
CUST0515,2024-12-01,18,1,0,32,Growth
CUST0515,2025-01-01,16,1,0,50,Growth
CUST0515,2025-02-01,23,1,0,-37,Growth
CUST0515,2025-03-01,16,1,1,50,Growth
CUST0515,2025-04-01,16,1,0,17,Growth
CUST0515,2025-05-01,20,1,0,44,Growth
CUST0515,2025-06-01,18,1,0,39,Growth
CUST0515,2025-07-01,12,1,0,5,Growth
CUST0515,2025-08-01,18,1,0,17,Growth
CUST0515,2025-09-01,30,1,1,15,Growth
CUST0515,2025-10-01,23,1,1,16,Growth
CUST0515,2025-11-01,23,1,1,25,Growth
CUST0515,2025-12-01,25,1,1,24,Growth
CUST0516,2024-03-01,23,100,0,-5,Growth
CUST0516,2024-04-01,25,144,0,41,Growth
CUST0516,2024-05-01,17,137,0,58,Growth
CUST0516,2024-06-01,21,130,0,76,Growth
CUST0516,2024-07-01,27,137,0,18,Growth
CUST0516,2024-08-01,16,154,0,25,Growth
CUST0517,2025-05-01,0,1,1,-22,Enterprise
CUST0517,2025-06-01,40,1,1,25,Enterprise
CUST0517,2025-07-01,24,1,1,1,Enterprise
CUST0517,2025-08-01,52,1,0,95,Enterprise
CUST0517,2025-09-01,65,1,0,32,Enterprise
CUST0517,2025-10-01,49,1,1,59,Enterprise
CUST0517,2025-11-01,53,1,0,59,Enterprise
CUST0517,2025-12-01,57,1,0,69,Enterprise
CUST0518,2024-09-01,39,3,3,23,Enterprise
CUST0518,2024-10-01,42,3,0,73,Enterprise
CUST0518,2024-11-01,28,3,1,36,Enterprise
CUST0518,2024-12-01,26,4,1,27,Enterprise
CUST0518,2025-01-01,42,2,0,51,Enterprise
CUST0518,2025-02-01,19,3,0,-9,Enterprise
CUST0518,2025-03-01,49,3,0,20,Enterprise
CUST0518,2025-04-01,44,3,0,82,Enterprise
CUST0518,2025-05-01,20,3,0,1,Enterprise
CUST0518,2025-06-01,37,3,1,56,Enterprise
CUST0518,2025-07-01,52,3,0,27,Enterprise
CUST0518,2025-08-01,55,3,0,35,Enterprise
CUST0518,2025-09-01,57,2,1,36,Enterprise
CUST0518,2025-10-01,53,3,0,52,Enterprise
CUST0518,2025-11-01,51,2,2,14,Enterprise
CUST0518,2025-12-01,54,3,0,20,Enterprise
CUST0519,2024-09-01,12,1,3,66,Starter
CUST0519,2024-10-01,11,1,2,42,Starter
CUST0519,2024-11-01,10,1,1,7,Starter
CUST0519,2024-12-01,12,1,0,46,Starter
CUST0519,2025-01-01,14,1,0,45,Starter
CUST0520,2024-09-01,9,1,0,76,Starter
CUST0520,2024-10-01,7,1,0,-6,Starter
CUST0520,2024-11-01,7,1,0,25,Starter
CUST0520,2024-12-01,4,1,0,-3,Starter
CUST0520,2025-01-01,7,1,0,45,Starter
CUST0520,2025-02-01,8,1,0,33,Starter
CUST0520,2025-03-01,20,1,0,54,Growth
CUST0520,2025-04-01,15,1,0,-1,Growth
CUST0520,2025-05-01,18,1,0,42,Growth
CUST0520,2025-06-01,3,1,0,-41,Growth
CUST0520,2025-07-01,24,1,0,22,Growth
CUST0520,2025-08-01,22,1,0,59,Growth
CUST0521,2024-05-01,8,68,0,14,Starter
CUST0521,2024-06-01,11,39,0,21,Starter
CUST0521,2024-07-01,4,94,3,18,Starter
CUST0521,2024-08-01,3,90,0,-17,Starter
CUST0521,2024-09-01,8,62,0,60,Starter
CUST0521,2024-10-01,7,41,1,41,Starter
CUST0521,2024-11-01,9,79,0,60,Starter
CUST0521,2024-12-01,8,45,0,18,Starter
CUST0521,2025-01-01,6,44,0,56,Starter
CUST0521,2025-02-01,4,89,0,14,Starter
CUST0521,2025-03-01,5,61,0,52,Starter
CUST0521,2025-04-01,7,82,0,-9,Starter
CUST0521,2025-05-01,7,96,1,68,Starter
CUST0521,2025-06-01,3,66,0,-21,Starter
CUST0521,2025-07-01,11,76,0,65,Starter
CUST0521,2025-08-01,11,68,0,14,Starter
CUST0521,2025-09-01,7,48,0,43,Starter
CUST0521,2025-10-01,7,59,0,53,Starter
CUST0521,2025-11-01,10,64,0,36,Starter
CUST0521,2025-12-01,4,90,0,22,Starter
CUST0522,2024-09-01,20,1,0,60,Growth
CUST0522,2024-10-01,23,1,1,100,Growth
CUST0522,2024-11-01,20,1,1,57,Growth
CUST0522,2024-12-01,26,1,0,72,Growth
CUST0522,2025-01-01,18,1,0,72,Growth
CUST0522,2025-02-01,22,1,0,58,Growth
CUST0522,2025-03-01,59,1,0,57,Enterprise
CUST0522,2025-04-01,46,1,1,-10,Enterprise
CUST0522,2025-05-01,50,1,0,2,Enterprise
CUST0522,2025-06-01,52,1,1,23,Enterprise
CUST0522,2025-07-01,43,1,0,70,Enterprise
CUST0522,2025-08-01,70,1,0,25,Enterprise
CUST0522,2025-09-01,31,1,1,18,Enterprise
CUST0522,2025-10-01,73,1,1,-8,Enterprise
CUST0522,2025-11-01,46,1,0,52,Enterprise
CUST0522,2025-12-01,43,1,1,46,Enterprise
CUST0523,2024-09-01,31,92,0,74,Enterprise
CUST0523,2024-10-01,69,62,1,15,Enterprise
CUST0523,2024-11-01,12,89,0,-20,Enterprise
CUST0523,2024-12-01,54,52,1,-10,Enterprise
CUST0523,2025-01-01,37,92,0,63,Enterprise
CUST0523,2025-02-01,62,78,2,10,Enterprise
CUST0523,2025-03-01,19,39,1,36,Enterprise
CUST0523,2025-04-01,59,88,1,66,Enterprise
CUST0523,2025-05-01,31,58,1,39,Enterprise
CUST0523,2025-06-01,13,84,1,0,Enterprise
CUST0523,2025-07-01,32,66,0,86,Enterprise
CUST0523,2025-08-01,32,63,1,74,Enterprise
CUST0523,2025-09-01,69,54,0,12,Enterprise
CUST0523,2025-10-01,37,66,0,34,Enterprise
CUST0523,2025-11-01,24,62,0,18,Enterprise
CUST0523,2025-12-01,30,79,1,96,Enterprise
CUST0524,2025-09-01,9,123,1,37,Starter
CUST0524,2025-10-01,7,77,1,-7,Starter
CUST0525,2024-08-01,23,1,0,64,Growth
CUST0525,2024-09-01,9,1,0,-3,Growth
CUST0525,2024-10-01,20,1,0,42,Growth
CUST0525,2024-11-01,26,1,0,25,Growth
CUST0525,2024-12-01,17,1,0,43,Growth
CUST0525,2025-01-01,20,1,0,17,Growth
CUST0525,2025-02-01,20,1,1,46,Growth
CUST0525,2025-03-01,22,1,0,82,Growth
CUST0525,2025-04-01,12,1,1,35,Growth
CUST0525,2025-05-01,12,1,0,5,Growth
CUST0525,2025-06-01,22,1,0,31,Growth
CUST0525,2025-07-01,17,1,1,56,Growth
CUST0525,2025-08-01,6,1,1,88,Growth
CUST0526,2024-05-01,13,8,0,27,Growth
CUST0526,2024-06-01,17,9,1,48,Growth
CUST0526,2024-07-01,28,6,0,23,Growth
CUST0526,2024-08-01,24,8,0,20,Growth
CUST0526,2024-09-01,13,4,0,80,Growth
CUST0526,2024-10-01,33,5,0,48,Growth
CUST0526,2024-11-01,16,5,1,43,Growth
CUST0526,2024-12-01,22,4,0,50,Growth
CUST0526,2025-01-01,16,9,0,87,Growth
CUST0526,2025-02-01,23,7,1,29,Growth
CUST0526,2025-03-01,19,5,0,55,Growth
CUST0526,2025-04-01,16,5,0,84,Growth
CUST0526,2025-05-01,20,5,1,19,Growth
CUST0526,2025-06-01,30,9,0,7,Growth
CUST0526,2025-07-01,10,4,0,43,Growth
CUST0526,2025-08-01,22,4,0,32,Growth
CUST0526,2025-09-01,16,6,1,23,Growth
CUST0526,2025-10-01,27,4,0,53,Growth
CUST0526,2025-11-01,9,5,2,34,Growth
CUST0526,2025-12-01,29,4,1,19,Growth
CUST0527,2024-12-01,28,119,0,36,Growth
CUST0527,2025-01-01,15,81,0,54,Growth
CUST0527,2025-02-01,22,164,1,45,Growth
CUST0527,2025-03-01,19,156,1,49,Growth
CUST0527,2025-04-01,25,95,0,48,Growth
CUST0527,2025-05-01,18,155,1,38,Growth
CUST0527,2025-06-01,25,99,0,55,Growth
CUST0527,2025-07-01,17,139,0,40,Growth
CUST0527,2025-08-01,25,175,0,62,Growth
CUST0527,2025-09-01,28,98,0,24,Growth
CUST0527,2025-10-01,18,145,1,25,Growth
CUST0527,2025-11-01,20,91,0,53,Growth
CUST0527,2025-12-01,5,141,0,35,Growth
CUST0528,2024-11-01,9,77,1,60,Starter
CUST0528,2024-12-01,7,133,0,50,Starter
CUST0528,2025-01-01,3,85,0,35,Starter
CUST0528,2025-02-01,6,88,0,79,Starter
CUST0528,2025-03-01,3,99,0,-2,Starter
CUST0528,2025-04-01,8,173,1,78,Starter
CUST0528,2025-05-01,12,76,0,41,Starter
CUST0528,2025-06-01,9,186,0,50,Starter
CUST0528,2025-07-01,12,90,0,54,Starter
CUST0528,2025-08-01,10,104,0,63,Starter
CUST0528,2025-09-01,6,94,0,46,Starter
CUST0528,2025-10-01,11,106,1,46,Starter
CUST0528,2025-11-01,5,161,0,20,Starter
CUST0528,2025-12-01,9,112,2,2,Starter
CUST0529,2024-04-01,27,29,0,37,Enterprise
CUST0529,2024-05-01,13,21,4,2,Enterprise
CUST0529,2024-06-01,34,33,1,87,Enterprise
CUST0529,2024-07-01,48,24,1,46,Enterprise
CUST0529,2024-08-01,42,37,0,78,Enterprise
CUST0529,2024-09-01,52,23,2,60,Enterprise
CUST0529,2024-10-01,51,29,2,46,Enterprise
CUST0529,2024-11-01,76,22,1,28,Enterprise
CUST0529,2024-12-01,51,34,4,31,Enterprise
CUST0529,2025-01-01,50,24,0,29,Enterprise
CUST0529,2025-02-01,35,35,1,8,Enterprise
CUST0529,2025-03-01,47,26,0,81,Enterprise
CUST0529,2025-04-01,19,27,2,-3,Enterprise
CUST0529,2025-05-01,27,30,2,5,Enterprise
CUST0529,2025-06-01,13,43,0,-27,Enterprise
CUST0529,2025-07-01,27,19,1,-7,Enterprise
CUST0529,2025-08-01,38,33,1,30,Enterprise
CUST0529,2025-09-01,44,41,1,62,Enterprise
CUST0529,2025-10-01,44,31,0,45,Enterprise
CUST0529,2025-11-01,75,24,0,36,Enterprise
CUST0529,2025-12-01,31,37,0,60,Enterprise
CUST0530,2025-02-01,49,28,0,48,Enterprise
CUST0530,2025-03-01,55,21,0,59,Enterprise
CUST0530,2025-04-01,73,37,1,69,Enterprise
CUST0530,2025-05-01,29,48,0,23,Enterprise
CUST0530,2025-06-01,57,27,1,37,Enterprise
CUST0530,2025-07-01,21,30,1,5,Enterprise
CUST0530,2025-08-01,35,34,1,0,Enterprise
CUST0530,2025-09-01,49,41,0,55,Enterprise
CUST0530,2025-10-01,32,27,0,42,Enterprise
CUST0530,2025-11-01,12,29,1,31,Enterprise
CUST0530,2025-12-01,49,37,1,74,Enterprise
CUST0531,2024-08-01,7,40,1,24,Starter
CUST0531,2024-09-01,12,78,0,41,Starter
CUST0531,2024-10-01,4,54,0,1,Starter
CUST0531,2024-11-01,8,68,0,43,Starter
CUST0531,2024-12-01,7,68,0,42,Starter
CUST0531,2025-01-01,5,60,0,41,Starter
CUST0531,2025-02-01,6,73,0,53,Starter
CUST0531,2025-03-01,8,96,1,27,Starter
CUST0532,2024-04-01,6,1,0,29,Starter
CUST0532,2024-05-01,9,1,0,-4,Starter
CUST0532,2024-06-01,2,1,1,-27,Starter
CUST0532,2024-07-01,8,1,0,23,Starter
CUST0532,2024-08-01,5,1,0,60,Starter
CUST0532,2024-09-01,7,1,0,51,Starter
CUST0532,2024-10-01,9,1,0,62,Starter
CUST0532,2024-11-01,8,1,1,9,Starter
CUST0532,2024-12-01,6,1,0,86,Starter
CUST0532,2025-01-01,9,1,1,11,Starter
CUST0532,2025-02-01,7,1,0,67,Starter
CUST0532,2025-03-01,10,1,0,53,Starter
CUST0532,2025-04-01,7,1,0,49,Starter
CUST0532,2025-05-01,8,1,0,-5,Starter
CUST0532,2025-06-01,5,1,1,63,Starter
CUST0532,2025-07-01,8,1,0,28,Starter
CUST0532,2025-08-01,8,1,0,58,Starter
CUST0532,2025-09-01,10,1,0,52,Starter
CUST0533,2024-11-01,16,8,2,-8,Growth
CUST0533,2024-12-01,21,7,0,68,Growth
CUST0533,2025-01-01,15,4,1,68,Growth
CUST0533,2025-02-01,19,4,0,49,Growth
CUST0533,2025-03-01,24,4,0,100,Growth
CUST0533,2025-04-01,19,8,0,38,Growth
CUST0533,2025-05-01,27,4,1,7,Enterprise
CUST0533,2025-06-01,45,9,0,69,Enterprise
CUST0533,2025-07-01,26,4,0,13,Enterprise
CUST0533,2025-08-01,33,9,1,52,Enterprise
CUST0533,2025-09-01,30,9,0,19,Enterprise
CUST0533,2025-10-01,65,5,0,25,Enterprise
CUST0533,2025-11-01,56,5,1,44,Enterprise
CUST0533,2025-12-01,44,5,0,26,Enterprise
CUST0534,2024-08-01,26,1,0,37,Growth
CUST0534,2024-09-01,20,1,0,58,Growth
CUST0534,2024-10-01,11,1,0,-27,Growth
CUST0534,2024-11-01,20,1,0,43,Growth
CUST0534,2024-12-01,16,1,0,44,Growth
CUST0534,2025-01-01,20,1,0,14,Growth
CUST0534,2025-02-01,17,1,0,30,Growth
CUST0534,2025-03-01,20,1,0,5,Growth
CUST0534,2025-04-01,18,1,0,19,Growth
CUST0534,2025-05-01,24,1,0,53,Growth
CUST0534,2025-06-01,34,1,0,70,Growth
CUST0534,2025-07-01,17,1,0,21,Growth
CUST0534,2025-08-01,20,1,0,92,Growth
CUST0534,2025-09-01,24,1,0,22,Growth
CUST0534,2025-10-01,22,1,0,76,Growth
CUST0534,2025-11-01,16,1,0,40,Growth
CUST0534,2025-12-01,40,1,0,44,Growth
CUST0535,2024-01-01,13,17,0,12,Growth
CUST0535,2024-02-01,17,8,0,39,Growth
CUST0535,2024-03-01,22,18,0,48,Growth
CUST0535,2024-04-01,15,11,0,10,Growth
CUST0535,2024-05-01,28,14,0,22,Growth
CUST0535,2024-06-01,27,13,0,52,Growth
CUST0535,2024-07-01,28,9,0,52,Growth
CUST0535,2024-08-01,8,14,0,26,Growth
CUST0535,2024-09-01,22,8,0,79,Growth
CUST0535,2024-10-01,32,7,0,42,Growth
CUST0535,2024-11-01,15,15,0,9,Growth
CUST0535,2024-12-01,11,17,0,46,Growth
CUST0535,2025-01-01,21,17,0,62,Growth
CUST0535,2025-02-01,16,16,0,47,Growth
CUST0535,2025-03-01,20,16,1,66,Growth
CUST0535,2025-04-01,11,16,0,6,Growth
CUST0535,2025-05-01,23,7,1,58,Growth
CUST0536,2025-08-01,9,56,1,72,Starter
CUST0536,2025-09-01,11,66,0,44,Starter
CUST0536,2025-10-01,8,95,0,-2,Starter
CUST0536,2025-11-01,8,96,0,5,Starter
CUST0536,2025-12-01,5,60,1,36,Starter
CUST0537,2024-08-01,25,1,0,27,Growth
CUST0537,2024-09-01,6,1,0,-12,Growth
CUST0537,2024-10-01,15,1,0,77,Growth
CUST0537,2024-11-01,14,1,0,8,Growth
CUST0537,2024-12-01,19,1,0,24,Growth
CUST0537,2025-01-01,16,1,1,53,Growth
CUST0537,2025-02-01,2,1,0,3,Growth
CUST0537,2025-03-01,17,1,2,15,Growth
CUST0537,2025-04-01,10,1,0,26,Growth
CUST0537,2025-05-01,20,1,1,76,Growth
CUST0537,2025-06-01,13,1,0,58,Growth
CUST0537,2025-07-01,25,1,1,96,Growth
CUST0537,2025-08-01,34,1,1,53,Growth
CUST0537,2025-09-01,23,1,0,61,Growth
CUST0537,2025-10-01,21,1,1,42,Growth
CUST0537,2025-11-01,20,1,1,26,Growth
CUST0537,2025-12-01,13,1,1,44,Growth
CUST0538,2024-08-01,7,159,1,1,Starter
CUST0538,2024-09-01,5,76,0,20,Starter
CUST0538,2024-10-01,7,142,0,41,Starter
CUST0538,2024-11-01,7,162,1,-10,Starter
CUST0538,2024-12-01,13,75,0,57,Starter
CUST0538,2025-01-01,8,146,3,49,Starter
CUST0538,2025-02-01,16,169,0,51,Growth
CUST0538,2025-03-01,30,88,0,40,Growth
CUST0538,2025-04-01,25,169,0,-13,Growth
CUST0538,2025-05-01,19,152,1,12,Growth
CUST0538,2025-06-01,17,134,0,36,Growth
CUST0538,2025-07-01,24,143,1,68,Growth
CUST0538,2025-08-01,25,114,0,-15,Growth
CUST0538,2025-09-01,20,106,1,31,Growth
CUST0538,2025-10-01,22,187,1,32,Growth
CUST0538,2025-11-01,2,146,1,13,Growth
CUST0538,2025-12-01,24,97,1,51,Growth
CUST0539,2024-09-01,9,85,0,56,Starter
CUST0539,2024-10-01,7,110,0,11,Starter
CUST0539,2024-11-01,10,143,0,49,Starter
CUST0539,2024-12-01,7,90,0,88,Starter
CUST0539,2025-01-01,5,123,0,37,Starter
CUST0539,2025-02-01,9,116,0,34,Starter
CUST0539,2025-03-01,7,92,0,31,Starter
CUST0539,2025-04-01,4,149,0,44,Starter
CUST0539,2025-05-01,4,95,1,7,Starter
CUST0539,2025-06-01,2,146,0,5,Starter
CUST0539,2025-07-01,5,185,1,16,Starter
CUST0539,2025-08-01,8,99,0,83,Starter
CUST0539,2025-09-01,7,130,0,9,Starter
CUST0539,2025-10-01,7,165,0,88,Starter
CUST0539,2025-11-01,7,102,0,23,Starter
CUST0539,2025-12-01,8,145,1,59,Starter
CUST0540,2025-01-01,19,1,1,63,Growth
CUST0540,2025-02-01,29,1,0,23,Growth
CUST0540,2025-03-01,17,1,0,33,Growth
CUST0540,2025-04-01,23,1,0,67,Growth
CUST0540,2025-05-01,22,1,1,67,Growth
CUST0540,2025-06-01,26,1,0,28,Growth
CUST0540,2025-07-01,42,1,2,37,Enterprise
CUST0540,2025-08-01,44,1,1,28,Enterprise
CUST0540,2025-09-01,66,1,1,34,Enterprise
CUST0540,2025-10-01,64,1,0,52,Enterprise
CUST0540,2025-11-01,69,1,0,0,Enterprise
CUST0540,2025-12-01,49,1,0,40,Enterprise
CUST0541,2025-02-01,1,2,0,-27,Starter
CUST0541,2025-03-01,5,4,0,13,Starter
CUST0541,2025-04-01,9,4,1,26,Starter
CUST0541,2025-05-01,9,2,0,13,Starter
CUST0541,2025-06-01,3,2,0,-14,Starter
CUST0541,2025-07-01,10,1,0,22,Starter
CUST0541,2025-08-01,7,2,0,51,Starter
CUST0541,2025-09-01,7,2,0,47,Starter
CUST0541,2025-10-01,7,3,0,39,Starter
CUST0541,2025-11-01,6,2,0,0,Starter
CUST0541,2025-12-01,9,2,1,27,Starter
CUST0542,2024-12-01,24,1,0,64,Growth
CUST0542,2025-01-01,10,1,0,25,Growth
CUST0542,2025-02-01,27,1,1,38,Growth
CUST0542,2025-03-01,35,1,1,28,Growth
CUST0542,2025-04-01,27,1,0,36,Growth
CUST0542,2025-05-01,14,1,0,41,Growth
CUST0542,2025-06-01,18,1,0,30,Growth
CUST0542,2025-07-01,6,1,0,35,Growth
CUST0542,2025-08-01,27,1,0,50,Growth
CUST0542,2025-09-01,23,1,0,16,Growth
CUST0542,2025-10-01,3,1,0,14,Growth
CUST0543,2024-01-01,7,1,1,9,Starter
CUST0543,2024-02-01,13,1,1,56,Starter
CUST0543,2024-03-01,5,1,0,-32,Starter
CUST0543,2024-04-01,4,1,0,54,Starter
CUST0543,2024-05-01,12,1,1,21,Starter
CUST0543,2024-06-01,7,1,0,53,Starter
CUST0543,2024-07-01,9,1,0,30,Starter
CUST0543,2024-08-01,9,1,0,11,Starter
CUST0543,2024-09-01,8,1,0,67,Starter
CUST0543,2024-10-01,4,1,1,-17,Starter
CUST0543,2024-11-01,6,1,0,58,Starter
CUST0543,2024-12-01,6,1,1,1,Starter
CUST0543,2025-01-01,7,1,2,16,Starter
CUST0543,2025-02-01,4,1,0,-2,Starter
CUST0543,2025-03-01,9,1,0,11,Starter
CUST0543,2025-04-01,8,1,0,12,Starter
CUST0543,2025-05-01,2,1,0,-26,Starter
CUST0543,2025-06-01,6,1,0,14,Starter
CUST0543,2025-07-01,11,1,0,60,Starter
CUST0543,2025-08-01,10,1,0,-33,Starter
CUST0543,2025-09-01,15,1,0,31,Starter
CUST0543,2025-10-01,13,1,0,72,Starter
CUST0543,2025-11-01,13,1,0,13,Starter
CUST0543,2025-12-01,7,1,1,15,Starter
CUST0544,2024-04-01,8,39,0,62,Starter
CUST0544,2024-05-01,12,89,0,-4,Starter
CUST0544,2024-06-01,8,81,1,23,Starter
CUST0544,2024-07-01,10,54,1,43,Starter
CUST0544,2024-08-01,3,78,0,1,Starter
CUST0544,2024-09-01,8,55,0,29,Starter
CUST0544,2024-10-01,6,90,0,2,Starter
CUST0544,2024-11-01,7,57,0,38,Starter
CUST0544,2024-12-01,4,62,0,44,Starter
CUST0544,2025-01-01,7,76,0,13,Starter
CUST0545,2025-02-01,4,3,0,-4,Starter
CUST0545,2025-03-01,10,2,0,16,Starter
CUST0545,2025-04-01,12,4,1,70,Starter
CUST0545,2025-05-01,7,1,0,51,Starter
CUST0545,2025-06-01,9,3,1,74,Starter
CUST0545,2025-07-01,11,2,0,37,Starter
CUST0545,2025-08-01,4,2,1,-28,Starter
CUST0545,2025-09-01,11,4,0,44,Starter
CUST0545,2025-10-01,7,2,0,8,Starter
CUST0545,2025-11-01,5,2,0,73,Starter
CUST0545,2025-12-01,6,4,1,59,Starter
CUST0546,2024-10-01,10,33,0,64,Starter
CUST0546,2024-11-01,4,47,0,21,Starter
CUST0546,2024-12-01,9,37,1,21,Starter
CUST0546,2025-01-01,6,35,1,74,Starter
CUST0546,2025-02-01,9,22,0,5,Starter
CUST0546,2025-03-01,5,24,0,47,Starter
CUST0546,2025-04-01,5,39,0,55,Starter
CUST0546,2025-05-01,8,45,1,48,Starter
CUST0546,2025-06-01,9,28,0,19,Starter
CUST0546,2025-07-01,9,27,0,52,Starter
CUST0546,2025-08-01,8,36,0,67,Starter
CUST0546,2025-09-01,4,31,1,-52,Starter
CUST0547,2024-09-01,26,86,1,56,Enterprise
CUST0547,2024-10-01,41,91,0,33,Enterprise
CUST0547,2024-11-01,31,70,0,45,Enterprise
CUST0547,2024-12-01,53,87,0,25,Enterprise
CUST0547,2025-01-01,47,79,2,56,Enterprise
CUST0547,2025-02-01,35,53,1,54,Enterprise
CUST0547,2025-03-01,32,47,0,70,Enterprise
CUST0547,2025-04-01,48,53,2,30,Enterprise
CUST0547,2025-05-01,46,59,0,31,Enterprise
CUST0547,2025-06-01,28,58,1,41,Enterprise
CUST0547,2025-07-01,33,37,1,-16,Enterprise
CUST0547,2025-08-01,41,59,0,10,Enterprise
CUST0547,2025-09-01,45,84,0,34,Enterprise
CUST0547,2025-10-01,39,58,0,29,Enterprise
CUST0547,2025-11-01,31,56,2,47,Enterprise
CUST0547,2025-12-01,30,85,1,79,Enterprise
CUST0548,2025-01-01,6,8,0,10,Starter
CUST0548,2025-02-01,10,4,0,52,Starter
CUST0548,2025-03-01,6,8,1,87,Starter
CUST0548,2025-04-01,7,6,0,8,Starter
CUST0548,2025-05-01,8,7,0,54,Starter
CUST0548,2025-06-01,10,4,0,27,Starter
CUST0548,2025-07-01,8,8,0,57,Starter
CUST0548,2025-08-01,8,7,0,34,Starter
CUST0548,2025-09-01,15,5,1,99,Starter
CUST0548,2025-10-01,11,6,0,56,Starter
CUST0548,2025-11-01,7,6,0,26,Starter
CUST0548,2025-12-01,8,8,0,69,Starter
CUST0549,2024-11-01,24,17,0,25,Growth
CUST0549,2024-12-01,25,15,0,3,Growth
CUST0549,2025-01-01,27,16,0,28,Growth
CUST0549,2025-02-01,10,12,0,-12,Growth
CUST0549,2025-03-01,25,18,0,32,Growth
CUST0549,2025-04-01,25,7,0,13,Growth
CUST0549,2025-05-01,20,10,1,100,Growth
CUST0549,2025-06-01,12,15,0,9,Growth
CUST0549,2025-07-01,7,18,0,22,Growth
CUST0549,2025-08-01,13,11,0,41,Growth
CUST0549,2025-09-01,4,18,0,-43,Growth
CUST0549,2025-10-01,14,11,1,68,Growth
CUST0549,2025-11-01,17,13,1,21,Growth
CUST0549,2025-12-01,14,13,0,46,Growth
CUST0550,2025-03-01,57,90,2,44,Enterprise
CUST0550,2025-04-01,60,45,0,57,Enterprise
CUST0550,2025-05-01,43,77,2,18,Enterprise
CUST0550,2025-06-01,54,61,1,26,Enterprise
CUST0550,2025-07-01,56,82,0,-15,Enterprise
CUST0550,2025-08-01,68,70,0,75,Enterprise
CUST0550,2025-09-01,26,71,1,-24,Enterprise
CUST0550,2025-10-01,24,70,0,-15,Enterprise
CUST0550,2025-11-01,33,50,1,25,Enterprise
CUST0550,2025-12-01,42,43,0,50,Enterprise
CUST0551,2024-10-01,17,9,1,75,Growth
CUST0551,2024-11-01,23,9,0,33,Growth
CUST0551,2024-12-01,18,7,0,45,Growth
CUST0551,2025-01-01,25,7,0,-30,Growth
CUST0551,2025-02-01,19,7,0,55,Growth
CUST0551,2025-03-01,21,9,0,29,Growth
CUST0551,2025-04-01,51,6,0,25,Enterprise
CUST0551,2025-05-01,80,7,1,60,Enterprise
CUST0551,2025-06-01,37,7,0,89,Enterprise
CUST0551,2025-07-01,49,4,0,24,Enterprise
CUST0551,2025-08-01,56,6,1,56,Enterprise
CUST0551,2025-09-01,51,6,1,29,Enterprise
CUST0551,2025-10-01,56,7,1,50,Enterprise
CUST0551,2025-11-01,57,7,0,4,Enterprise
CUST0551,2025-12-01,13,8,1,3,Enterprise
CUST0552,2024-09-01,2,163,1,1,Starter
CUST0552,2024-10-01,6,105,1,90,Starter
CUST0552,2024-11-01,6,190,2,60,Starter
CUST0552,2024-12-01,10,178,1,12,Starter
CUST0552,2025-01-01,1,154,1,-43,Starter
CUST0552,2025-02-01,6,193,0,58,Starter
CUST0552,2025-03-01,13,96,0,18,Growth
CUST0552,2025-04-01,16,144,0,5,Growth
CUST0552,2025-05-01,18,167,0,9,Growth
CUST0552,2025-06-01,14,127,0,52,Growth
CUST0552,2025-07-01,20,183,0,42,Growth
CUST0552,2025-08-01,16,85,0,67,Growth
CUST0552,2025-09-01,17,188,0,98,Growth
CUST0552,2025-10-01,12,98,1,22,Growth
CUST0552,2025-11-01,15,101,0,87,Growth
CUST0552,2025-12-01,24,143,0,38,Growth
CUST0553,2024-09-01,12,58,1,17,Growth
CUST0553,2024-10-01,19,96,1,-11,Growth
CUST0553,2024-11-01,28,85,0,38,Growth
CUST0553,2024-12-01,10,46,0,24,Growth
CUST0553,2025-01-01,26,63,1,38,Growth
CUST0553,2025-02-01,8,41,0,24,Growth
CUST0553,2025-03-01,19,92,0,33,Growth
CUST0553,2025-04-01,17,60,0,46,Growth
CUST0553,2025-05-01,15,72,0,57,Growth
CUST0553,2025-06-01,24,66,0,45,Growth
CUST0553,2025-07-01,24,52,0,83,Growth
CUST0553,2025-08-01,11,65,0,27,Growth
CUST0553,2025-09-01,30,42,0,24,Growth
CUST0553,2025-10-01,7,54,0,25,Growth
CUST0553,2025-11-01,13,83,0,48,Growth
CUST0553,2025-12-01,20,49,1,25,Growth
CUST0554,2024-12-01,8,41,0,61,Starter
CUST0554,2025-01-01,9,34,0,36,Starter
CUST0554,2025-02-01,7,44,0,0,Starter
CUST0554,2025-03-01,4,44,0,-4,Starter
CUST0554,2025-04-01,6,32,0,36,Starter
CUST0554,2025-05-01,7,37,0,23,Starter
CUST0554,2025-06-01,7,39,0,7,Starter
CUST0554,2025-07-01,10,27,1,86,Starter
CUST0554,2025-08-01,11,21,1,59,Starter
CUST0555,2025-03-01,21,4,0,44,Growth
CUST0555,2025-04-01,16,6,0,46,Growth
CUST0555,2025-05-01,23,5,0,58,Growth
CUST0555,2025-06-01,23,8,0,53,Growth
CUST0555,2025-07-01,17,8,0,100,Growth
CUST0555,2025-08-01,23,8,1,98,Growth
CUST0555,2025-09-01,20,8,0,92,Growth
CUST0555,2025-10-01,13,9,0,23,Growth
CUST0555,2025-11-01,14,5,0,63,Growth
CUST0555,2025-12-01,21,7,0,48,Growth
CUST0556,2024-09-01,10,1,0,56,Starter
CUST0556,2024-10-01,10,1,0,24,Starter
CUST0556,2024-11-01,10,1,0,18,Starter
CUST0556,2024-12-01,6,1,0,49,Starter
CUST0556,2025-01-01,4,1,0,37,Starter
CUST0556,2025-02-01,9,1,0,21,Starter
CUST0556,2025-03-01,8,1,0,80,Starter
CUST0556,2025-04-01,7,1,0,24,Starter
CUST0556,2025-05-01,5,1,0,79,Starter
CUST0556,2025-06-01,8,1,1,-1,Starter
CUST0556,2025-07-01,4,1,0,43,Starter
CUST0556,2025-08-01,9,1,0,55,Starter
CUST0556,2025-09-01,2,1,0,-6,Starter
CUST0556,2025-10-01,9,1,1,51,Starter
CUST0556,2025-11-01,6,1,0,13,Starter
CUST0556,2025-12-01,6,1,0,64,Starter
CUST0557,2025-06-01,47,19,0,70,Enterprise
CUST0557,2025-07-01,67,25,0,58,Enterprise
CUST0557,2025-08-01,71,28,0,56,Enterprise
CUST0557,2025-09-01,66,36,0,19,Enterprise
CUST0557,2025-10-01,33,35,0,42,Enterprise
CUST0557,2025-11-01,32,46,1,44,Enterprise
CUST0557,2025-12-01,30,44,3,29,Enterprise
CUST0558,2024-08-01,20,1,0,62,Growth
CUST0558,2024-09-01,20,1,0,15,Growth
CUST0558,2024-10-01,17,1,0,26,Growth
CUST0558,2024-11-01,21,1,0,38,Growth
CUST0558,2024-12-01,19,1,1,25,Growth
CUST0558,2025-01-01,11,1,1,17,Growth
CUST0558,2025-02-01,24,1,0,30,Growth
CUST0558,2025-03-01,23,1,0,5,Growth
CUST0558,2025-04-01,21,1,0,36,Growth
CUST0558,2025-05-01,17,1,0,30,Growth
CUST0558,2025-06-01,19,1,0,55,Growth
CUST0558,2025-07-01,13,1,1,56,Growth
CUST0558,2025-08-01,19,1,0,60,Growth
CUST0558,2025-09-01,20,1,1,47,Growth
CUST0558,2025-10-01,25,1,0,7,Growth
CUST0558,2025-11-01,16,1,0,44,Growth
CUST0558,2025-12-01,19,1,1,32,Growth
CUST0559,2025-08-01,18,1,0,39,Growth
CUST0559,2025-09-01,19,1,1,23,Growth
CUST0559,2025-10-01,16,1,0,30,Growth
CUST0559,2025-11-01,22,1,0,31,Growth
CUST0559,2025-12-01,2,1,0,-11,Growth
CUST0560,2024-04-01,16,1,0,2,Growth
CUST0560,2024-05-01,24,1,0,91,Growth
CUST0560,2024-06-01,26,1,1,39,Growth
CUST0560,2024-07-01,35,1,0,6,Growth
CUST0560,2024-08-01,15,1,0,52,Growth
CUST0560,2024-09-01,19,1,0,43,Growth
CUST0560,2024-10-01,46,1,0,-2,Enterprise
CUST0560,2024-11-01,47,1,1,56,Enterprise
CUST0560,2024-12-01,70,1,0,49,Enterprise
CUST0560,2025-01-01,28,1,0,15,Enterprise
CUST0560,2025-02-01,24,1,3,-25,Enterprise
CUST0560,2025-03-01,47,1,0,25,Enterprise
CUST0560,2025-04-01,68,1,0,25,Enterprise
CUST0560,2025-05-01,57,1,2,28,Enterprise
CUST0560,2025-06-01,34,1,1,29,Enterprise
CUST0560,2025-07-01,48,1,0,36,Enterprise
CUST0560,2025-08-01,56,1,0,9,Enterprise
CUST0560,2025-09-01,54,1,1,50,Enterprise
CUST0560,2025-10-01,32,1,0,43,Enterprise
CUST0560,2025-11-01,39,1,1,44,Enterprise
CUST0560,2025-12-01,65,1,0,29,Enterprise
CUST0561,2024-07-01,66,31,1,81,Enterprise
CUST0561,2024-08-01,52,41,1,49,Enterprise
CUST0561,2024-09-01,41,29,1,22,Enterprise
CUST0561,2024-10-01,26,38,0,-8,Enterprise
CUST0561,2024-11-01,36,24,1,50,Enterprise
CUST0561,2024-12-01,43,32,1,0,Enterprise
CUST0561,2025-01-01,20,35,1,9,Enterprise
CUST0561,2025-02-01,67,18,1,53,Enterprise
CUST0561,2025-03-01,42,38,2,41,Enterprise
CUST0561,2025-04-01,33,22,0,38,Enterprise
CUST0561,2025-05-01,46,33,0,10,Enterprise
CUST0561,2025-06-01,52,26,3,83,Enterprise
CUST0561,2025-07-01,40,30,0,12,Enterprise
CUST0561,2025-08-01,39,30,0,-2,Enterprise
CUST0561,2025-09-01,64,39,0,67,Enterprise
CUST0561,2025-10-01,64,47,0,17,Enterprise
CUST0561,2025-11-01,36,26,0,27,Enterprise
CUST0561,2025-12-01,57,23,0,30,Enterprise
CUST0562,2024-02-01,10,104,1,59,Starter
CUST0562,2024-03-01,8,136,0,38,Starter
CUST0562,2024-04-01,7,169,1,53,Starter
CUST0562,2024-05-01,4,106,0,0,Starter
CUST0562,2024-06-01,9,75,0,87,Starter
CUST0562,2024-07-01,7,168,0,77,Starter
CUST0562,2024-08-01,11,107,0,24,Starter
CUST0562,2024-09-01,8,110,0,9,Starter
CUST0562,2024-10-01,16,161,0,34,Starter
CUST0562,2024-11-01,10,138,0,59,Starter
CUST0562,2024-12-01,6,115,0,19,Starter
CUST0562,2025-01-01,8,138,0,71,Starter
CUST0562,2025-02-01,6,154,0,76,Starter
CUST0562,2025-03-01,9,164,0,14,Starter
CUST0562,2025-04-01,4,97,0,21,Starter
CUST0562,2025-05-01,6,140,0,76,Starter
CUST0562,2025-06-01,9,117,0,43,Starter
CUST0562,2025-07-01,6,117,0,86,Starter
CUST0562,2025-08-01,4,143,0,10,Starter
CUST0562,2025-09-01,7,180,2,45,Starter
CUST0562,2025-10-01,3,103,0,-29,Starter
CUST0562,2025-11-01,5,106,1,55,Starter
CUST0562,2025-12-01,10,90,0,18,Starter
CUST0563,2024-03-01,26,4,0,48,Growth
CUST0563,2024-04-01,17,2,0,68,Growth
CUST0563,2024-05-01,14,2,0,9,Growth
CUST0563,2024-06-01,14,3,0,26,Growth
CUST0563,2024-07-01,27,4,0,95,Growth
CUST0563,2024-08-01,27,4,0,40,Growth
CUST0563,2024-09-01,16,2,0,-6,Enterprise
CUST0563,2024-10-01,73,3,1,76,Enterprise
CUST0563,2024-11-01,50,4,0,5,Enterprise
CUST0563,2024-12-01,17,3,0,-7,Enterprise
CUST0563,2025-01-01,50,4,1,32,Enterprise
CUST0563,2025-02-01,42,4,0,34,Enterprise
CUST0563,2025-03-01,46,4,0,47,Enterprise
CUST0563,2025-04-01,74,4,0,30,Enterprise
CUST0563,2025-05-01,42,4,1,39,Enterprise
CUST0563,2025-06-01,27,3,0,36,Enterprise
CUST0563,2025-07-01,52,4,1,13,Enterprise
CUST0563,2025-08-01,49,2,1,3,Enterprise
CUST0563,2025-09-01,50,3,0,42,Enterprise
CUST0563,2025-10-01,29,4,2,33,Enterprise
CUST0563,2025-11-01,58,4,0,17,Enterprise
CUST0563,2025-12-01,31,3,0,36,Enterprise
CUST0564,2025-01-01,8,115,0,71,Starter
CUST0564,2025-02-01,9,79,1,52,Starter
CUST0564,2025-03-01,12,117,0,31,Starter
CUST0564,2025-04-01,8,135,0,18,Starter
CUST0564,2025-05-01,4,115,0,26,Starter
CUST0564,2025-06-01,6,150,0,24,Starter
CUST0564,2025-07-01,9,173,2,33,Starter
CUST0564,2025-08-01,9,124,0,57,Starter
CUST0564,2025-09-01,8,105,0,-10,Starter
CUST0564,2025-10-01,8,192,0,81,Starter
CUST0564,2025-11-01,7,131,0,94,Starter
CUST0564,2025-12-01,10,192,0,16,Starter
CUST0565,2024-10-01,8,1,0,58,Starter
CUST0565,2024-11-01,5,1,0,37,Starter
CUST0565,2024-12-01,7,1,0,20,Starter
CUST0565,2025-01-01,6,1,1,15,Starter
CUST0565,2025-02-01,7,1,0,37,Starter
CUST0565,2025-03-01,7,1,0,39,Starter
CUST0565,2025-04-01,6,1,0,66,Starter
CUST0565,2025-05-01,9,1,0,43,Starter
CUST0565,2025-06-01,6,1,0,53,Starter
CUST0565,2025-07-01,10,1,1,21,Starter
CUST0565,2025-08-01,8,1,0,9,Starter
CUST0565,2025-09-01,8,1,0,30,Starter
CUST0565,2025-10-01,6,1,1,52,Starter
CUST0565,2025-11-01,9,1,0,49,Starter
CUST0565,2025-12-01,8,1,0,36,Starter
CUST0566,2025-02-01,7,1,0,38,Starter
CUST0566,2025-03-01,8,1,0,25,Starter
CUST0566,2025-04-01,7,1,2,81,Starter
CUST0566,2025-05-01,8,1,1,48,Starter
CUST0566,2025-06-01,8,1,0,40,Starter
CUST0566,2025-07-01,8,1,0,53,Starter
CUST0566,2025-08-01,4,1,1,32,Starter
CUST0566,2025-09-01,6,1,1,-10,Starter
CUST0567,2024-08-01,5,129,0,71,Starter
CUST0567,2024-09-01,6,183,0,42,Starter
CUST0567,2024-10-01,9,180,0,19,Starter
CUST0567,2024-11-01,4,111,0,4,Starter
CUST0567,2024-12-01,10,190,0,43,Starter
CUST0567,2025-01-01,4,194,0,28,Starter
CUST0567,2025-02-01,5,136,0,48,Starter
CUST0567,2025-03-01,7,184,0,28,Starter
CUST0567,2025-04-01,7,93,0,36,Starter
CUST0567,2025-05-01,7,129,1,80,Starter
CUST0567,2025-06-01,9,118,0,63,Starter
CUST0567,2025-07-01,10,125,0,45,Starter
CUST0567,2025-08-01,9,152,1,54,Starter
CUST0567,2025-09-01,8,118,0,6,Starter
CUST0567,2025-10-01,9,141,0,85,Starter
CUST0567,2025-11-01,11,125,0,20,Starter
CUST0567,2025-12-01,4,134,0,27,Starter
CUST0568,2024-03-01,10,53,0,48,Starter
CUST0568,2024-04-01,7,78,1,38,Starter
CUST0568,2024-05-01,8,65,0,17,Starter
CUST0568,2024-06-01,11,69,1,43,Starter
CUST0568,2024-07-01,16,85,0,53,Starter
CUST0568,2024-08-01,6,62,1,21,Starter
CUST0568,2024-09-01,8,81,0,6,Starter
CUST0568,2024-10-01,10,94,0,26,Starter
CUST0568,2024-11-01,12,93,0,46,Starter
CUST0568,2024-12-01,6,48,2,58,Starter
CUST0568,2025-01-01,8,88,0,26,Starter
CUST0568,2025-02-01,6,68,0,37,Starter
CUST0568,2025-03-01,6,87,0,60,Starter
CUST0568,2025-04-01,6,49,0,46,Starter
CUST0568,2025-05-01,0,68,0,-55,Starter
CUST0568,2025-06-01,14,50,3,45,Starter
CUST0568,2025-07-01,4,86,0,-52,Starter
CUST0568,2025-08-01,7,50,0,60,Starter
CUST0568,2025-09-01,3,52,0,13,Starter
CUST0568,2025-10-01,10,81,0,87,Starter
CUST0568,2025-11-01,8,86,0,53,Starter
CUST0568,2025-12-01,9,54,0,5,Starter
CUST0569,2024-08-01,14,1,0,48,Starter
CUST0569,2024-09-01,7,1,0,71,Starter
CUST0570,2025-05-01,14,142,1,30,Growth
CUST0570,2025-06-01,24,104,0,35,Growth
CUST0570,2025-07-01,15,117,0,32,Growth
CUST0571,2024-06-01,27,48,1,100,Growth
CUST0571,2024-07-01,20,43,1,39,Growth
CUST0571,2024-08-01,16,45,0,49,Growth
CUST0571,2024-09-01,25,20,2,42,Growth
CUST0571,2024-10-01,13,41,0,40,Growth
CUST0571,2024-11-01,12,28,0,30,Growth
CUST0571,2024-12-01,22,35,0,55,Growth
CUST0571,2025-01-01,33,28,0,53,Growth
CUST0571,2025-02-01,18,43,0,59,Growth
CUST0571,2025-03-01,30,40,0,20,Growth
CUST0571,2025-04-01,31,43,1,54,Growth
CUST0572,2024-10-01,5,1,0,55,Starter
CUST0572,2024-11-01,9,1,0,42,Starter
CUST0572,2024-12-01,8,1,0,-19,Starter
CUST0572,2025-01-01,4,1,0,33,Starter
CUST0572,2025-02-01,12,1,0,67,Starter
CUST0572,2025-03-01,6,1,1,37,Starter
CUST0572,2025-04-01,4,1,0,34,Starter
CUST0572,2025-05-01,12,1,0,33,Starter
CUST0572,2025-06-01,5,1,0,48,Starter
CUST0572,2025-07-01,5,1,0,11,Starter
CUST0572,2025-08-01,4,1,0,41,Starter
CUST0572,2025-09-01,7,1,0,50,Starter
CUST0572,2025-10-01,9,1,0,39,Starter
CUST0572,2025-11-01,9,1,0,40,Starter
CUST0572,2025-12-01,6,1,0,5,Starter
CUST0573,2024-12-01,29,3,0,15,Growth
CUST0573,2025-01-01,21,2,0,17,Growth
CUST0573,2025-02-01,16,3,0,58,Growth
CUST0573,2025-03-01,9,4,0,-61,Growth
CUST0573,2025-04-01,12,4,0,20,Growth
CUST0573,2025-05-01,13,3,0,19,Growth
CUST0573,2025-06-01,26,4,0,-12,Enterprise
CUST0574,2024-06-01,21,2,0,45,Growth
CUST0574,2024-07-01,19,4,0,46,Growth
CUST0574,2024-08-01,27,2,0,12,Growth
CUST0574,2024-09-01,23,3,1,31,Growth
CUST0574,2024-10-01,16,3,0,-8,Growth
CUST0574,2024-11-01,20,3,0,39,Growth
CUST0574,2024-12-01,22,4,0,0,Growth
CUST0574,2025-01-01,19,3,0,19,Growth
CUST0574,2025-02-01,19,1,0,30,Growth
CUST0574,2025-03-01,11,4,1,-4,Growth
CUST0574,2025-04-01,14,3,0,17,Growth
CUST0574,2025-05-01,17,4,0,48,Growth
CUST0574,2025-06-01,19,3,0,12,Growth
CUST0574,2025-07-01,32,4,0,53,Growth
CUST0574,2025-08-01,30,1,0,38,Growth
CUST0574,2025-09-01,18,2,1,29,Growth
CUST0574,2025-10-01,39,2,0,70,Growth
CUST0574,2025-11-01,24,2,0,49,Growth
CUST0574,2025-12-01,31,2,0,-46,Growth
CUST0575,2025-03-01,9,1,0,19,Starter
CUST0575,2025-04-01,5,1,0,59,Starter
CUST0575,2025-05-01,9,1,0,49,Starter
CUST0576,2024-08-01,10,55,0,64,Starter
CUST0576,2024-09-01,3,97,0,4,Starter
CUST0576,2024-10-01,9,69,0,73,Starter
CUST0576,2024-11-01,9,65,0,59,Starter
CUST0576,2024-12-01,4,91,0,-27,Starter
CUST0576,2025-01-01,8,62,0,27,Starter
CUST0576,2025-02-01,9,72,0,22,Starter
CUST0576,2025-03-01,6,57,0,58,Starter
CUST0576,2025-04-01,7,50,0,11,Starter
CUST0576,2025-05-01,5,97,0,36,Starter
CUST0576,2025-06-01,9,49,0,37,Starter
CUST0576,2025-07-01,9,52,0,32,Starter
CUST0576,2025-08-01,11,68,0,35,Starter
CUST0576,2025-09-01,6,67,1,31,Starter
CUST0576,2025-10-01,8,41,0,58,Starter
CUST0576,2025-11-01,10,45,0,60,Starter
CUST0576,2025-12-01,9,82,0,77,Starter
CUST0577,2025-03-01,9,10,0,13,Starter
CUST0577,2025-04-01,5,19,1,50,Starter
CUST0577,2025-05-01,6,10,0,54,Starter
CUST0577,2025-06-01,1,8,0,14,Starter
CUST0577,2025-07-01,8,13,0,43,Starter
CUST0577,2025-08-01,8,9,0,13,Starter
CUST0577,2025-09-01,4,12,1,25,Starter
CUST0577,2025-10-01,7,13,1,-6,Starter
CUST0577,2025-11-01,6,12,0,17,Starter
CUST0577,2025-12-01,9,17,0,38,Starter
CUST0578,2025-03-01,8,1,0,60,Starter
CUST0578,2025-04-01,11,1,0,57,Starter
CUST0578,2025-05-01,8,1,0,15,Starter
CUST0578,2025-06-01,11,1,0,11,Starter
CUST0578,2025-07-01,10,1,1,33,Starter
CUST0578,2025-08-01,12,1,0,51,Starter
CUST0578,2025-09-01,6,1,0,63,Starter
CUST0578,2025-10-01,8,1,0,57,Starter
CUST0578,2025-11-01,7,1,1,27,Starter
CUST0578,2025-12-01,8,1,1,-9,Starter
CUST0579,2024-05-01,8,1,0,64,Starter
CUST0579,2024-06-01,10,1,0,18,Starter
CUST0579,2024-07-01,7,1,1,47,Starter
CUST0579,2024-08-01,4,1,1,1,Starter
CUST0579,2024-09-01,11,1,0,50,Starter
CUST0579,2024-10-01,5,1,0,45,Starter
CUST0579,2024-11-01,5,1,0,20,Starter
CUST0579,2024-12-01,9,1,1,25,Starter
CUST0579,2025-01-01,6,1,1,32,Starter
CUST0579,2025-02-01,6,1,1,18,Starter
CUST0579,2025-03-01,8,1,0,25,Starter
CUST0579,2025-04-01,4,1,1,1,Starter
CUST0579,2025-05-01,6,1,2,73,Starter
CUST0579,2025-06-01,5,1,0,19,Starter
CUST0579,2025-07-01,5,1,0,71,Starter
CUST0579,2025-08-01,9,1,1,100,Starter
CUST0579,2025-09-01,4,1,0,4,Starter
CUST0579,2025-10-01,6,1,1,68,Starter
CUST0579,2025-11-01,5,1,0,47,Starter
CUST0579,2025-12-01,10,1,0,5,Starter
CUST0580,2025-01-01,12,1,0,-13,Growth
CUST0580,2025-02-01,17,1,0,37,Growth
CUST0580,2025-03-01,14,1,0,33,Growth
CUST0581,2024-03-01,10,5,0,64,Starter
CUST0581,2024-04-01,9,8,0,20,Starter
CUST0581,2024-05-01,9,6,0,31,Starter
CUST0581,2024-06-01,4,9,0,-7,Starter
CUST0581,2024-07-01,9,4,0,52,Starter
CUST0581,2024-08-01,2,9,0,5,Starter
CUST0581,2024-09-01,8,3,0,36,Starter
CUST0581,2024-10-01,13,4,0,18,Starter
CUST0581,2024-11-01,8,7,1,15,Starter
CUST0581,2024-12-01,9,8,1,25,Starter
CUST0581,2025-01-01,3,5,0,0,Starter
CUST0581,2025-02-01,8,5,0,26,Starter
CUST0581,2025-03-01,8,7,1,79,Starter
CUST0581,2025-04-01,6,7,0,51,Starter
CUST0581,2025-05-01,6,9,1,57,Starter
CUST0581,2025-06-01,8,7,1,27,Starter
CUST0581,2025-07-01,9,3,0,33,Starter
CUST0581,2025-08-01,7,9,0,3,Starter
CUST0581,2025-09-01,6,4,0,24,Starter
CUST0581,2025-10-01,14,6,0,19,Starter
CUST0581,2025-11-01,7,8,0,19,Starter
CUST0581,2025-12-01,7,8,0,42,Starter
CUST0582,2024-04-01,5,46,1,39,Starter
CUST0582,2024-05-01,4,25,2,1,Starter
CUST0582,2024-06-01,3,35,2,30,Starter
CUST0582,2024-07-01,6,24,1,19,Starter
CUST0582,2024-08-01,8,30,0,65,Starter
CUST0582,2024-09-01,9,36,0,41,Starter
CUST0582,2024-10-01,8,23,2,58,Starter
CUST0582,2024-11-01,3,29,0,29,Starter
CUST0582,2024-12-01,8,37,0,16,Starter
CUST0582,2025-01-01,10,26,0,78,Starter
CUST0582,2025-02-01,8,26,1,50,Starter
CUST0582,2025-03-01,7,33,0,47,Starter
CUST0582,2025-04-01,9,34,1,-9,Starter
CUST0582,2025-05-01,11,37,0,49,Starter
CUST0582,2025-06-01,7,22,0,37,Starter
CUST0582,2025-07-01,7,30,0,95,Starter
CUST0582,2025-08-01,11,41,1,56,Starter
CUST0582,2025-09-01,11,23,0,50,Starter
CUST0582,2025-10-01,12,36,0,72,Starter
CUST0582,2025-11-01,9,45,0,85,Starter
CUST0582,2025-12-01,10,33,0,42,Starter
CUST0583,2024-10-01,27,36,2,37,Growth
CUST0583,2024-11-01,17,46,0,55,Growth
CUST0583,2024-12-01,39,26,1,25,Growth
CUST0583,2025-01-01,10,40,0,-6,Growth
CUST0583,2025-02-01,16,21,0,22,Growth
CUST0583,2025-03-01,13,37,1,47,Growth
CUST0583,2025-04-01,81,30,1,21,Enterprise
CUST0583,2025-05-01,28,31,0,62,Enterprise
CUST0583,2025-06-01,49,36,0,56,Enterprise
CUST0583,2025-07-01,57,29,1,22,Enterprise
CUST0583,2025-08-01,24,21,1,8,Enterprise
CUST0583,2025-09-01,24,44,0,28,Enterprise
CUST0583,2025-10-01,62,37,1,33,Enterprise
CUST0583,2025-11-01,49,28,0,47,Enterprise
CUST0583,2025-12-01,36,22,0,46,Enterprise
CUST0584,2025-06-01,21,166,1,39,Growth
CUST0584,2025-07-01,27,193,0,52,Growth
CUST0584,2025-08-01,27,144,0,42,Growth
CUST0584,2025-09-01,20,96,0,62,Growth
CUST0584,2025-10-01,13,132,1,15,Growth
CUST0584,2025-11-01,20,168,1,12,Growth
CUST0584,2025-12-01,15,172,1,23,Growth
CUST0585,2024-12-01,16,8,0,-10,Growth
CUST0585,2025-01-01,25,12,0,71,Growth
CUST0585,2025-02-01,29,10,2,53,Growth
CUST0585,2025-03-01,18,10,1,27,Growth
CUST0585,2025-04-01,17,17,0,32,Growth
CUST0585,2025-05-01,15,15,0,42,Growth
CUST0585,2025-06-01,27,12,0,51,Growth
CUST0585,2025-07-01,25,18,1,95,Growth
CUST0585,2025-08-01,23,9,0,42,Growth
CUST0585,2025-09-01,27,14,0,25,Growth
CUST0585,2025-10-01,23,14,0,41,Growth
CUST0586,2024-06-01,26,94,0,-5,Growth
CUST0586,2024-07-01,27,60,1,82,Growth
CUST0586,2024-08-01,11,81,0,0,Growth
CUST0586,2024-09-01,9,85,0,9,Growth
CUST0586,2024-10-01,17,97,0,53,Growth
CUST0586,2024-11-01,14,67,1,60,Growth
CUST0586,2024-12-01,12,73,1,12,Growth
CUST0586,2025-01-01,15,95,0,20,Growth
CUST0586,2025-02-01,12,83,0,27,Growth
CUST0586,2025-03-01,11,40,0,-33,Growth
CUST0586,2025-04-01,12,58,0,39,Growth
CUST0586,2025-05-01,16,62,0,31,Growth
CUST0586,2025-06-01,25,58,1,59,Growth
CUST0586,2025-07-01,27,43,2,30,Growth
CUST0586,2025-08-01,29,78,0,13,Growth
CUST0586,2025-09-01,20,69,0,89,Growth
CUST0586,2025-10-01,16,90,0,33,Growth
CUST0586,2025-11-01,26,88,0,49,Growth
CUST0586,2025-12-01,26,68,0,12,Growth
CUST0587,2024-02-01,6,168,1,7,Starter
CUST0587,2024-03-01,5,152,0,42,Starter
CUST0587,2024-04-01,8,139,1,45,Starter
CUST0587,2024-05-01,8,185,0,16,Starter
CUST0587,2024-06-01,14,133,0,27,Starter
CUST0587,2024-07-01,10,130,0,59,Starter
CUST0587,2024-08-01,4,89,0,-4,Starter
CUST0587,2024-09-01,8,90,1,7,Starter
CUST0587,2024-10-01,4,187,0,55,Starter
CUST0587,2024-11-01,12,169,1,87,Starter
CUST0587,2024-12-01,6,191,1,51,Starter
CUST0587,2025-01-01,4,181,0,-8,Starter
CUST0588,2025-01-01,22,77,0,6,Growth
CUST0588,2025-02-01,28,72,0,11,Growth
CUST0588,2025-03-01,21,61,0,62,Growth
CUST0588,2025-04-01,27,92,0,66,Growth
CUST0588,2025-05-01,15,67,0,25,Growth
CUST0588,2025-06-01,22,48,1,23,Growth
CUST0588,2025-07-01,26,89,0,52,Growth
CUST0588,2025-08-01,25,72,0,65,Growth
CUST0588,2025-09-01,27,56,0,91,Growth
CUST0588,2025-10-01,32,59,0,57,Growth
CUST0588,2025-11-01,14,53,0,54,Growth
CUST0588,2025-12-01,21,73,2,-10,Growth
CUST0589,2024-10-01,10,3,1,47,Starter
CUST0589,2024-11-01,11,3,0,16,Starter
CUST0589,2024-12-01,4,4,0,8,Starter
CUST0589,2025-01-01,9,2,0,36,Starter
CUST0589,2025-02-01,10,3,1,25,Starter
CUST0589,2025-03-01,10,3,0,36,Starter
CUST0589,2025-04-01,7,2,0,75,Starter
CUST0589,2025-05-01,11,3,0,36,Starter
CUST0589,2025-06-01,9,2,0,60,Starter
CUST0589,2025-07-01,6,3,0,0,Starter
CUST0589,2025-08-01,11,2,0,32,Starter
CUST0589,2025-09-01,8,3,2,37,Starter
CUST0589,2025-10-01,4,3,2,11,Starter
CUST0589,2025-11-01,12,2,0,40,Starter
CUST0590,2024-10-01,10,5,0,0,Starter
CUST0590,2024-11-01,9,7,0,40,Starter
CUST0590,2024-12-01,5,7,0,97,Starter
CUST0590,2025-01-01,4,6,0,0,Starter
CUST0590,2025-02-01,7,7,0,74,Starter
CUST0590,2025-03-01,7,5,0,43,Starter
CUST0590,2025-04-01,7,7,1,55,Starter
CUST0590,2025-05-01,9,5,0,-12,Starter
CUST0591,2024-12-01,25,178,0,50,Growth
CUST0591,2025-01-01,12,80,0,-5,Growth
CUST0591,2025-02-01,26,186,3,70,Growth
CUST0591,2025-03-01,21,134,0,79,Growth
CUST0591,2025-04-01,27,165,0,60,Growth
CUST0591,2025-05-01,28,132,0,43,Growth
CUST0591,2025-06-01,45,148,0,-2,Enterprise
CUST0591,2025-07-01,52,119,0,40,Enterprise
CUST0591,2025-08-01,69,131,0,0,Enterprise
CUST0591,2025-09-01,49,106,1,36,Enterprise
CUST0591,2025-10-01,38,151,3,21,Enterprise
CUST0591,2025-11-01,38,150,0,12,Enterprise
CUST0591,2025-12-01,56,113,0,27,Enterprise
CUST0592,2025-03-01,9,148,0,22,Starter
CUST0592,2025-04-01,8,96,0,7,Starter
CUST0592,2025-05-01,4,174,0,14,Starter
CUST0592,2025-06-01,5,157,0,74,Starter
CUST0592,2025-07-01,9,116,0,54,Starter
CUST0592,2025-08-01,12,158,0,-1,Starter
CUST0592,2025-09-01,15,83,0,11,Growth
CUST0592,2025-10-01,22,111,0,65,Growth
CUST0592,2025-11-01,21,169,1,59,Growth
CUST0592,2025-12-01,22,175,0,-4,Growth
CUST0593,2024-09-01,20,180,1,29,Growth
CUST0593,2024-10-01,14,125,2,27,Growth
CUST0593,2024-11-01,21,124,0,49,Growth
CUST0593,2024-12-01,21,115,0,6,Growth
CUST0593,2025-01-01,28,193,1,0,Growth
CUST0593,2025-02-01,20,136,0,42,Growth
CUST0593,2025-03-01,20,78,1,30,Growth
CUST0593,2025-04-01,14,181,0,60,Growth
CUST0593,2025-05-01,18,86,0,68,Growth
CUST0593,2025-06-01,31,106,0,56,Growth
CUST0593,2025-07-01,31,157,0,35,Growth
CUST0593,2025-08-01,28,193,0,11,Growth
CUST0593,2025-09-01,16,141,0,53,Growth
CUST0593,2025-10-01,22,100,0,31,Growth
CUST0593,2025-11-01,26,127,0,3,Growth
CUST0593,2025-12-01,17,154,0,23,Growth
CUST0594,2025-07-01,61,6,0,40,Enterprise
CUST0594,2025-08-01,56,4,0,-12,Enterprise
CUST0594,2025-09-01,50,9,0,23,Enterprise
CUST0594,2025-10-01,61,5,2,18,Enterprise
CUST0594,2025-11-01,48,4,1,28,Enterprise
CUST0594,2025-12-01,49,9,1,86,Enterprise
CUST0595,2024-06-01,13,94,1,43,Starter
CUST0595,2024-07-01,8,38,0,81,Starter
CUST0595,2024-08-01,3,79,0,16,Starter
CUST0595,2024-09-01,8,75,2,40,Starter
CUST0595,2024-10-01,6,83,1,93,Starter
CUST0595,2024-11-01,9,79,0,67,Starter
CUST0595,2024-12-01,8,56,0,37,Starter
CUST0596,2024-02-01,10,10,0,-56,Growth
CUST0596,2024-03-01,15,12,0,47,Growth
CUST0596,2024-04-01,23,9,0,36,Growth
CUST0596,2024-05-01,12,13,1,3,Growth
CUST0596,2024-06-01,16,11,1,35,Growth
CUST0596,2024-07-01,26,16,0,37,Growth
CUST0596,2024-08-01,26,17,0,19,Growth
CUST0596,2024-09-01,31,7,0,10,Growth
CUST0596,2024-10-01,21,9,0,21,Growth
CUST0596,2024-11-01,6,13,0,18,Growth
CUST0596,2024-12-01,17,9,0,51,Growth
CUST0596,2025-01-01,19,8,1,-1,Growth
CUST0596,2025-02-01,14,11,1,77,Growth
CUST0596,2025-03-01,16,17,0,35,Growth
CUST0596,2025-04-01,33,9,0,36,Growth
CUST0596,2025-05-01,17,10,0,79,Growth
CUST0596,2025-06-01,23,14,0,40,Growth
CUST0596,2025-07-01,8,11,0,-14,Growth
CUST0596,2025-08-01,7,7,0,-12,Growth
CUST0596,2025-09-01,18,19,1,37,Growth
CUST0596,2025-10-01,23,16,0,34,Growth
CUST0596,2025-11-01,12,7,0,68,Growth
CUST0596,2025-12-01,23,8,0,79,Growth
CUST0597,2025-05-01,27,1,0,-3,Growth
CUST0597,2025-06-01,13,1,0,56,Growth
CUST0597,2025-07-01,17,1,0,51,Growth
CUST0597,2025-08-01,27,1,0,-4,Growth
CUST0597,2025-09-01,22,1,0,27,Growth
CUST0597,2025-10-01,25,1,1,36,Growth
CUST0597,2025-11-01,20,1,1,22,Growth
CUST0597,2025-12-01,18,1,0,-11,Growth
CUST0598,2024-04-01,76,18,0,69,Enterprise
CUST0598,2024-05-01,69,11,0,38,Enterprise
CUST0598,2024-06-01,39,13,1,32,Enterprise
CUST0598,2024-07-01,17,10,0,1,Enterprise
CUST0598,2024-08-01,33,7,0,23,Enterprise
CUST0598,2024-09-01,56,8,2,43,Enterprise
CUST0598,2024-10-01,35,13,0,-1,Enterprise
CUST0598,2024-11-01,76,10,0,58,Enterprise
CUST0598,2024-12-01,42,8,1,26,Enterprise
CUST0598,2025-01-01,43,14,0,52,Enterprise
CUST0598,2025-02-01,76,12,1,14,Enterprise
CUST0598,2025-03-01,46,12,1,48,Enterprise
CUST0598,2025-04-01,48,9,2,33,Enterprise
CUST0598,2025-05-01,66,14,0,52,Enterprise
CUST0598,2025-06-01,34,7,1,23,Enterprise
CUST0598,2025-07-01,27,14,0,0,Enterprise
CUST0598,2025-08-01,60,14,0,38,Enterprise
CUST0598,2025-09-01,35,14,0,39,Enterprise
CUST0598,2025-10-01,30,17,1,65,Enterprise
CUST0598,2025-11-01,20,13,1,39,Enterprise
CUST0598,2025-12-01,34,16,2,23,Enterprise
CUST0599,2024-10-01,14,13,0,6,Starter
CUST0599,2024-11-01,12,9,0,36,Starter
CUST0599,2024-12-01,5,10,0,55,Starter
CUST0599,2025-01-01,10,8,0,78,Starter
CUST0599,2025-02-01,10,13,0,11,Starter
CUST0599,2025-03-01,12,10,0,36,Starter
CUST0599,2025-04-01,31,11,1,-9,Growth
CUST0599,2025-05-01,12,14,0,35,Growth
CUST0599,2025-06-01,24,12,0,41,Growth
CUST0599,2025-07-01,18,10,0,11,Growth
CUST0599,2025-08-01,17,13,0,5,Growth
CUST0599,2025-09-01,24,10,1,29,Growth
CUST0599,2025-10-01,22,10,0,37,Growth
CUST0599,2025-11-01,15,13,0,65,Growth
CUST0599,2025-12-01,20,17,1,83,Growth
CUST0600,2025-06-01,5,125,0,15,Starter
CUST0600,2025-07-01,10,80,0,38,Starter
CUST0600,2025-08-01,8,128,1,42,Starter
CUST0600,2025-09-01,5,85,0,28,Starter
CUST0600,2025-10-01,10,156,0,42,Starter
CUST0600,2025-11-01,3,83,0,-28,Starter
CUST0600,2025-12-01,8,154,0,85,Starter
